source_engine,report_type,date,snapshot_date,query_key,query_raw,page_key,page_raw,domain,cited_pages,citations,citation_share,intent,topic,note,source_file
bing_wmt_ai,page_stats,,2026-09-03,,,https://www.bookconv.com/blog/best-ebook-reader-apps,https://www.bookconv.com/blog/best-ebook-reader-apps,www.bookconv.com,,256,,,,archive_dup,E:\一人公司\电子书格式转换站\ebook-converter\数据分析\bing_archive\www.bookconv.com_AIPageStatsReport_2026_9_3.csv
bing_wmt_ai,page_stats,,2026-09-03,,,https://www.bookconv.com/blog/sync-reading-across-devices,https://www.bookconv.com/blog/sync-reading-across-devices,www.bookconv.com,,233,,,,archive_dup,E:\一人公司\电子书格式转换站\ebook-converter\数据分析\bing_archive\www.bookconv.com_AIPageStatsReport_2026_9_3.csv
bing_wmt_ai,page_stats,,2026-09-03,,,https://www.bookconv.com/guide/djvu-to-pdf,https://www.bookconv.com/guide/djvu-to-pdf,www.bookconv.com,,194,,,,archive_dup,E:\一人公司\电子书格式转换站\ebook-converter\数据分析\bing_archive\www.bookconv.com_AIPageStatsReport_2026_9_3.csv
bing_wmt_ai,page_stats,,2026-09-03,,,https://www.bookconv.com/guide/mobi-to-epub-keep-formatting,https://www.bookconv.com/guide/mobi-to-epub-keep-formatting,www.bookconv.com,,99,,,,archive_dup,E:\一人公司\电子书格式转换站\ebook-converter\数据分析\bing_archive\www.bookconv.com_AIPageStatsReport_2026_9_3.csv
bing_wmt_ai,page_stats,,2026-09-03,,,https://www.bookconv.com/,https://www.bookconv.com/,www.bookconv.com,,63,,,,archive_dup,E:\一人公司\电子书格式转换站\ebook-converter\数据分析\bing_archive\www.bookconv.com_AIPageStatsReport_2026_9_3.csv
bing_wmt_ai,page_stats,,2026-09-03,,,https://www.bookconv.com/blog/why-ebook-wont-open-kindle,https://www.bookconv.com/blog/why-ebook-wont-open-kindle,www.bookconv.com,,52,,,,archive_dup,E:\一人公司\电子书格式转换站\ebook-converter\数据分析\bing_archive\www.bookconv.com_AIPageStatsReport_2026_9_3.csv
bing_wmt_ai,page_stats,,2026-09-03,,,https://www.bookconv.com/blog/djvu-to-pdf,https://www.bookconv.com/blog/djvu-to-pdf,www.bookconv.com,,51,,,,archive_dup,E:\一人公司\电子书格式转换站\ebook-converter\数据分析\bing_archive\www.bookconv.com_AIPageStatsReport_2026_9_3.csv
bing_wmt_ai,page_stats,,2026-09-03,,,https://www.bookconv.com/guide/epub-to-mobi-keep-formatting,https://www.bookconv.com/guide/epub-to-mobi-keep-formatting,www.bookconv.com,,48,,,,archive_dup,E:\一人公司\电子书格式转换站\ebook-converter\数据分析\bing_archive\www.bookconv.com_AIPageStatsReport_2026_9_3.csv
bing_wmt_ai,page_stats,,2026-09-03,,,https://www.bookconv.com/blog/mobi-to-kobo,https://www.bookconv.com/blog/mobi-to-kobo,www.bookconv.com,,44,,,,archive_dup,E:\一人公司\电子书格式转换站\ebook-converter\数据分析\bing_archive\www.bookconv.com_AIPageStatsReport_2026_9_3.csv
bing_wmt_ai,page_stats,,2026-09-03,,,https://www.bookconv.com/guide/kindle-formats,https://www.bookconv.com/guide/kindle-formats,www.bookconv.com,,42,,,,archive_dup,E:\一人公司\电子书格式转换站\ebook-converter\数据分析\bing_archive\www.bookconv.com_AIPageStatsReport_2026_9_3.csv
bing_wmt_ai,page_stats,,2026-09-03,,,https://www.bookconv.com/blog/epub-vs-mobi,https://www.bookconv.com/blog/epub-vs-mobi,www.bookconv.com,,40,,,,archive_dup,E:\一人公司\电子书格式转换站\ebook-converter\数据分析\bing_archive\www.bookconv.com_AIPageStatsReport_2026_9_3.csv
bing_wmt_ai,page_stats,,2026-09-03,,,https://www.bookconv.com/blog/epub3-vs-epub2,https://www.bookconv.com/blog/epub3-vs-epub2,www.bookconv.com,,33,,,,archive_dup,E:\一人公司\电子书格式转换站\ebook-converter\数据分析\bing_archive\www.bookconv.com_AIPageStatsReport_2026_9_3.csv
bing_wmt_ai,page_stats,,2026-09-03,,,https://www.bookconv.com/guide/docx-to-epub-self-publish,https://www.bookconv.com/guide/docx-to-epub-self-publish,www.bookconv.com,,25,,,,archive_dup,E:\一人公司\电子书格式转换站\ebook-converter\数据分析\bing_archive\www.bookconv.com_AIPageStatsReport_2026_9_3.csv
bing_wmt_ai,page_stats,,2026-09-03,,,https://www.bookconv.com/blog/can-kindle-read-azw3,https://www.bookconv.com/blog/can-kindle-read-azw3,www.bookconv.com,,17,,,,archive_dup,E:\一人公司\电子书格式转换站\ebook-converter\数据分析\bing_archive\www.bookconv.com_AIPageStatsReport_2026_9_3.csv
bing_wmt_ai,page_stats,,2026-09-03,,,https://www.bookconv.com/blog/mobi-to-epub,https://www.bookconv.com/blog/mobi-to-epub,www.bookconv.com,,16,,,,archive_dup,E:\一人公司\电子书格式转换站\ebook-converter\数据分析\bing_archive\www.bookconv.com_AIPageStatsReport_2026_9_3.csv
bing_wmt_ai,page_stats,,2026-09-03,,,https://www.bookconv.com/guide/mobi-vs-azw3,https://www.bookconv.com/guide/mobi-vs-azw3,www.bookconv.com,,13,,,,archive_dup,E:\一人公司\电子书格式转换站\ebook-converter\数据分析\bing_archive\www.bookconv.com_AIPageStatsReport_2026_9_3.csv
bing_wmt_ai,page_stats,,2026-09-03,,,https://www.bookconv.com/guide/cbr-to-pdf,https://www.bookconv.com/guide/cbr-to-pdf,www.bookconv.com,,13,,,,archive_dup,E:\一人公司\电子书格式转换站\ebook-converter\数据分析\bing_archive\www.bookconv.com_AIPageStatsReport_2026_9_3.csv
bing_wmt_ai,page_stats,,2026-09-03,,,https://www.bookconv.com/blog/kindle-epub-azw3-mobi,https://www.bookconv.com/blog/kindle-epub-azw3-mobi,www.bookconv.com,,12,,,,archive_dup,E:\一人公司\电子书格式转换站\ebook-converter\数据分析\bing_archive\www.bookconv.com_AIPageStatsReport_2026_9_3.csv
bing_wmt_ai,page_stats,,2026-09-03,,,https://www.bookconv.com/convert/epub-to-mobi,https://www.bookconv.com/convert/epub-to-mobi,www.bookconv.com,,11,,,,archive_dup,E:\一人公司\电子书格式转换站\ebook-converter\数据分析\bing_archive\www.bookconv.com_AIPageStatsReport_2026_9_3.csv
bing_wmt_ai,page_stats,,2026-09-03,,,https://www.bookconv.com/blog/azw3-vs-mobi,https://www.bookconv.com/blog/azw3-vs-mobi,www.bookconv.com,,11,,,,archive_dup,E:\一人公司\电子书格式转换站\ebook-converter\数据分析\bing_archive\www.bookconv.com_AIPageStatsReport_2026_9_3.csv
bing_wmt_ai,page_stats,,2026-09-03,,,https://www.bookconv.com/blog/azw3-epub-mobi-kindle-compatibility,https://www.bookconv.com/blog/azw3-epub-mobi-kindle-compatibility,www.bookconv.com,,8,,,,archive_dup,E:\一人公司\电子书格式转换站\ebook-converter\数据分析\bing_archive\www.bookconv.com_AIPageStatsReport_2026_9_3.csv
bing_wmt_ai,page_stats,,2026-09-03,,,https://www.bookconv.com/guide/fix-epub-to-pdf-formatting,https://www.bookconv.com/guide/fix-epub-to-pdf-formatting,www.bookconv.com,,7,,,,archive_dup,E:\一人公司\电子书格式转换站\ebook-converter\数据分析\bing_archive\www.bookconv.com_AIPageStatsReport_2026_9_3.csv
bing_wmt_ai,page_stats,,2026-09-03,,,https://www.bookconv.com/guide/txt-to-epub-build-ebook,https://www.bookconv.com/guide/txt-to-epub-build-ebook,www.bookconv.com,,5,,,,archive_dup,E:\一人公司\电子书格式转换站\ebook-converter\数据分析\bing_archive\www.bookconv.com_AIPageStatsReport_2026_9_3.csv
bing_wmt_ai,page_stats,,2026-09-03,,,https://www.bookconv.com/guide/fb2-to-epub-keep-formatting,https://www.bookconv.com/guide/fb2-to-epub-keep-formatting,www.bookconv.com,,5,,,,archive_dup,E:\一人公司\电子书格式转换站\ebook-converter\数据分析\bing_archive\www.bookconv.com_AIPageStatsReport_2026_9_3.csv
bing_wmt_ai,page_stats,,2026-09-03,,,https://www.bookconv.com/guide/epub-to-azw3-for-kindle,https://www.bookconv.com/guide/epub-to-azw3-for-kindle,www.bookconv.com,,4,,,,archive_dup,E:\一人公司\电子书格式转换站\ebook-converter\数据分析\bing_archive\www.bookconv.com_AIPageStatsReport_2026_9_3.csv
bing_wmt_ai,page_stats,,2026-09-03,,,https://www.bookconv.com/guide/best-ebook-converter,https://www.bookconv.com/guide/best-ebook-converter,www.bookconv.com,,3,,,,archive_dup,E:\一人公司\电子书格式转换站\ebook-converter\数据分析\bing_archive\www.bookconv.com_AIPageStatsReport_2026_9_3.csv
bing_wmt_ai,page_stats,,2026-09-03,,,https://www.bookconv.com/blog/kobo-to-epub,https://www.bookconv.com/blog/kobo-to-epub,www.bookconv.com,,3,,,,archive_dup,E:\一人公司\电子书格式转换站\ebook-converter\数据分析\bing_archive\www.bookconv.com_AIPageStatsReport_2026_9_3.csv
bing_wmt_ai,page_stats,,2026-09-03,,,https://www.bookconv.com/es/blog/ebook-formats-explained,https://www.bookconv.com/es/blog/ebook-formats-explained,www.bookconv.com,,2,,,,archive_dup,E:\一人公司\电子书格式转换站\ebook-converter\数据分析\bing_archive\www.bookconv.com_AIPageStatsReport_2026_9_3.csv
bing_wmt_ai,page_stats,,2026-09-03,,,https://www.bookconv.com/es,https://www.bookconv.com/es,www.bookconv.com,,2,,,,archive_dup,E:\一人公司\电子书格式转换站\ebook-converter\数据分析\bing_archive\www.bookconv.com_AIPageStatsReport_2026_9_3.csv
bing_wmt_ai,page_stats,,2026-09-03,,,https://www.bookconv.com/es/blog/epub-to-mobi-guide,https://www.bookconv.com/es/blog/epub-to-mobi-guide,www.bookconv.com,,1,,,,archive_dup,E:\一人公司\电子书格式转换站\ebook-converter\数据分析\bing_archive\www.bookconv.com_AIPageStatsReport_2026_9_3.csv
bing_wmt_ai,page_stats,,2026-09-03,,,https://www.bookconv.com/blog/azw3-epub-mobi-kindle,https://www.bookconv.com/blog/azw3-epub-mobi-kindle,www.bookconv.com,,1,,,,archive_dup,E:\一人公司\电子书格式转换站\ebook-converter\数据分析\bing_archive\www.bookconv.com_AIPageStatsReport_2026_9_3.csv
bing_wmt_ai,overview_daily,2026-07-27,2026-09-03,,,,,,0,0,,,,archive_dup,E:\一人公司\电子书格式转换站\ebook-converter\数据分析\bing_archive\www.bookconv.com_AIPerformanceOverviewStats_2026_9_3.csv
bing_wmt_ai,overview_daily,2026-07-28,2026-09-03,,,,,,0,0,,,,archive_dup,E:\一人公司\电子书格式转换站\ebook-converter\数据分析\bing_archive\www.bookconv.com_AIPerformanceOverviewStats_2026_9_3.csv
bing_wmt_ai,overview_daily,2026-07-29,2026-09-03,,,,,,0,0,,,,archive_dup,E:\一人公司\电子书格式转换站\ebook-converter\数据分析\bing_archive\www.bookconv.com_AIPerformanceOverviewStats_2026_9_3.csv
bing_wmt_ai,overview_daily,2026-07-30,2026-09-03,,,,,,0,0,,,,archive_dup,E:\一人公司\电子书格式转换站\ebook-converter\数据分析\bing_archive\www.bookconv.com_AIPerformanceOverviewStats_2026_9_3.csv
bing_wmt_ai,overview_daily,2026-07-31,2026-09-03,,,,,,0,0,,,,archive_dup,E:\一人公司\电子书格式转换站\ebook-converter\数据分析\bing_archive\www.bookconv.com_AIPerformanceOverviewStats_2026_9_3.csv
bing_wmt_ai,overview_daily,2026-08-01,2026-09-03,,,,,,0,0,,,,archive_dup,E:\一人公司\电子书格式转换站\ebook-converter\数据分析\bing_archive\www.bookconv.com_AIPerformanceOverviewStats_2026_9_3.csv
bing_wmt_ai,overview_daily,2026-08-02,2026-09-03,,,,,,0,0,,,,archive_dup,E:\一人公司\电子书格式转换站\ebook-converter\数据分析\bing_archive\www.bookconv.com_AIPerformanceOverviewStats_2026_9_3.csv
bing_wmt_ai,overview_daily,2026-08-03,2026-09-03,,,,,,0,0,,,,archive_dup,E:\一人公司\电子书格式转换站\ebook-converter\数据分析\bing_archive\www.bookconv.com_AIPerformanceOverviewStats_2026_9_3.csv
bing_wmt_ai,overview_daily,2026-08-04,2026-09-03,,,,,,0,0,,,,archive_dup,E:\一人公司\电子书格式转换站\ebook-converter\数据分析\bing_archive\www.bookconv.com_AIPerformanceOverviewStats_2026_9_3.csv
bing_wmt_ai,overview_daily,2026-08-05,2026-09-03,,,,,,0,0,,,,archive_dup,E:\一人公司\电子书格式转换站\ebook-converter\数据分析\bing_archive\www.bookconv.com_AIPerformanceOverviewStats_2026_9_3.csv
bing_wmt_ai,overview_daily,2026-08-06,2026-09-03,,,,,,0,0,,,,archive_dup,E:\一人公司\电子书格式转换站\ebook-converter\数据分析\bing_archive\www.bookconv.com_AIPerformanceOverviewStats_2026_9_3.csv
bing_wmt_ai,overview_daily,2026-08-07,2026-09-03,,,,,,0,0,,,,archive_dup,E:\一人公司\电子书格式转换站\ebook-converter\数据分析\bing_archive\www.bookconv.com_AIPerformanceOverviewStats_2026_9_3.csv
bing_wmt_ai,overview_daily,2026-08-08,2026-09-03,,,,,,1,4,,,,archive_dup,E:\一人公司\电子书格式转换站\ebook-converter\数据分析\bing_archive\www.bookconv.com_AIPerformanceOverviewStats_2026_9_3.csv
bing_wmt_ai,overview_daily,2026-08-09,2026-09-03,,,,,,1,1,,,,archive_dup,E:\一人公司\电子书格式转换站\ebook-converter\数据分析\bing_archive\www.bookconv.com_AIPerformanceOverviewStats_2026_9_3.csv
bing_wmt_ai,overview_daily,2026-08-10,2026-09-03,,,,,,0,0,,,,archive_dup,E:\一人公司\电子书格式转换站\ebook-converter\数据分析\bing_archive\www.bookconv.com_AIPerformanceOverviewStats_2026_9_3.csv
bing_wmt_ai,overview_daily,2026-08-11,2026-09-03,,,,,,1,13,,,,archive_dup,E:\一人公司\电子书格式转换站\ebook-converter\数据分析\bing_archive\www.bookconv.com_AIPerformanceOverviewStats_2026_9_3.csv
bing_wmt_ai,overview_daily,2026-08-12,2026-09-03,,,,,,1,1,,,,archive_dup,E:\一人公司\电子书格式转换站\ebook-converter\数据分析\bing_archive\www.bookconv.com_AIPerformanceOverviewStats_2026_9_3.csv
bing_wmt_ai,overview_daily,2026-08-13,2026-09-03,,,,,,0,0,,,,archive_dup,E:\一人公司\电子书格式转换站\ebook-converter\数据分析\bing_archive\www.bookconv.com_AIPerformanceOverviewStats_2026_9_3.csv
bing_wmt_ai,overview_daily,2026-08-14,2026-09-03,,,,,,0,0,,,,archive_dup,E:\一人公司\电子书格式转换站\ebook-converter\数据分析\bing_archive\www.bookconv.com_AIPerformanceOverviewStats_2026_9_3.csv
bing_wmt_ai,overview_daily,2026-08-15,2026-09-03,,,,,,3,6,,,,archive_dup,E:\一人公司\电子书格式转换站\ebook-converter\数据分析\bing_archive\www.bookconv.com_AIPerformanceOverviewStats_2026_9_3.csv
bing_wmt_ai,overview_daily,2026-08-16,2026-09-03,,,,,,3,19,,,,archive_dup,E:\一人公司\电子书格式转换站\ebook-converter\数据分析\bing_archive\www.bookconv.com_AIPerformanceOverviewStats_2026_9_3.csv
bing_wmt_ai,overview_daily,2026-08-17,2026-09-03,,,,,,6,38,,,,archive_dup,E:\一人公司\电子书格式转换站\ebook-converter\数据分析\bing_archive\www.bookconv.com_AIPerformanceOverviewStats_2026_9_3.csv
bing_wmt_ai,overview_daily,2026-08-18,2026-09-03,,,,,,2,31,,,,archive_dup,E:\一人公司\电子书格式转换站\ebook-converter\数据分析\bing_archive\www.bookconv.com_AIPerformanceOverviewStats_2026_9_3.csv
bing_wmt_ai,overview_daily,2026-08-19,2026-09-03,,,,,,4,28,,,,archive_dup,E:\一人公司\电子书格式转换站\ebook-converter\数据分析\bing_archive\www.bookconv.com_AIPerformanceOverviewStats_2026_9_3.csv
bing_wmt_ai,overview_daily,2026-08-20,2026-09-03,,,,,,6,38,,,,archive_dup,E:\一人公司\电子书格式转换站\ebook-converter\数据分析\bing_archive\www.bookconv.com_AIPerformanceOverviewStats_2026_9_3.csv
bing_wmt_ai,overview_daily,2026-08-21,2026-09-03,,,,,,1,10,,,,archive_dup,E:\一人公司\电子书格式转换站\ebook-converter\数据分析\bing_archive\www.bookconv.com_AIPerformanceOverviewStats_2026_9_3.csv
bing_wmt_ai,overview_daily,2026-08-22,2026-09-03,,,,,,4,17,,,,archive_dup,E:\一人公司\电子书格式转换站\ebook-converter\数据分析\bing_archive\www.bookconv.com_AIPerformanceOverviewStats_2026_9_3.csv
bing_wmt_ai,overview_daily,2026-08-23,2026-09-03,,,,,,6,43,,,,archive_dup,E:\一人公司\电子书格式转换站\ebook-converter\数据分析\bing_archive\www.bookconv.com_AIPerformanceOverviewStats_2026_9_3.csv
bing_wmt_ai,overview_daily,2026-08-24,2026-09-03,,,,,,9,38,,,,archive_dup,E:\一人公司\电子书格式转换站\ebook-converter\数据分析\bing_archive\www.bookconv.com_AIPerformanceOverviewStats_2026_9_3.csv
bing_wmt_ai,overview_daily,2026-08-25,2026-09-03,,,,,,16,147,,,,archive_dup,E:\一人公司\电子书格式转换站\ebook-converter\数据分析\bing_archive\www.bookconv.com_AIPerformanceOverviewStats_2026_9_3.csv
bing_wmt_ai,overview_daily,2026-08-26,2026-09-03,,,,,,13,162,,,,archive_dup,E:\一人公司\电子书格式转换站\ebook-converter\数据分析\bing_archive\www.bookconv.com_AIPerformanceOverviewStats_2026_9_3.csv
bing_wmt_ai,overview_daily,2026-08-27,2026-09-03,,,,,,20,198,,,,archive_dup,E:\一人公司\电子书格式转换站\ebook-converter\数据分析\bing_archive\www.bookconv.com_AIPerformanceOverviewStats_2026_9_3.csv
bing_wmt_ai,overview_daily,2026-08-28,2026-09-03,,,,,,22,192,,,,archive_dup,E:\一人公司\电子书格式转换站\ebook-converter\数据分析\bing_archive\www.bookconv.com_AIPerformanceOverviewStats_2026_9_3.csv
bing_wmt_ai,overview_daily,2026-08-29,2026-09-03,,,,,,17,159,,,,archive_dup,E:\一人公司\电子书格式转换站\ebook-converter\数据分析\bing_archive\www.bookconv.com_AIPerformanceOverviewStats_2026_9_3.csv
bing_wmt_ai,overview_daily,2026-08-30,2026-09-03,,,,,,15,117,,,,archive_dup,E:\一人公司\电子书格式转换站\ebook-converter\数据分析\bing_archive\www.bookconv.com_AIPerformanceOverviewStats_2026_9_3.csv
bing_wmt_ai,overview_daily,2026-08-31,2026-09-03,,,,,,22,158,,,,archive_dup,E:\一人公司\电子书格式转换站\ebook-converter\数据分析\bing_archive\www.bookconv.com_AIPerformanceOverviewStats_2026_9_3.csv
bing_wmt_ai,overview_daily,2026-09-01,2026-09-03,,,,,,15,110,,,,archive_dup,E:\一人公司\电子书格式转换站\ebook-converter\数据分析\bing_archive\www.bookconv.com_AIPerformanceOverviewStats_2026_9_3.csv
bing_wmt_ai,query_stats,,2026-09-03,djvu to pdf,djvu to pdf,,,,,233,6.20%,,,archive_dup,E:\一人公司\电子书格式转换站\ebook-converter\数据分析\bing_archive\www.bookconv.com_AISearchQueriesReport_2026_9_3.csv
bing_wmt_ai,query_stats,,2026-09-03,mobi to epub,mobi to epub,,,,,70,10.31%,,,archive_dup,E:\一人公司\电子书格式转换站\ebook-converter\数据分析\bing_archive\www.bookconv.com_AISearchQueriesReport_2026_9_3.csv
bing_wmt_ai,query_stats,,2026-09-03,convert mobi to epub,convert mobi to epub,,,,,41,25.62%,,,archive_dup,E:\一人公司\电子书格式转换站\ebook-converter\数据分析\bing_archive\www.bookconv.com_AISearchQueriesReport_2026_9_3.csv
bing_wmt_ai,query_stats,,2026-09-03,ebook reader app,ebook reader app,,,,,36,12.59%,,,archive_dup,E:\一人公司\电子书格式转换站\ebook-converter\数据分析\bing_archive\www.bookconv.com_AISearchQueriesReport_2026_9_3.csv
bing_wmt_ai,query_stats,,2026-09-03,harry potter digital books multiple devices,Harry Potter digital books multiple devices,,,,,26,57.78%,Commercial,E-Books & Kindle,archive_dup,E:\一人公司\电子书格式转换站\ebook-converter\数据分析\bing_archive\www.bookconv.com_AISearchQueriesReport_2026_9_3.csv
bing_wmt_ai,query_stats,,2026-09-03,free reader apps platforms discover new content resources,free reader apps platforms discover new content resources,,,,,26,26.26%,,,archive_dup,E:\一人公司\电子书格式转换站\ebook-converter\数据分析\bing_archive\www.bookconv.com_AISearchQueriesReport_2026_9_3.csv
bing_wmt_ai,query_stats,,2026-09-03,epub to mobi,epub to mobi,,,,,25,2.55%,Utility,E-Books & Kindle,archive_dup,E:\一人公司\电子书格式转换站\ebook-converter\数据分析\bing_archive\www.bookconv.com_AISearchQueriesReport_2026_9_3.csv
bing_wmt_ai,query_stats,,2026-09-03,transfer ebooks between devices,transfer ebooks between devices,,,,,24,32.00%,,,archive_dup,E:\一人公司\电子书格式转换站\ebook-converter\数据分析\bing_archive\www.bookconv.com_AISearchQueriesReport_2026_9_3.csv
bing_wmt_ai,query_stats,,2026-09-03,beste kostenlose e-reader apps 2026,beste kostenlose E-Reader Apps 2026,,,,,23,30.67%,,,archive_dup,E:\一人公司\电子书格式转换站\ebook-converter\数据分析\bing_archive\www.bookconv.com_AISearchQueriesReport_2026_9_3.csv
bing_wmt_ai,query_stats,,2026-09-03,epub to mobi converter free,epub to mobi converter free,,,,,18,10.29%,Utility,E-Books & Kindle,archive_dup,E:\一人公司\电子书格式转换站\ebook-converter\数据分析\bing_archive\www.bookconv.com_AISearchQueriesReport_2026_9_3.csv
bing_wmt_ai,query_stats,,2026-09-03,apps for romance books sync across devices,apps for romance books sync across devices,,,,,18,46.15%,Informational,E-Books & Kindle,archive_dup,E:\一人公司\电子书格式转换站\ebook-converter\数据分析\bing_archive\www.bookconv.com_AISearchQueriesReport_2026_9_3.csv
bing_wmt_ai,query_stats,,2026-09-03,convert to epub free,convert to epub free,,,,,16,22.22%,,,archive_dup,E:\一人公司\电子书格式转换站\ebook-converter\数据分析\bing_archive\www.bookconv.com_AISearchQueriesReport_2026_9_3.csv
bing_wmt_ai,query_stats,,2026-09-03,convert from epub to mobi,convert from epub to mobi,,,,,10,26.32%,,,archive_dup,E:\一人公司\电子书格式转换站\ebook-converter\数据分析\bing_archive\www.bookconv.com_AISearchQueriesReport_2026_9_3.csv
bing_wmt_ai,query_stats,,2026-09-03,free reader apps platforms discover new content,free reader apps platforms discover new content,,,,,8,22.22%,,,archive_dup,E:\一人公司\电子书格式转换站\ebook-converter\数据分析\bing_archive\www.bookconv.com_AISearchQueriesReport_2026_9_3.csv
bing_wmt_ai,query_stats,,2026-09-03,ebook syncing virtual reading groups,ebook syncing virtual reading groups,,,,,7,41.18%,Informational,E-Books & Kindle,archive_dup,E:\一人公司\电子书格式转换站\ebook-converter\数据分析\bing_archive\www.bookconv.com_AISearchQueriesReport_2026_9_3.csv
bing_wmt_ai,query_stats,,2026-09-03,kindle azw vs mobi formats explained,Kindle AZW vs MOBI formats explained,,,,,6,60.00%,,,archive_dup,E:\一人公司\电子书格式转换站\ebook-converter\数据分析\bing_archive\www.bookconv.com_AISearchQueriesReport_2026_9_3.csv
bing_wmt_ai,query_stats,,2026-09-03,epub to azw3 converter,epub to azw3 converter,,,,,5,13.16%,,,archive_dup,E:\一人公司\电子书格式转换站\ebook-converter\数据分析\bing_archive\www.bookconv.com_AISearchQueriesReport_2026_9_3.csv
bing_wmt_ai,query_stats,,2026-09-03,epub to mobi converter,epub to mobi converter,,,,,5,3.73%,,,archive_dup,E:\一人公司\电子书格式转换站\ebook-converter\数据分析\bing_archive\www.bookconv.com_AISearchQueriesReport_2026_9_3.csv
bing_wmt_ai,query_stats,,2026-09-03,convert djvu to pdf,convert DJVU to PDF,,,,,4,3.01%,,,archive_dup,E:\一人公司\电子书格式转换站\ebook-converter\数据分析\bing_archive\www.bookconv.com_AISearchQueriesReport_2026_9_3.csv
bing_wmt_ai,query_stats,,2026-09-03,transfer kindle books to kobo ereader,transfer Kindle books to Kobo eReader,,,,,3,13.04%,,,archive_dup,E:\一人公司\电子书格式转换站\ebook-converter\数据分析\bing_archive\www.bookconv.com_AISearchQueriesReport_2026_9_3.csv
bing_wmt_ai,page_stats,,2026-08-28,,,https://www.bookconv.com/blog/sync-reading-across-devices,https://www.bookconv.com/blog/sync-reading-across-devices,www.bookconv.com,,114,,,,,E:\一人公司\电子书格式转换站\ebook-converter\数据分析\www.bookconv.com_AIPageStatsReport_2026_8_28.csv
bing_wmt_ai,page_stats,,2026-08-28,,,https://www.bookconv.com/guide/djvu-to-pdf,https://www.bookconv.com/guide/djvu-to-pdf,www.bookconv.com,,50,,,,,E:\一人公司\电子书格式转换站\ebook-converter\数据分析\www.bookconv.com_AIPageStatsReport_2026_8_28.csv
bing_wmt_ai,page_stats,,2026-08-28,,,https://www.bookconv.com/blog/best-ebook-reader-apps,https://www.bookconv.com/blog/best-ebook-reader-apps,www.bookconv.com,,47,,,,,E:\一人公司\电子书格式转换站\ebook-converter\数据分析\www.bookconv.com_AIPageStatsReport_2026_8_28.csv
bing_wmt_ai,page_stats,,2026-08-28,,,https://www.bookconv.com/,https://www.bookconv.com/,www.bookconv.com,,42,,,,,E:\一人公司\电子书格式转换站\ebook-converter\数据分析\www.bookconv.com_AIPageStatsReport_2026_8_28.csv
bing_wmt_ai,page_stats,,2026-08-28,,,https://www.bookconv.com/guide/epub-to-mobi-keep-formatting,https://www.bookconv.com/guide/epub-to-mobi-keep-formatting,www.bookconv.com,,35,,,,,E:\一人公司\电子书格式转换站\ebook-converter\数据分析\www.bookconv.com_AIPageStatsReport_2026_8_28.csv
bing_wmt_ai,page_stats,,2026-08-28,,,https://www.bookconv.com/guide/kindle-formats,https://www.bookconv.com/guide/kindle-formats,www.bookconv.com,,18,,,,,E:\一人公司\电子书格式转换站\ebook-converter\数据分析\www.bookconv.com_AIPageStatsReport_2026_8_28.csv
bing_wmt_ai,page_stats,,2026-08-28,,,https://www.bookconv.com/blog/djvu-to-pdf,https://www.bookconv.com/blog/djvu-to-pdf,www.bookconv.com,,15,,,,,E:\一人公司\电子书格式转换站\ebook-converter\数据分析\www.bookconv.com_AIPageStatsReport_2026_8_28.csv
bing_wmt_ai,page_stats,,2026-08-28,,,https://www.bookconv.com/guide/mobi-vs-azw3,https://www.bookconv.com/guide/mobi-vs-azw3,www.bookconv.com,,13,,,,,E:\一人公司\电子书格式转换站\ebook-converter\数据分析\www.bookconv.com_AIPageStatsReport_2026_8_28.csv
bing_wmt_ai,page_stats,,2026-08-28,,,https://www.bookconv.com/blog/can-kindle-read-azw3,https://www.bookconv.com/blog/can-kindle-read-azw3,www.bookconv.com,,9,,,,,E:\一人公司\电子书格式转换站\ebook-converter\数据分析\www.bookconv.com_AIPageStatsReport_2026_8_28.csv
bing_wmt_ai,page_stats,,2026-08-28,,,https://www.bookconv.com/blog/epub3-vs-epub2,https://www.bookconv.com/blog/epub3-vs-epub2,www.bookconv.com,,9,,,,,E:\一人公司\电子书格式转换站\ebook-converter\数据分析\www.bookconv.com_AIPageStatsReport_2026_8_28.csv
bing_wmt_ai,page_stats,,2026-08-28,,,https://www.bookconv.com/blog/epub-vs-mobi,https://www.bookconv.com/blog/epub-vs-mobi,www.bookconv.com,,9,,,,,E:\一人公司\电子书格式转换站\ebook-converter\数据分析\www.bookconv.com_AIPageStatsReport_2026_8_28.csv
bing_wmt_ai,page_stats,,2026-08-28,,,https://www.bookconv.com/guide/docx-to-epub-self-publish,https://www.bookconv.com/guide/docx-to-epub-self-publish,www.bookconv.com,,7,,,,,E:\一人公司\电子书格式转换站\ebook-converter\数据分析\www.bookconv.com_AIPageStatsReport_2026_8_28.csv
bing_wmt_ai,page_stats,,2026-08-28,,,https://www.bookconv.com/guide/fix-epub-to-pdf-formatting,https://www.bookconv.com/guide/fix-epub-to-pdf-formatting,www.bookconv.com,,7,,,,,E:\一人公司\电子书格式转换站\ebook-converter\数据分析\www.bookconv.com_AIPageStatsReport_2026_8_28.csv
bing_wmt_ai,page_stats,,2026-08-28,,,https://www.bookconv.com/guide/mobi-to-epub-keep-formatting,https://www.bookconv.com/guide/mobi-to-epub-keep-formatting,www.bookconv.com,,6,,,,,E:\一人公司\电子书格式转换站\ebook-converter\数据分析\www.bookconv.com_AIPageStatsReport_2026_8_28.csv
bing_wmt_ai,page_stats,,2026-08-28,,,https://www.bookconv.com/guide/txt-to-epub-build-ebook,https://www.bookconv.com/guide/txt-to-epub-build-ebook,www.bookconv.com,,5,,,,,E:\一人公司\电子书格式转换站\ebook-converter\数据分析\www.bookconv.com_AIPageStatsReport_2026_8_28.csv
bing_wmt_ai,page_stats,,2026-08-28,,,https://www.bookconv.com/blog/mobi-to-kobo,https://www.bookconv.com/blog/mobi-to-kobo,www.bookconv.com,,5,,,,,E:\一人公司\电子书格式转换站\ebook-converter\数据分析\www.bookconv.com_AIPageStatsReport_2026_8_28.csv
bing_wmt_ai,page_stats,,2026-08-28,,,https://www.bookconv.com/blog/azw3-epub-mobi-kindle-compatibility,https://www.bookconv.com/blog/azw3-epub-mobi-kindle-compatibility,www.bookconv.com,,3,,,,,E:\一人公司\电子书格式转换站\ebook-converter\数据分析\www.bookconv.com_AIPageStatsReport_2026_8_28.csv
bing_wmt_ai,page_stats,,2026-08-28,,,https://www.bookconv.com/guide/cbr-to-pdf,https://www.bookconv.com/guide/cbr-to-pdf,www.bookconv.com,,3,,,,,E:\一人公司\电子书格式转换站\ebook-converter\数据分析\www.bookconv.com_AIPageStatsReport_2026_8_28.csv
bing_wmt_ai,page_stats,,2026-08-28,,,https://www.bookconv.com/es/blog/ebook-formats-explained,https://www.bookconv.com/es/blog/ebook-formats-explained,www.bookconv.com,,2,,,,,E:\一人公司\电子书格式转换站\ebook-converter\数据分析\www.bookconv.com_AIPageStatsReport_2026_8_28.csv
bing_wmt_ai,page_stats,,2026-08-28,,,https://www.bookconv.com/blog/why-ebook-wont-open-kindle,https://www.bookconv.com/blog/why-ebook-wont-open-kindle,www.bookconv.com,,2,,,,,E:\一人公司\电子书格式转换站\ebook-converter\数据分析\www.bookconv.com_AIPageStatsReport_2026_8_28.csv
bing_wmt_ai,page_stats,,2026-08-28,,,https://www.bookconv.com/es,https://www.bookconv.com/es,www.bookconv.com,,2,,,,,E:\一人公司\电子书格式转换站\ebook-converter\数据分析\www.bookconv.com_AIPageStatsReport_2026_8_28.csv
bing_wmt_ai,page_stats,,2026-08-28,,,https://www.bookconv.com/es/blog/epub-to-mobi-guide,https://www.bookconv.com/es/blog/epub-to-mobi-guide,www.bookconv.com,,1,,,,,E:\一人公司\电子书格式转换站\ebook-converter\数据分析\www.bookconv.com_AIPageStatsReport_2026_8_28.csv
bing_wmt_ai,page_stats,,2026-09-01,,,https://www.bookconv.com/blog/best-ebook-reader-apps,https://www.bookconv.com/blog/best-ebook-reader-apps,www.bookconv.com,,217,,,,,E:\一人公司\电子书格式转换站\ebook-converter\数据分析\www.bookconv.com_AIPageStatsReport_2026_9_1.csv
bing_wmt_ai,page_stats,,2026-09-01,,,https://www.bookconv.com/blog/sync-reading-across-devices,https://www.bookconv.com/blog/sync-reading-across-devices,www.bookconv.com,,199,,,,,E:\一人公司\电子书格式转换站\ebook-converter\数据分析\www.bookconv.com_AIPageStatsReport_2026_9_1.csv
bing_wmt_ai,page_stats,,2026-09-01,,,https://www.bookconv.com/guide/djvu-to-pdf,https://www.bookconv.com/guide/djvu-to-pdf,www.bookconv.com,,182,,,,,E:\一人公司\电子书格式转换站\ebook-converter\数据分析\www.bookconv.com_AIPageStatsReport_2026_9_1.csv
bing_wmt_ai,page_stats,,2026-09-01,,,https://www.bookconv.com/guide/mobi-to-epub-keep-formatting,https://www.bookconv.com/guide/mobi-to-epub-keep-formatting,www.bookconv.com,,83,,,,,E:\一人公司\电子书格式转换站\ebook-converter\数据分析\www.bookconv.com_AIPageStatsReport_2026_9_1.csv
bing_wmt_ai,page_stats,,2026-09-01,,,https://www.bookconv.com/,https://www.bookconv.com/,www.bookconv.com,,63,,,,,E:\一人公司\电子书格式转换站\ebook-converter\数据分析\www.bookconv.com_AIPageStatsReport_2026_9_1.csv
bing_wmt_ai,page_stats,,2026-09-01,,,https://www.bookconv.com/guide/epub-to-mobi-keep-formatting,https://www.bookconv.com/guide/epub-to-mobi-keep-formatting,www.bookconv.com,,48,,,,,E:\一人公司\电子书格式转换站\ebook-converter\数据分析\www.bookconv.com_AIPageStatsReport_2026_9_1.csv
bing_wmt_ai,page_stats,,2026-09-01,,,https://www.bookconv.com/blog/why-ebook-wont-open-kindle,https://www.bookconv.com/blog/why-ebook-wont-open-kindle,www.bookconv.com,,45,,,,,E:\一人公司\电子书格式转换站\ebook-converter\数据分析\www.bookconv.com_AIPageStatsReport_2026_9_1.csv
bing_wmt_ai,page_stats,,2026-09-01,,,https://www.bookconv.com/blog/djvu-to-pdf,https://www.bookconv.com/blog/djvu-to-pdf,www.bookconv.com,,45,,,,,E:\一人公司\电子书格式转换站\ebook-converter\数据分析\www.bookconv.com_AIPageStatsReport_2026_9_1.csv
bing_wmt_ai,page_stats,,2026-09-01,,,https://www.bookconv.com/guide/kindle-formats,https://www.bookconv.com/guide/kindle-formats,www.bookconv.com,,42,,,,,E:\一人公司\电子书格式转换站\ebook-converter\数据分析\www.bookconv.com_AIPageStatsReport_2026_9_1.csv
bing_wmt_ai,page_stats,,2026-09-01,,,https://www.bookconv.com/blog/epub-vs-mobi,https://www.bookconv.com/blog/epub-vs-mobi,www.bookconv.com,,36,,,,,E:\一人公司\电子书格式转换站\ebook-converter\数据分析\www.bookconv.com_AIPageStatsReport_2026_9_1.csv
bing_wmt_ai,page_stats,,2026-09-01,,,https://www.bookconv.com/blog/mobi-to-kobo,https://www.bookconv.com/blog/mobi-to-kobo,www.bookconv.com,,35,,,,,E:\一人公司\电子书格式转换站\ebook-converter\数据分析\www.bookconv.com_AIPageStatsReport_2026_9_1.csv
bing_wmt_ai,page_stats,,2026-09-01,,,https://www.bookconv.com/blog/epub3-vs-epub2,https://www.bookconv.com/blog/epub3-vs-epub2,www.bookconv.com,,33,,,,,E:\一人公司\电子书格式转换站\ebook-converter\数据分析\www.bookconv.com_AIPageStatsReport_2026_9_1.csv
bing_wmt_ai,page_stats,,2026-09-01,,,https://www.bookconv.com/blog/can-kindle-read-azw3,https://www.bookconv.com/blog/can-kindle-read-azw3,www.bookconv.com,,17,,,,,E:\一人公司\电子书格式转换站\ebook-converter\数据分析\www.bookconv.com_AIPageStatsReport_2026_9_1.csv
bing_wmt_ai,page_stats,,2026-09-01,,,https://www.bookconv.com/guide/docx-to-epub-self-publish,https://www.bookconv.com/guide/docx-to-epub-self-publish,www.bookconv.com,,15,,,,,E:\一人公司\电子书格式转换站\ebook-converter\数据分析\www.bookconv.com_AIPageStatsReport_2026_9_1.csv
bing_wmt_ai,page_stats,,2026-09-01,,,https://www.bookconv.com/guide/mobi-vs-azw3,https://www.bookconv.com/guide/mobi-vs-azw3,www.bookconv.com,,13,,,,,E:\一人公司\电子书格式转换站\ebook-converter\数据分析\www.bookconv.com_AIPageStatsReport_2026_9_1.csv
bing_wmt_ai,page_stats,,2026-09-01,,,https://www.bookconv.com/guide/cbr-to-pdf,https://www.bookconv.com/guide/cbr-to-pdf,www.bookconv.com,,13,,,,,E:\一人公司\电子书格式转换站\ebook-converter\数据分析\www.bookconv.com_AIPageStatsReport_2026_9_1.csv
bing_wmt_ai,page_stats,,2026-09-01,,,https://www.bookconv.com/blog/kindle-epub-azw3-mobi,https://www.bookconv.com/blog/kindle-epub-azw3-mobi,www.bookconv.com,,12,,,,,E:\一人公司\电子书格式转换站\ebook-converter\数据分析\www.bookconv.com_AIPageStatsReport_2026_9_1.csv
bing_wmt_ai,page_stats,,2026-09-01,,,https://www.bookconv.com/blog/azw3-vs-mobi,https://www.bookconv.com/blog/azw3-vs-mobi,www.bookconv.com,,11,,,,,E:\一人公司\电子书格式转换站\ebook-converter\数据分析\www.bookconv.com_AIPageStatsReport_2026_9_1.csv
bing_wmt_ai,page_stats,,2026-09-01,,,https://www.bookconv.com/blog/azw3-epub-mobi-kindle-compatibility,https://www.bookconv.com/blog/azw3-epub-mobi-kindle-compatibility,www.bookconv.com,,8,,,,,E:\一人公司\电子书格式转换站\ebook-converter\数据分析\www.bookconv.com_AIPageStatsReport_2026_9_1.csv
bing_wmt_ai,page_stats,,2026-09-01,,,https://www.bookconv.com/guide/fix-epub-to-pdf-formatting,https://www.bookconv.com/guide/fix-epub-to-pdf-formatting,www.bookconv.com,,7,,,,,E:\一人公司\电子书格式转换站\ebook-converter\数据分析\www.bookconv.com_AIPageStatsReport_2026_9_1.csv
bing_wmt_ai,page_stats,,2026-09-01,,,https://www.bookconv.com/guide/txt-to-epub-build-ebook,https://www.bookconv.com/guide/txt-to-epub-build-ebook,www.bookconv.com,,5,,,,,E:\一人公司\电子书格式转换站\ebook-converter\数据分析\www.bookconv.com_AIPageStatsReport_2026_9_1.csv
bing_wmt_ai,page_stats,,2026-09-01,,,https://www.bookconv.com/guide/fb2-to-epub-keep-formatting,https://www.bookconv.com/guide/fb2-to-epub-keep-formatting,www.bookconv.com,,5,,,,,E:\一人公司\电子书格式转换站\ebook-converter\数据分析\www.bookconv.com_AIPageStatsReport_2026_9_1.csv
bing_wmt_ai,page_stats,,2026-09-01,,,https://www.bookconv.com/guide/epub-to-azw3-for-kindle,https://www.bookconv.com/guide/epub-to-azw3-for-kindle,www.bookconv.com,,4,,,,,E:\一人公司\电子书格式转换站\ebook-converter\数据分析\www.bookconv.com_AIPageStatsReport_2026_9_1.csv
bing_wmt_ai,page_stats,,2026-09-01,,,https://www.bookconv.com/guide/best-ebook-converter,https://www.bookconv.com/guide/best-ebook-converter,www.bookconv.com,,3,,,,,E:\一人公司\电子书格式转换站\ebook-converter\数据分析\www.bookconv.com_AIPageStatsReport_2026_9_1.csv
bing_wmt_ai,page_stats,,2026-09-01,,,https://www.bookconv.com/es/blog/ebook-formats-explained,https://www.bookconv.com/es/blog/ebook-formats-explained,www.bookconv.com,,2,,,,,E:\一人公司\电子书格式转换站\ebook-converter\数据分析\www.bookconv.com_AIPageStatsReport_2026_9_1.csv
bing_wmt_ai,page_stats,,2026-09-01,,,https://www.bookconv.com/es,https://www.bookconv.com/es,www.bookconv.com,,2,,,,,E:\一人公司\电子书格式转换站\ebook-converter\数据分析\www.bookconv.com_AIPageStatsReport_2026_9_1.csv
bing_wmt_ai,page_stats,,2026-09-01,,,https://www.bookconv.com/es/blog/epub-to-mobi-guide,https://www.bookconv.com/es/blog/epub-to-mobi-guide,www.bookconv.com,,1,,,,,E:\一人公司\电子书格式转换站\ebook-converter\数据分析\www.bookconv.com_AIPageStatsReport_2026_9_1.csv
bing_wmt_ai,page_stats,,2026-09-01,,,https://www.bookconv.com/blog/azw3-epub-mobi-kindle,https://www.bookconv.com/blog/azw3-epub-mobi-kindle,www.bookconv.com,,1,,,,,E:\一人公司\电子书格式转换站\ebook-converter\数据分析\www.bookconv.com_AIPageStatsReport_2026_9_1.csv
bing_wmt_ai,page_stats,,2026-09-02,,,https://www.bookconv.com/blog/best-ebook-reader-apps,https://www.bookconv.com/blog/best-ebook-reader-apps,www.bookconv.com,,256,,,,filename_dup,E:\一人公司\电子书格式转换站\ebook-converter\数据分析\www.bookconv.com_AIPageStatsReport_2026_9_2 (2).csv
bing_wmt_ai,page_stats,,2026-09-02,,,https://www.bookconv.com/blog/sync-reading-across-devices,https://www.bookconv.com/blog/sync-reading-across-devices,www.bookconv.com,,212,,,,filename_dup,E:\一人公司\电子书格式转换站\ebook-converter\数据分析\www.bookconv.com_AIPageStatsReport_2026_9_2 (2).csv
bing_wmt_ai,page_stats,,2026-09-02,,,https://www.bookconv.com/guide/djvu-to-pdf,https://www.bookconv.com/guide/djvu-to-pdf,www.bookconv.com,,194,,,,filename_dup,E:\一人公司\电子书格式转换站\ebook-converter\数据分析\www.bookconv.com_AIPageStatsReport_2026_9_2 (2).csv
bing_wmt_ai,page_stats,,2026-09-02,,,https://www.bookconv.com/guide/mobi-to-epub-keep-formatting,https://www.bookconv.com/guide/mobi-to-epub-keep-formatting,www.bookconv.com,,99,,,,filename_dup,E:\一人公司\电子书格式转换站\ebook-converter\数据分析\www.bookconv.com_AIPageStatsReport_2026_9_2 (2).csv
bing_wmt_ai,page_stats,,2026-09-02,,,https://www.bookconv.com/,https://www.bookconv.com/,www.bookconv.com,,63,,,,filename_dup,E:\一人公司\电子书格式转换站\ebook-converter\数据分析\www.bookconv.com_AIPageStatsReport_2026_9_2 (2).csv
bing_wmt_ai,page_stats,,2026-09-02,,,https://www.bookconv.com/blog/why-ebook-wont-open-kindle,https://www.bookconv.com/blog/why-ebook-wont-open-kindle,www.bookconv.com,,52,,,,filename_dup,E:\一人公司\电子书格式转换站\ebook-converter\数据分析\www.bookconv.com_AIPageStatsReport_2026_9_2 (2).csv
bing_wmt_ai,page_stats,,2026-09-02,,,https://www.bookconv.com/blog/djvu-to-pdf,https://www.bookconv.com/blog/djvu-to-pdf,www.bookconv.com,,51,,,,filename_dup,E:\一人公司\电子书格式转换站\ebook-converter\数据分析\www.bookconv.com_AIPageStatsReport_2026_9_2 (2).csv
bing_wmt_ai,page_stats,,2026-09-02,,,https://www.bookconv.com/guide/epub-to-mobi-keep-formatting,https://www.bookconv.com/guide/epub-to-mobi-keep-formatting,www.bookconv.com,,48,,,,filename_dup,E:\一人公司\电子书格式转换站\ebook-converter\数据分析\www.bookconv.com_AIPageStatsReport_2026_9_2 (2).csv
bing_wmt_ai,page_stats,,2026-09-02,,,https://www.bookconv.com/blog/mobi-to-kobo,https://www.bookconv.com/blog/mobi-to-kobo,www.bookconv.com,,44,,,,filename_dup,E:\一人公司\电子书格式转换站\ebook-converter\数据分析\www.bookconv.com_AIPageStatsReport_2026_9_2 (2).csv
bing_wmt_ai,page_stats,,2026-09-02,,,https://www.bookconv.com/guide/kindle-formats,https://www.bookconv.com/guide/kindle-formats,www.bookconv.com,,42,,,,filename_dup,E:\一人公司\电子书格式转换站\ebook-converter\数据分析\www.bookconv.com_AIPageStatsReport_2026_9_2 (2).csv
bing_wmt_ai,page_stats,,2026-09-02,,,https://www.bookconv.com/blog/epub-vs-mobi,https://www.bookconv.com/blog/epub-vs-mobi,www.bookconv.com,,40,,,,filename_dup,E:\一人公司\电子书格式转换站\ebook-converter\数据分析\www.bookconv.com_AIPageStatsReport_2026_9_2 (2).csv
bing_wmt_ai,page_stats,,2026-09-02,,,https://www.bookconv.com/blog/epub3-vs-epub2,https://www.bookconv.com/blog/epub3-vs-epub2,www.bookconv.com,,33,,,,filename_dup,E:\一人公司\电子书格式转换站\ebook-converter\数据分析\www.bookconv.com_AIPageStatsReport_2026_9_2 (2).csv
bing_wmt_ai,page_stats,,2026-09-02,,,https://www.bookconv.com/guide/docx-to-epub-self-publish,https://www.bookconv.com/guide/docx-to-epub-self-publish,www.bookconv.com,,25,,,,filename_dup,E:\一人公司\电子书格式转换站\ebook-converter\数据分析\www.bookconv.com_AIPageStatsReport_2026_9_2 (2).csv
bing_wmt_ai,page_stats,,2026-09-02,,,https://www.bookconv.com/blog/can-kindle-read-azw3,https://www.bookconv.com/blog/can-kindle-read-azw3,www.bookconv.com,,17,,,,filename_dup,E:\一人公司\电子书格式转换站\ebook-converter\数据分析\www.bookconv.com_AIPageStatsReport_2026_9_2 (2).csv
bing_wmt_ai,page_stats,,2026-09-02,,,https://www.bookconv.com/blog/mobi-to-epub,https://www.bookconv.com/blog/mobi-to-epub,www.bookconv.com,,16,,,,filename_dup,E:\一人公司\电子书格式转换站\ebook-converter\数据分析\www.bookconv.com_AIPageStatsReport_2026_9_2 (2).csv
bing_wmt_ai,page_stats,,2026-09-02,,,https://www.bookconv.com/guide/mobi-vs-azw3,https://www.bookconv.com/guide/mobi-vs-azw3,www.bookconv.com,,13,,,,filename_dup,E:\一人公司\电子书格式转换站\ebook-converter\数据分析\www.bookconv.com_AIPageStatsReport_2026_9_2 (2).csv
bing_wmt_ai,page_stats,,2026-09-02,,,https://www.bookconv.com/guide/cbr-to-pdf,https://www.bookconv.com/guide/cbr-to-pdf,www.bookconv.com,,13,,,,filename_dup,E:\一人公司\电子书格式转换站\ebook-converter\数据分析\www.bookconv.com_AIPageStatsReport_2026_9_2 (2).csv
bing_wmt_ai,page_stats,,2026-09-02,,,https://www.bookconv.com/blog/kindle-epub-azw3-mobi,https://www.bookconv.com/blog/kindle-epub-azw3-mobi,www.bookconv.com,,12,,,,filename_dup,E:\一人公司\电子书格式转换站\ebook-converter\数据分析\www.bookconv.com_AIPageStatsReport_2026_9_2 (2).csv
bing_wmt_ai,page_stats,,2026-09-02,,,https://www.bookconv.com/blog/azw3-vs-mobi,https://www.bookconv.com/blog/azw3-vs-mobi,www.bookconv.com,,11,,,,filename_dup,E:\一人公司\电子书格式转换站\ebook-converter\数据分析\www.bookconv.com_AIPageStatsReport_2026_9_2 (2).csv
bing_wmt_ai,page_stats,,2026-09-02,,,https://www.bookconv.com/blog/azw3-epub-mobi-kindle-compatibility,https://www.bookconv.com/blog/azw3-epub-mobi-kindle-compatibility,www.bookconv.com,,8,,,,filename_dup,E:\一人公司\电子书格式转换站\ebook-converter\数据分析\www.bookconv.com_AIPageStatsReport_2026_9_2 (2).csv
bing_wmt_ai,page_stats,,2026-09-02,,,https://www.bookconv.com/guide/fix-epub-to-pdf-formatting,https://www.bookconv.com/guide/fix-epub-to-pdf-formatting,www.bookconv.com,,7,,,,filename_dup,E:\一人公司\电子书格式转换站\ebook-converter\数据分析\www.bookconv.com_AIPageStatsReport_2026_9_2 (2).csv
bing_wmt_ai,page_stats,,2026-09-02,,,https://www.bookconv.com/convert/epub-to-mobi,https://www.bookconv.com/convert/epub-to-mobi,www.bookconv.com,,6,,,,filename_dup,E:\一人公司\电子书格式转换站\ebook-converter\数据分析\www.bookconv.com_AIPageStatsReport_2026_9_2 (2).csv
bing_wmt_ai,page_stats,,2026-09-02,,,https://www.bookconv.com/guide/txt-to-epub-build-ebook,https://www.bookconv.com/guide/txt-to-epub-build-ebook,www.bookconv.com,,5,,,,filename_dup,E:\一人公司\电子书格式转换站\ebook-converter\数据分析\www.bookconv.com_AIPageStatsReport_2026_9_2 (2).csv
bing_wmt_ai,page_stats,,2026-09-02,,,https://www.bookconv.com/guide/fb2-to-epub-keep-formatting,https://www.bookconv.com/guide/fb2-to-epub-keep-formatting,www.bookconv.com,,5,,,,filename_dup,E:\一人公司\电子书格式转换站\ebook-converter\数据分析\www.bookconv.com_AIPageStatsReport_2026_9_2 (2).csv
bing_wmt_ai,page_stats,,2026-09-02,,,https://www.bookconv.com/guide/epub-to-azw3-for-kindle,https://www.bookconv.com/guide/epub-to-azw3-for-kindle,www.bookconv.com,,4,,,,filename_dup,E:\一人公司\电子书格式转换站\ebook-converter\数据分析\www.bookconv.com_AIPageStatsReport_2026_9_2 (2).csv
bing_wmt_ai,page_stats,,2026-09-02,,,https://www.bookconv.com/guide/best-ebook-converter,https://www.bookconv.com/guide/best-ebook-converter,www.bookconv.com,,3,,,,filename_dup,E:\一人公司\电子书格式转换站\ebook-converter\数据分析\www.bookconv.com_AIPageStatsReport_2026_9_2 (2).csv
bing_wmt_ai,page_stats,,2026-09-02,,,https://www.bookconv.com/blog/kobo-to-epub,https://www.bookconv.com/blog/kobo-to-epub,www.bookconv.com,,3,,,,filename_dup,E:\一人公司\电子书格式转换站\ebook-converter\数据分析\www.bookconv.com_AIPageStatsReport_2026_9_2 (2).csv
bing_wmt_ai,page_stats,,2026-09-02,,,https://www.bookconv.com/es/blog/ebook-formats-explained,https://www.bookconv.com/es/blog/ebook-formats-explained,www.bookconv.com,,2,,,,filename_dup,E:\一人公司\电子书格式转换站\ebook-converter\数据分析\www.bookconv.com_AIPageStatsReport_2026_9_2 (2).csv
bing_wmt_ai,page_stats,,2026-09-02,,,https://www.bookconv.com/es,https://www.bookconv.com/es,www.bookconv.com,,2,,,,filename_dup,E:\一人公司\电子书格式转换站\ebook-converter\数据分析\www.bookconv.com_AIPageStatsReport_2026_9_2 (2).csv
bing_wmt_ai,page_stats,,2026-09-02,,,https://www.bookconv.com/es/blog/epub-to-mobi-guide,https://www.bookconv.com/es/blog/epub-to-mobi-guide,www.bookconv.com,,1,,,,filename_dup,E:\一人公司\电子书格式转换站\ebook-converter\数据分析\www.bookconv.com_AIPageStatsReport_2026_9_2 (2).csv
bing_wmt_ai,page_stats,,2026-09-02,,,https://www.bookconv.com/blog/azw3-epub-mobi-kindle,https://www.bookconv.com/blog/azw3-epub-mobi-kindle,www.bookconv.com,,1,,,,filename_dup,E:\一人公司\电子书格式转换站\ebook-converter\数据分析\www.bookconv.com_AIPageStatsReport_2026_9_2 (2).csv
bing_wmt_ai,page_stats,,2026-09-02,,,https://www.bookconv.com/blog/best-ebook-reader-apps,https://www.bookconv.com/blog/best-ebook-reader-apps,www.bookconv.com,,256,,,,,E:\一人公司\电子书格式转换站\ebook-converter\数据分析\www.bookconv.com_AIPageStatsReport_2026_9_2.csv
bing_wmt_ai,page_stats,,2026-09-02,,,https://www.bookconv.com/blog/sync-reading-across-devices,https://www.bookconv.com/blog/sync-reading-across-devices,www.bookconv.com,,212,,,,,E:\一人公司\电子书格式转换站\ebook-converter\数据分析\www.bookconv.com_AIPageStatsReport_2026_9_2.csv
bing_wmt_ai,page_stats,,2026-09-02,,,https://www.bookconv.com/guide/djvu-to-pdf,https://www.bookconv.com/guide/djvu-to-pdf,www.bookconv.com,,194,,,,,E:\一人公司\电子书格式转换站\ebook-converter\数据分析\www.bookconv.com_AIPageStatsReport_2026_9_2.csv
bing_wmt_ai,page_stats,,2026-09-02,,,https://www.bookconv.com/guide/mobi-to-epub-keep-formatting,https://www.bookconv.com/guide/mobi-to-epub-keep-formatting,www.bookconv.com,,99,,,,,E:\一人公司\电子书格式转换站\ebook-converter\数据分析\www.bookconv.com_AIPageStatsReport_2026_9_2.csv
bing_wmt_ai,page_stats,,2026-09-02,,,https://www.bookconv.com/,https://www.bookconv.com/,www.bookconv.com,,63,,,,,E:\一人公司\电子书格式转换站\ebook-converter\数据分析\www.bookconv.com_AIPageStatsReport_2026_9_2.csv
bing_wmt_ai,page_stats,,2026-09-02,,,https://www.bookconv.com/blog/why-ebook-wont-open-kindle,https://www.bookconv.com/blog/why-ebook-wont-open-kindle,www.bookconv.com,,52,,,,,E:\一人公司\电子书格式转换站\ebook-converter\数据分析\www.bookconv.com_AIPageStatsReport_2026_9_2.csv
bing_wmt_ai,page_stats,,2026-09-02,,,https://www.bookconv.com/blog/djvu-to-pdf,https://www.bookconv.com/blog/djvu-to-pdf,www.bookconv.com,,51,,,,,E:\一人公司\电子书格式转换站\ebook-converter\数据分析\www.bookconv.com_AIPageStatsReport_2026_9_2.csv
bing_wmt_ai,page_stats,,2026-09-02,,,https://www.bookconv.com/guide/epub-to-mobi-keep-formatting,https://www.bookconv.com/guide/epub-to-mobi-keep-formatting,www.bookconv.com,,48,,,,,E:\一人公司\电子书格式转换站\ebook-converter\数据分析\www.bookconv.com_AIPageStatsReport_2026_9_2.csv
bing_wmt_ai,page_stats,,2026-09-02,,,https://www.bookconv.com/blog/mobi-to-kobo,https://www.bookconv.com/blog/mobi-to-kobo,www.bookconv.com,,44,,,,,E:\一人公司\电子书格式转换站\ebook-converter\数据分析\www.bookconv.com_AIPageStatsReport_2026_9_2.csv
bing_wmt_ai,page_stats,,2026-09-02,,,https://www.bookconv.com/guide/kindle-formats,https://www.bookconv.com/guide/kindle-formats,www.bookconv.com,,42,,,,,E:\一人公司\电子书格式转换站\ebook-converter\数据分析\www.bookconv.com_AIPageStatsReport_2026_9_2.csv
bing_wmt_ai,page_stats,,2026-09-02,,,https://www.bookconv.com/blog/epub-vs-mobi,https://www.bookconv.com/blog/epub-vs-mobi,www.bookconv.com,,40,,,,,E:\一人公司\电子书格式转换站\ebook-converter\数据分析\www.bookconv.com_AIPageStatsReport_2026_9_2.csv
bing_wmt_ai,page_stats,,2026-09-02,,,https://www.bookconv.com/blog/epub3-vs-epub2,https://www.bookconv.com/blog/epub3-vs-epub2,www.bookconv.com,,33,,,,,E:\一人公司\电子书格式转换站\ebook-converter\数据分析\www.bookconv.com_AIPageStatsReport_2026_9_2.csv
bing_wmt_ai,page_stats,,2026-09-02,,,https://www.bookconv.com/guide/docx-to-epub-self-publish,https://www.bookconv.com/guide/docx-to-epub-self-publish,www.bookconv.com,,25,,,,,E:\一人公司\电子书格式转换站\ebook-converter\数据分析\www.bookconv.com_AIPageStatsReport_2026_9_2.csv
bing_wmt_ai,page_stats,,2026-09-02,,,https://www.bookconv.com/blog/can-kindle-read-azw3,https://www.bookconv.com/blog/can-kindle-read-azw3,www.bookconv.com,,17,,,,,E:\一人公司\电子书格式转换站\ebook-converter\数据分析\www.bookconv.com_AIPageStatsReport_2026_9_2.csv
bing_wmt_ai,page_stats,,2026-09-02,,,https://www.bookconv.com/blog/mobi-to-epub,https://www.bookconv.com/blog/mobi-to-epub,www.bookconv.com,,16,,,,,E:\一人公司\电子书格式转换站\ebook-converter\数据分析\www.bookconv.com_AIPageStatsReport_2026_9_2.csv
bing_wmt_ai,page_stats,,2026-09-02,,,https://www.bookconv.com/guide/mobi-vs-azw3,https://www.bookconv.com/guide/mobi-vs-azw3,www.bookconv.com,,13,,,,,E:\一人公司\电子书格式转换站\ebook-converter\数据分析\www.bookconv.com_AIPageStatsReport_2026_9_2.csv
bing_wmt_ai,page_stats,,2026-09-02,,,https://www.bookconv.com/guide/cbr-to-pdf,https://www.bookconv.com/guide/cbr-to-pdf,www.bookconv.com,,13,,,,,E:\一人公司\电子书格式转换站\ebook-converter\数据分析\www.bookconv.com_AIPageStatsReport_2026_9_2.csv
bing_wmt_ai,page_stats,,2026-09-02,,,https://www.bookconv.com/blog/kindle-epub-azw3-mobi,https://www.bookconv.com/blog/kindle-epub-azw3-mobi,www.bookconv.com,,12,,,,,E:\一人公司\电子书格式转换站\ebook-converter\数据分析\www.bookconv.com_AIPageStatsReport_2026_9_2.csv
bing_wmt_ai,page_stats,,2026-09-02,,,https://www.bookconv.com/blog/azw3-vs-mobi,https://www.bookconv.com/blog/azw3-vs-mobi,www.bookconv.com,,11,,,,,E:\一人公司\电子书格式转换站\ebook-converter\数据分析\www.bookconv.com_AIPageStatsReport_2026_9_2.csv
bing_wmt_ai,page_stats,,2026-09-02,,,https://www.bookconv.com/blog/azw3-epub-mobi-kindle-compatibility,https://www.bookconv.com/blog/azw3-epub-mobi-kindle-compatibility,www.bookconv.com,,8,,,,,E:\一人公司\电子书格式转换站\ebook-converter\数据分析\www.bookconv.com_AIPageStatsReport_2026_9_2.csv
bing_wmt_ai,page_stats,,2026-09-02,,,https://www.bookconv.com/guide/fix-epub-to-pdf-formatting,https://www.bookconv.com/guide/fix-epub-to-pdf-formatting,www.bookconv.com,,7,,,,,E:\一人公司\电子书格式转换站\ebook-converter\数据分析\www.bookconv.com_AIPageStatsReport_2026_9_2.csv
bing_wmt_ai,page_stats,,2026-09-02,,,https://www.bookconv.com/convert/epub-to-mobi,https://www.bookconv.com/convert/epub-to-mobi,www.bookconv.com,,6,,,,,E:\一人公司\电子书格式转换站\ebook-converter\数据分析\www.bookconv.com_AIPageStatsReport_2026_9_2.csv
bing_wmt_ai,page_stats,,2026-09-02,,,https://www.bookconv.com/guide/txt-to-epub-build-ebook,https://www.bookconv.com/guide/txt-to-epub-build-ebook,www.bookconv.com,,5,,,,,E:\一人公司\电子书格式转换站\ebook-converter\数据分析\www.bookconv.com_AIPageStatsReport_2026_9_2.csv
bing_wmt_ai,page_stats,,2026-09-02,,,https://www.bookconv.com/guide/fb2-to-epub-keep-formatting,https://www.bookconv.com/guide/fb2-to-epub-keep-formatting,www.bookconv.com,,5,,,,,E:\一人公司\电子书格式转换站\ebook-converter\数据分析\www.bookconv.com_AIPageStatsReport_2026_9_2.csv
bing_wmt_ai,page_stats,,2026-09-02,,,https://www.bookconv.com/guide/epub-to-azw3-for-kindle,https://www.bookconv.com/guide/epub-to-azw3-for-kindle,www.bookconv.com,,4,,,,,E:\一人公司\电子书格式转换站\ebook-converter\数据分析\www.bookconv.com_AIPageStatsReport_2026_9_2.csv
bing_wmt_ai,page_stats,,2026-09-02,,,https://www.bookconv.com/guide/best-ebook-converter,https://www.bookconv.com/guide/best-ebook-converter,www.bookconv.com,,3,,,,,E:\一人公司\电子书格式转换站\ebook-converter\数据分析\www.bookconv.com_AIPageStatsReport_2026_9_2.csv
bing_wmt_ai,page_stats,,2026-09-02,,,https://www.bookconv.com/blog/kobo-to-epub,https://www.bookconv.com/blog/kobo-to-epub,www.bookconv.com,,3,,,,,E:\一人公司\电子书格式转换站\ebook-converter\数据分析\www.bookconv.com_AIPageStatsReport_2026_9_2.csv
bing_wmt_ai,page_stats,,2026-09-02,,,https://www.bookconv.com/es/blog/ebook-formats-explained,https://www.bookconv.com/es/blog/ebook-formats-explained,www.bookconv.com,,2,,,,,E:\一人公司\电子书格式转换站\ebook-converter\数据分析\www.bookconv.com_AIPageStatsReport_2026_9_2.csv
bing_wmt_ai,page_stats,,2026-09-02,,,https://www.bookconv.com/es,https://www.bookconv.com/es,www.bookconv.com,,2,,,,,E:\一人公司\电子书格式转换站\ebook-converter\数据分析\www.bookconv.com_AIPageStatsReport_2026_9_2.csv
bing_wmt_ai,page_stats,,2026-09-02,,,https://www.bookconv.com/es/blog/epub-to-mobi-guide,https://www.bookconv.com/es/blog/epub-to-mobi-guide,www.bookconv.com,,1,,,,,E:\一人公司\电子书格式转换站\ebook-converter\数据分析\www.bookconv.com_AIPageStatsReport_2026_9_2.csv
bing_wmt_ai,page_stats,,2026-09-02,,,https://www.bookconv.com/blog/azw3-epub-mobi-kindle,https://www.bookconv.com/blog/azw3-epub-mobi-kindle,www.bookconv.com,,1,,,,,E:\一人公司\电子书格式转换站\ebook-converter\数据分析\www.bookconv.com_AIPageStatsReport_2026_9_2.csv
bing_wmt_ai,page_stats,,2026-09-03,,,https://www.bookconv.com/blog/best-ebook-reader-apps,https://www.bookconv.com/blog/best-ebook-reader-apps,www.bookconv.com,,256,,,,,E:\一人公司\电子书格式转换站\ebook-converter\数据分析\www.bookconv.com_AIPageStatsReport_2026_9_3.csv
bing_wmt_ai,page_stats,,2026-09-03,,,https://www.bookconv.com/blog/sync-reading-across-devices,https://www.bookconv.com/blog/sync-reading-across-devices,www.bookconv.com,,233,,,,,E:\一人公司\电子书格式转换站\ebook-converter\数据分析\www.bookconv.com_AIPageStatsReport_2026_9_3.csv
bing_wmt_ai,page_stats,,2026-09-03,,,https://www.bookconv.com/guide/djvu-to-pdf,https://www.bookconv.com/guide/djvu-to-pdf,www.bookconv.com,,194,,,,,E:\一人公司\电子书格式转换站\ebook-converter\数据分析\www.bookconv.com_AIPageStatsReport_2026_9_3.csv
bing_wmt_ai,page_stats,,2026-09-03,,,https://www.bookconv.com/guide/mobi-to-epub-keep-formatting,https://www.bookconv.com/guide/mobi-to-epub-keep-formatting,www.bookconv.com,,99,,,,,E:\一人公司\电子书格式转换站\ebook-converter\数据分析\www.bookconv.com_AIPageStatsReport_2026_9_3.csv
bing_wmt_ai,page_stats,,2026-09-03,,,https://www.bookconv.com/,https://www.bookconv.com/,www.bookconv.com,,63,,,,,E:\一人公司\电子书格式转换站\ebook-converter\数据分析\www.bookconv.com_AIPageStatsReport_2026_9_3.csv
bing_wmt_ai,page_stats,,2026-09-03,,,https://www.bookconv.com/blog/why-ebook-wont-open-kindle,https://www.bookconv.com/blog/why-ebook-wont-open-kindle,www.bookconv.com,,52,,,,,E:\一人公司\电子书格式转换站\ebook-converter\数据分析\www.bookconv.com_AIPageStatsReport_2026_9_3.csv
bing_wmt_ai,page_stats,,2026-09-03,,,https://www.bookconv.com/blog/djvu-to-pdf,https://www.bookconv.com/blog/djvu-to-pdf,www.bookconv.com,,51,,,,,E:\一人公司\电子书格式转换站\ebook-converter\数据分析\www.bookconv.com_AIPageStatsReport_2026_9_3.csv
bing_wmt_ai,page_stats,,2026-09-03,,,https://www.bookconv.com/guide/epub-to-mobi-keep-formatting,https://www.bookconv.com/guide/epub-to-mobi-keep-formatting,www.bookconv.com,,48,,,,,E:\一人公司\电子书格式转换站\ebook-converter\数据分析\www.bookconv.com_AIPageStatsReport_2026_9_3.csv
bing_wmt_ai,page_stats,,2026-09-03,,,https://www.bookconv.com/blog/mobi-to-kobo,https://www.bookconv.com/blog/mobi-to-kobo,www.bookconv.com,,44,,,,,E:\一人公司\电子书格式转换站\ebook-converter\数据分析\www.bookconv.com_AIPageStatsReport_2026_9_3.csv
bing_wmt_ai,page_stats,,2026-09-03,,,https://www.bookconv.com/guide/kindle-formats,https://www.bookconv.com/guide/kindle-formats,www.bookconv.com,,42,,,,,E:\一人公司\电子书格式转换站\ebook-converter\数据分析\www.bookconv.com_AIPageStatsReport_2026_9_3.csv
bing_wmt_ai,page_stats,,2026-09-03,,,https://www.bookconv.com/blog/epub-vs-mobi,https://www.bookconv.com/blog/epub-vs-mobi,www.bookconv.com,,40,,,,,E:\一人公司\电子书格式转换站\ebook-converter\数据分析\www.bookconv.com_AIPageStatsReport_2026_9_3.csv
bing_wmt_ai,page_stats,,2026-09-03,,,https://www.bookconv.com/blog/epub3-vs-epub2,https://www.bookconv.com/blog/epub3-vs-epub2,www.bookconv.com,,33,,,,,E:\一人公司\电子书格式转换站\ebook-converter\数据分析\www.bookconv.com_AIPageStatsReport_2026_9_3.csv
bing_wmt_ai,page_stats,,2026-09-03,,,https://www.bookconv.com/guide/docx-to-epub-self-publish,https://www.bookconv.com/guide/docx-to-epub-self-publish,www.bookconv.com,,25,,,,,E:\一人公司\电子书格式转换站\ebook-converter\数据分析\www.bookconv.com_AIPageStatsReport_2026_9_3.csv
bing_wmt_ai,page_stats,,2026-09-03,,,https://www.bookconv.com/blog/can-kindle-read-azw3,https://www.bookconv.com/blog/can-kindle-read-azw3,www.bookconv.com,,17,,,,,E:\一人公司\电子书格式转换站\ebook-converter\数据分析\www.bookconv.com_AIPageStatsReport_2026_9_3.csv
bing_wmt_ai,page_stats,,2026-09-03,,,https://www.bookconv.com/blog/mobi-to-epub,https://www.bookconv.com/blog/mobi-to-epub,www.bookconv.com,,16,,,,,E:\一人公司\电子书格式转换站\ebook-converter\数据分析\www.bookconv.com_AIPageStatsReport_2026_9_3.csv
bing_wmt_ai,page_stats,,2026-09-03,,,https://www.bookconv.com/guide/mobi-vs-azw3,https://www.bookconv.com/guide/mobi-vs-azw3,www.bookconv.com,,13,,,,,E:\一人公司\电子书格式转换站\ebook-converter\数据分析\www.bookconv.com_AIPageStatsReport_2026_9_3.csv
bing_wmt_ai,page_stats,,2026-09-03,,,https://www.bookconv.com/guide/cbr-to-pdf,https://www.bookconv.com/guide/cbr-to-pdf,www.bookconv.com,,13,,,,,E:\一人公司\电子书格式转换站\ebook-converter\数据分析\www.bookconv.com_AIPageStatsReport_2026_9_3.csv
bing_wmt_ai,page_stats,,2026-09-03,,,https://www.bookconv.com/blog/kindle-epub-azw3-mobi,https://www.bookconv.com/blog/kindle-epub-azw3-mobi,www.bookconv.com,,12,,,,,E:\一人公司\电子书格式转换站\ebook-converter\数据分析\www.bookconv.com_AIPageStatsReport_2026_9_3.csv
bing_wmt_ai,page_stats,,2026-09-03,,,https://www.bookconv.com/convert/epub-to-mobi,https://www.bookconv.com/convert/epub-to-mobi,www.bookconv.com,,11,,,,,E:\一人公司\电子书格式转换站\ebook-converter\数据分析\www.bookconv.com_AIPageStatsReport_2026_9_3.csv
bing_wmt_ai,page_stats,,2026-09-03,,,https://www.bookconv.com/blog/azw3-vs-mobi,https://www.bookconv.com/blog/azw3-vs-mobi,www.bookconv.com,,11,,,,,E:\一人公司\电子书格式转换站\ebook-converter\数据分析\www.bookconv.com_AIPageStatsReport_2026_9_3.csv
bing_wmt_ai,page_stats,,2026-09-03,,,https://www.bookconv.com/blog/azw3-epub-mobi-kindle-compatibility,https://www.bookconv.com/blog/azw3-epub-mobi-kindle-compatibility,www.bookconv.com,,8,,,,,E:\一人公司\电子书格式转换站\ebook-converter\数据分析\www.bookconv.com_AIPageStatsReport_2026_9_3.csv
bing_wmt_ai,page_stats,,2026-09-03,,,https://www.bookconv.com/guide/fix-epub-to-pdf-formatting,https://www.bookconv.com/guide/fix-epub-to-pdf-formatting,www.bookconv.com,,7,,,,,E:\一人公司\电子书格式转换站\ebook-converter\数据分析\www.bookconv.com_AIPageStatsReport_2026_9_3.csv
bing_wmt_ai,page_stats,,2026-09-03,,,https://www.bookconv.com/guide/txt-to-epub-build-ebook,https://www.bookconv.com/guide/txt-to-epub-build-ebook,www.bookconv.com,,5,,,,,E:\一人公司\电子书格式转换站\ebook-converter\数据分析\www.bookconv.com_AIPageStatsReport_2026_9_3.csv
bing_wmt_ai,page_stats,,2026-09-03,,,https://www.bookconv.com/guide/fb2-to-epub-keep-formatting,https://www.bookconv.com/guide/fb2-to-epub-keep-formatting,www.bookconv.com,,5,,,,,E:\一人公司\电子书格式转换站\ebook-converter\数据分析\www.bookconv.com_AIPageStatsReport_2026_9_3.csv
bing_wmt_ai,page_stats,,2026-09-03,,,https://www.bookconv.com/guide/epub-to-azw3-for-kindle,https://www.bookconv.com/guide/epub-to-azw3-for-kindle,www.bookconv.com,,4,,,,,E:\一人公司\电子书格式转换站\ebook-converter\数据分析\www.bookconv.com_AIPageStatsReport_2026_9_3.csv
bing_wmt_ai,page_stats,,2026-09-03,,,https://www.bookconv.com/guide/best-ebook-converter,https://www.bookconv.com/guide/best-ebook-converter,www.bookconv.com,,3,,,,,E:\一人公司\电子书格式转换站\ebook-converter\数据分析\www.bookconv.com_AIPageStatsReport_2026_9_3.csv
bing_wmt_ai,page_stats,,2026-09-03,,,https://www.bookconv.com/blog/kobo-to-epub,https://www.bookconv.com/blog/kobo-to-epub,www.bookconv.com,,3,,,,,E:\一人公司\电子书格式转换站\ebook-converter\数据分析\www.bookconv.com_AIPageStatsReport_2026_9_3.csv
bing_wmt_ai,page_stats,,2026-09-03,,,https://www.bookconv.com/es/blog/ebook-formats-explained,https://www.bookconv.com/es/blog/ebook-formats-explained,www.bookconv.com,,2,,,,,E:\一人公司\电子书格式转换站\ebook-converter\数据分析\www.bookconv.com_AIPageStatsReport_2026_9_3.csv
bing_wmt_ai,page_stats,,2026-09-03,,,https://www.bookconv.com/es,https://www.bookconv.com/es,www.bookconv.com,,2,,,,,E:\一人公司\电子书格式转换站\ebook-converter\数据分析\www.bookconv.com_AIPageStatsReport_2026_9_3.csv
bing_wmt_ai,page_stats,,2026-09-03,,,https://www.bookconv.com/es/blog/epub-to-mobi-guide,https://www.bookconv.com/es/blog/epub-to-mobi-guide,www.bookconv.com,,1,,,,,E:\一人公司\电子书格式转换站\ebook-converter\数据分析\www.bookconv.com_AIPageStatsReport_2026_9_3.csv
bing_wmt_ai,page_stats,,2026-09-03,,,https://www.bookconv.com/blog/azw3-epub-mobi-kindle,https://www.bookconv.com/blog/azw3-epub-mobi-kindle,www.bookconv.com,,1,,,,,E:\一人公司\电子书格式转换站\ebook-converter\数据分析\www.bookconv.com_AIPageStatsReport_2026_9_3.csv
bing_wmt_ai,page_stats,,2026-09-06,,,https://www.bookconv.com/blog/best-ebook-reader-apps,https://www.bookconv.com/blog/best-ebook-reader-apps,www.bookconv.com,,486,,,,filename_dup,E:\一人公司\电子书格式转换站\ebook-converter\数据分析\www.bookconv.com_AIPageStatsReport_2026_9_6 (2).csv
bing_wmt_ai,page_stats,,2026-09-06,,,https://www.bookconv.com/blog/sync-reading-across-devices,https://www.bookconv.com/blog/sync-reading-across-devices,www.bookconv.com,,292,,,,filename_dup,E:\一人公司\电子书格式转换站\ebook-converter\数据分析\www.bookconv.com_AIPageStatsReport_2026_9_6 (2).csv
bing_wmt_ai,page_stats,,2026-09-06,,,https://www.bookconv.com/guide/djvu-to-pdf,https://www.bookconv.com/guide/djvu-to-pdf,www.bookconv.com,,200,,,,filename_dup,E:\一人公司\电子书格式转换站\ebook-converter\数据分析\www.bookconv.com_AIPageStatsReport_2026_9_6 (2).csv
bing_wmt_ai,page_stats,,2026-09-06,,,https://www.bookconv.com/guide/mobi-to-epub-keep-formatting,https://www.bookconv.com/guide/mobi-to-epub-keep-formatting,www.bookconv.com,,115,,,,filename_dup,E:\一人公司\电子书格式转换站\ebook-converter\数据分析\www.bookconv.com_AIPageStatsReport_2026_9_6 (2).csv
bing_wmt_ai,page_stats,,2026-09-06,,,https://www.bookconv.com/blog/mobi-to-kobo,https://www.bookconv.com/blog/mobi-to-kobo,www.bookconv.com,,65,,,,filename_dup,E:\一人公司\电子书格式转换站\ebook-converter\数据分析\www.bookconv.com_AIPageStatsReport_2026_9_6 (2).csv
bing_wmt_ai,page_stats,,2026-09-06,,,https://www.bookconv.com/,https://www.bookconv.com/,www.bookconv.com,,63,,,,filename_dup,E:\一人公司\电子书格式转换站\ebook-converter\数据分析\www.bookconv.com_AIPageStatsReport_2026_9_6 (2).csv
bing_wmt_ai,page_stats,,2026-09-06,,,https://www.bookconv.com/guide/kindle-formats,https://www.bookconv.com/guide/kindle-formats,www.bookconv.com,,61,,,,filename_dup,E:\一人公司\电子书格式转换站\ebook-converter\数据分析\www.bookconv.com_AIPageStatsReport_2026_9_6 (2).csv
bing_wmt_ai,page_stats,,2026-09-06,,,https://www.bookconv.com/guide/epub-to-mobi-keep-formatting,https://www.bookconv.com/guide/epub-to-mobi-keep-formatting,www.bookconv.com,,53,,,,filename_dup,E:\一人公司\电子书格式转换站\ebook-converter\数据分析\www.bookconv.com_AIPageStatsReport_2026_9_6 (2).csv
bing_wmt_ai,page_stats,,2026-09-06,,,https://www.bookconv.com/blog/why-ebook-wont-open-kindle,https://www.bookconv.com/blog/why-ebook-wont-open-kindle,www.bookconv.com,,52,,,,filename_dup,E:\一人公司\电子书格式转换站\ebook-converter\数据分析\www.bookconv.com_AIPageStatsReport_2026_9_6 (2).csv
bing_wmt_ai,page_stats,,2026-09-06,,,https://www.bookconv.com/blog/epub3-vs-epub2,https://www.bookconv.com/blog/epub3-vs-epub2,www.bookconv.com,,52,,,,filename_dup,E:\一人公司\电子书格式转换站\ebook-converter\数据分析\www.bookconv.com_AIPageStatsReport_2026_9_6 (2).csv
bing_wmt_ai,page_stats,,2026-09-06,,,https://www.bookconv.com/blog/djvu-to-pdf,https://www.bookconv.com/blog/djvu-to-pdf,www.bookconv.com,,51,,,,filename_dup,E:\一人公司\电子书格式转换站\ebook-converter\数据分析\www.bookconv.com_AIPageStatsReport_2026_9_6 (2).csv
bing_wmt_ai,page_stats,,2026-09-06,,,https://www.bookconv.com/blog/epub-vs-mobi,https://www.bookconv.com/blog/epub-vs-mobi,www.bookconv.com,,49,,,,filename_dup,E:\一人公司\电子书格式转换站\ebook-converter\数据分析\www.bookconv.com_AIPageStatsReport_2026_9_6 (2).csv
bing_wmt_ai,page_stats,,2026-09-06,,,https://www.bookconv.com/guide/docx-to-epub-self-publish,https://www.bookconv.com/guide/docx-to-epub-self-publish,www.bookconv.com,,38,,,,filename_dup,E:\一人公司\电子书格式转换站\ebook-converter\数据分析\www.bookconv.com_AIPageStatsReport_2026_9_6 (2).csv
bing_wmt_ai,page_stats,,2026-09-06,,,https://www.bookconv.com/blog/mobi-to-epub,https://www.bookconv.com/blog/mobi-to-epub,www.bookconv.com,,32,,,,filename_dup,E:\一人公司\电子书格式转换站\ebook-converter\数据分析\www.bookconv.com_AIPageStatsReport_2026_9_6 (2).csv
bing_wmt_ai,page_stats,,2026-09-06,,,https://www.bookconv.com/blog/sync-ebooks-reading-groups,https://www.bookconv.com/blog/sync-ebooks-reading-groups,www.bookconv.com,,31,,,,filename_dup,E:\一人公司\电子书格式转换站\ebook-converter\数据分析\www.bookconv.com_AIPageStatsReport_2026_9_6 (2).csv
bing_wmt_ai,page_stats,,2026-09-06,,,https://www.bookconv.com/guide/cbr-to-pdf,https://www.bookconv.com/guide/cbr-to-pdf,www.bookconv.com,,21,,,,filename_dup,E:\一人公司\电子书格式转换站\ebook-converter\数据分析\www.bookconv.com_AIPageStatsReport_2026_9_6 (2).csv
bing_wmt_ai,page_stats,,2026-09-06,,,https://www.bookconv.com/blog/can-kindle-read-azw3,https://www.bookconv.com/blog/can-kindle-read-azw3,www.bookconv.com,,17,,,,filename_dup,E:\一人公司\电子书格式转换站\ebook-converter\数据分析\www.bookconv.com_AIPageStatsReport_2026_9_6 (2).csv
bing_wmt_ai,page_stats,,2026-09-06,,,https://www.bookconv.com/blog/azw3-vs-mobi,https://www.bookconv.com/blog/azw3-vs-mobi,www.bookconv.com,,17,,,,filename_dup,E:\一人公司\电子书格式转换站\ebook-converter\数据分析\www.bookconv.com_AIPageStatsReport_2026_9_6 (2).csv
bing_wmt_ai,page_stats,,2026-09-06,,,https://www.bookconv.com/blog/kindle-epub-azw3-mobi,https://www.bookconv.com/blog/kindle-epub-azw3-mobi,www.bookconv.com,,17,,,,filename_dup,E:\一人公司\电子书格式转换站\ebook-converter\数据分析\www.bookconv.com_AIPageStatsReport_2026_9_6 (2).csv
bing_wmt_ai,page_stats,,2026-09-06,,,https://www.bookconv.com/convert/epub-to-mobi,https://www.bookconv.com/convert/epub-to-mobi,www.bookconv.com,,16,,,,filename_dup,E:\一人公司\电子书格式转换站\ebook-converter\数据分析\www.bookconv.com_AIPageStatsReport_2026_9_6 (2).csv
bing_wmt_ai,page_stats,,2026-09-06,,,https://www.bookconv.com/guide/mobi-vs-azw3,https://www.bookconv.com/guide/mobi-vs-azw3,www.bookconv.com,,13,,,,filename_dup,E:\一人公司\电子书格式转换站\ebook-converter\数据分析\www.bookconv.com_AIPageStatsReport_2026_9_6 (2).csv
bing_wmt_ai,page_stats,,2026-09-06,,,https://www.bookconv.com/blog/ebook-formats-explained,https://www.bookconv.com/blog/ebook-formats-explained,www.bookconv.com,,9,,,,filename_dup,E:\一人公司\电子书格式转换站\ebook-converter\数据分析\www.bookconv.com_AIPageStatsReport_2026_9_6 (2).csv
bing_wmt_ai,page_stats,,2026-09-06,,,https://www.bookconv.com/blog/azw3-epub-mobi-kindle-compatibility,https://www.bookconv.com/blog/azw3-epub-mobi-kindle-compatibility,www.bookconv.com,,8,,,,filename_dup,E:\一人公司\电子书格式转换站\ebook-converter\数据分析\www.bookconv.com_AIPageStatsReport_2026_9_6 (2).csv
bing_wmt_ai,page_stats,,2026-09-06,,,https://www.bookconv.com/guide/epub-to-azw3-for-kindle,https://www.bookconv.com/guide/epub-to-azw3-for-kindle,www.bookconv.com,,8,,,,filename_dup,E:\一人公司\电子书格式转换站\ebook-converter\数据分析\www.bookconv.com_AIPageStatsReport_2026_9_6 (2).csv
bing_wmt_ai,page_stats,,2026-09-06,,,https://www.bookconv.com/guide/fb2-to-epub-keep-formatting,https://www.bookconv.com/guide/fb2-to-epub-keep-formatting,www.bookconv.com,,8,,,,filename_dup,E:\一人公司\电子书格式转换站\ebook-converter\数据分析\www.bookconv.com_AIPageStatsReport_2026_9_6 (2).csv
bing_wmt_ai,page_stats,,2026-09-06,,,https://www.bookconv.com/guide/fix-epub-to-pdf-formatting,https://www.bookconv.com/guide/fix-epub-to-pdf-formatting,www.bookconv.com,,7,,,,filename_dup,E:\一人公司\电子书格式转换站\ebook-converter\数据分析\www.bookconv.com_AIPageStatsReport_2026_9_6 (2).csv
bing_wmt_ai,page_stats,,2026-09-06,,,https://www.bookconv.com/guide/txt-to-epub-build-ebook,https://www.bookconv.com/guide/txt-to-epub-build-ebook,www.bookconv.com,,5,,,,filename_dup,E:\一人公司\电子书格式转换站\ebook-converter\数据分析\www.bookconv.com_AIPageStatsReport_2026_9_6 (2).csv
bing_wmt_ai,page_stats,,2026-09-06,,,https://www.bookconv.com/guide/best-ebook-converter,https://www.bookconv.com/guide/best-ebook-converter,www.bookconv.com,,3,,,,filename_dup,E:\一人公司\电子书格式转换站\ebook-converter\数据分析\www.bookconv.com_AIPageStatsReport_2026_9_6 (2).csv
bing_wmt_ai,page_stats,,2026-09-06,,,https://www.bookconv.com/blog/kobo-to-epub,https://www.bookconv.com/blog/kobo-to-epub,www.bookconv.com,,3,,,,filename_dup,E:\一人公司\电子书格式转换站\ebook-converter\数据分析\www.bookconv.com_AIPageStatsReport_2026_9_6 (2).csv
bing_wmt_ai,page_stats,,2026-09-06,,,https://www.bookconv.com/blog/conversion-error-guide,https://www.bookconv.com/blog/conversion-error-guide,www.bookconv.com,,3,,,,filename_dup,E:\一人公司\电子书格式转换站\ebook-converter\数据分析\www.bookconv.com_AIPageStatsReport_2026_9_6 (2).csv
bing_wmt_ai,page_stats,,2026-09-06,,,https://www.bookconv.com/es/blog/ebook-formats-explained,https://www.bookconv.com/es/blog/ebook-formats-explained,www.bookconv.com,,2,,,,filename_dup,E:\一人公司\电子书格式转换站\ebook-converter\数据分析\www.bookconv.com_AIPageStatsReport_2026_9_6 (2).csv
bing_wmt_ai,page_stats,,2026-09-06,,,https://www.bookconv.com/es,https://www.bookconv.com/es,www.bookconv.com,,2,,,,filename_dup,E:\一人公司\电子书格式转换站\ebook-converter\数据分析\www.bookconv.com_AIPageStatsReport_2026_9_6 (2).csv
bing_wmt_ai,page_stats,,2026-09-06,,,https://www.bookconv.com/es/blog/azw3-vs-mobi,https://www.bookconv.com/es/blog/azw3-vs-mobi,www.bookconv.com,,1,,,,filename_dup,E:\一人公司\电子书格式转换站\ebook-converter\数据分析\www.bookconv.com_AIPageStatsReport_2026_9_6 (2).csv
bing_wmt_ai,page_stats,,2026-09-06,,,https://www.bookconv.com/es/blog/epub-to-mobi-guide,https://www.bookconv.com/es/blog/epub-to-mobi-guide,www.bookconv.com,,1,,,,filename_dup,E:\一人公司\电子书格式转换站\ebook-converter\数据分析\www.bookconv.com_AIPageStatsReport_2026_9_6 (2).csv
bing_wmt_ai,page_stats,,2026-09-06,,,https://www.bookconv.com/blog/azw3-epub-mobi-kindle,https://www.bookconv.com/blog/azw3-epub-mobi-kindle,www.bookconv.com,,1,,,,filename_dup,E:\一人公司\电子书格式转换站\ebook-converter\数据分析\www.bookconv.com_AIPageStatsReport_2026_9_6 (2).csv
bing_wmt_ai,page_stats,,2026-09-06,,,https://www.bookconv.com/blog/best-ebook-reader-apps,https://www.bookconv.com/blog/best-ebook-reader-apps,www.bookconv.com,,486,,,,,E:\一人公司\电子书格式转换站\ebook-converter\数据分析\www.bookconv.com_AIPageStatsReport_2026_9_6.csv
bing_wmt_ai,page_stats,,2026-09-06,,,https://www.bookconv.com/blog/sync-reading-across-devices,https://www.bookconv.com/blog/sync-reading-across-devices,www.bookconv.com,,292,,,,,E:\一人公司\电子书格式转换站\ebook-converter\数据分析\www.bookconv.com_AIPageStatsReport_2026_9_6.csv
bing_wmt_ai,page_stats,,2026-09-06,,,https://www.bookconv.com/guide/djvu-to-pdf,https://www.bookconv.com/guide/djvu-to-pdf,www.bookconv.com,,200,,,,,E:\一人公司\电子书格式转换站\ebook-converter\数据分析\www.bookconv.com_AIPageStatsReport_2026_9_6.csv
bing_wmt_ai,page_stats,,2026-09-06,,,https://www.bookconv.com/guide/mobi-to-epub-keep-formatting,https://www.bookconv.com/guide/mobi-to-epub-keep-formatting,www.bookconv.com,,115,,,,,E:\一人公司\电子书格式转换站\ebook-converter\数据分析\www.bookconv.com_AIPageStatsReport_2026_9_6.csv
bing_wmt_ai,page_stats,,2026-09-06,,,https://www.bookconv.com/blog/mobi-to-kobo,https://www.bookconv.com/blog/mobi-to-kobo,www.bookconv.com,,65,,,,,E:\一人公司\电子书格式转换站\ebook-converter\数据分析\www.bookconv.com_AIPageStatsReport_2026_9_6.csv
bing_wmt_ai,page_stats,,2026-09-06,,,https://www.bookconv.com/,https://www.bookconv.com/,www.bookconv.com,,63,,,,,E:\一人公司\电子书格式转换站\ebook-converter\数据分析\www.bookconv.com_AIPageStatsReport_2026_9_6.csv
bing_wmt_ai,page_stats,,2026-09-06,,,https://www.bookconv.com/guide/kindle-formats,https://www.bookconv.com/guide/kindle-formats,www.bookconv.com,,61,,,,,E:\一人公司\电子书格式转换站\ebook-converter\数据分析\www.bookconv.com_AIPageStatsReport_2026_9_6.csv
bing_wmt_ai,page_stats,,2026-09-06,,,https://www.bookconv.com/guide/epub-to-mobi-keep-formatting,https://www.bookconv.com/guide/epub-to-mobi-keep-formatting,www.bookconv.com,,53,,,,,E:\一人公司\电子书格式转换站\ebook-converter\数据分析\www.bookconv.com_AIPageStatsReport_2026_9_6.csv
bing_wmt_ai,page_stats,,2026-09-06,,,https://www.bookconv.com/blog/why-ebook-wont-open-kindle,https://www.bookconv.com/blog/why-ebook-wont-open-kindle,www.bookconv.com,,52,,,,,E:\一人公司\电子书格式转换站\ebook-converter\数据分析\www.bookconv.com_AIPageStatsReport_2026_9_6.csv
bing_wmt_ai,page_stats,,2026-09-06,,,https://www.bookconv.com/blog/epub3-vs-epub2,https://www.bookconv.com/blog/epub3-vs-epub2,www.bookconv.com,,52,,,,,E:\一人公司\电子书格式转换站\ebook-converter\数据分析\www.bookconv.com_AIPageStatsReport_2026_9_6.csv
bing_wmt_ai,page_stats,,2026-09-06,,,https://www.bookconv.com/blog/djvu-to-pdf,https://www.bookconv.com/blog/djvu-to-pdf,www.bookconv.com,,51,,,,,E:\一人公司\电子书格式转换站\ebook-converter\数据分析\www.bookconv.com_AIPageStatsReport_2026_9_6.csv
bing_wmt_ai,page_stats,,2026-09-06,,,https://www.bookconv.com/blog/epub-vs-mobi,https://www.bookconv.com/blog/epub-vs-mobi,www.bookconv.com,,49,,,,,E:\一人公司\电子书格式转换站\ebook-converter\数据分析\www.bookconv.com_AIPageStatsReport_2026_9_6.csv
bing_wmt_ai,page_stats,,2026-09-06,,,https://www.bookconv.com/guide/docx-to-epub-self-publish,https://www.bookconv.com/guide/docx-to-epub-self-publish,www.bookconv.com,,38,,,,,E:\一人公司\电子书格式转换站\ebook-converter\数据分析\www.bookconv.com_AIPageStatsReport_2026_9_6.csv
bing_wmt_ai,page_stats,,2026-09-06,,,https://www.bookconv.com/blog/mobi-to-epub,https://www.bookconv.com/blog/mobi-to-epub,www.bookconv.com,,32,,,,,E:\一人公司\电子书格式转换站\ebook-converter\数据分析\www.bookconv.com_AIPageStatsReport_2026_9_6.csv
bing_wmt_ai,page_stats,,2026-09-06,,,https://www.bookconv.com/blog/sync-ebooks-reading-groups,https://www.bookconv.com/blog/sync-ebooks-reading-groups,www.bookconv.com,,31,,,,,E:\一人公司\电子书格式转换站\ebook-converter\数据分析\www.bookconv.com_AIPageStatsReport_2026_9_6.csv
bing_wmt_ai,page_stats,,2026-09-06,,,https://www.bookconv.com/guide/cbr-to-pdf,https://www.bookconv.com/guide/cbr-to-pdf,www.bookconv.com,,21,,,,,E:\一人公司\电子书格式转换站\ebook-converter\数据分析\www.bookconv.com_AIPageStatsReport_2026_9_6.csv
bing_wmt_ai,page_stats,,2026-09-06,,,https://www.bookconv.com/blog/can-kindle-read-azw3,https://www.bookconv.com/blog/can-kindle-read-azw3,www.bookconv.com,,17,,,,,E:\一人公司\电子书格式转换站\ebook-converter\数据分析\www.bookconv.com_AIPageStatsReport_2026_9_6.csv
bing_wmt_ai,page_stats,,2026-09-06,,,https://www.bookconv.com/blog/azw3-vs-mobi,https://www.bookconv.com/blog/azw3-vs-mobi,www.bookconv.com,,17,,,,,E:\一人公司\电子书格式转换站\ebook-converter\数据分析\www.bookconv.com_AIPageStatsReport_2026_9_6.csv
bing_wmt_ai,page_stats,,2026-09-06,,,https://www.bookconv.com/blog/kindle-epub-azw3-mobi,https://www.bookconv.com/blog/kindle-epub-azw3-mobi,www.bookconv.com,,17,,,,,E:\一人公司\电子书格式转换站\ebook-converter\数据分析\www.bookconv.com_AIPageStatsReport_2026_9_6.csv
bing_wmt_ai,page_stats,,2026-09-06,,,https://www.bookconv.com/convert/epub-to-mobi,https://www.bookconv.com/convert/epub-to-mobi,www.bookconv.com,,16,,,,,E:\一人公司\电子书格式转换站\ebook-converter\数据分析\www.bookconv.com_AIPageStatsReport_2026_9_6.csv
bing_wmt_ai,page_stats,,2026-09-06,,,https://www.bookconv.com/guide/mobi-vs-azw3,https://www.bookconv.com/guide/mobi-vs-azw3,www.bookconv.com,,13,,,,,E:\一人公司\电子书格式转换站\ebook-converter\数据分析\www.bookconv.com_AIPageStatsReport_2026_9_6.csv
bing_wmt_ai,page_stats,,2026-09-06,,,https://www.bookconv.com/blog/ebook-formats-explained,https://www.bookconv.com/blog/ebook-formats-explained,www.bookconv.com,,9,,,,,E:\一人公司\电子书格式转换站\ebook-converter\数据分析\www.bookconv.com_AIPageStatsReport_2026_9_6.csv
bing_wmt_ai,page_stats,,2026-09-06,,,https://www.bookconv.com/blog/azw3-epub-mobi-kindle-compatibility,https://www.bookconv.com/blog/azw3-epub-mobi-kindle-compatibility,www.bookconv.com,,8,,,,,E:\一人公司\电子书格式转换站\ebook-converter\数据分析\www.bookconv.com_AIPageStatsReport_2026_9_6.csv
bing_wmt_ai,page_stats,,2026-09-06,,,https://www.bookconv.com/guide/epub-to-azw3-for-kindle,https://www.bookconv.com/guide/epub-to-azw3-for-kindle,www.bookconv.com,,8,,,,,E:\一人公司\电子书格式转换站\ebook-converter\数据分析\www.bookconv.com_AIPageStatsReport_2026_9_6.csv
bing_wmt_ai,page_stats,,2026-09-06,,,https://www.bookconv.com/guide/fb2-to-epub-keep-formatting,https://www.bookconv.com/guide/fb2-to-epub-keep-formatting,www.bookconv.com,,8,,,,,E:\一人公司\电子书格式转换站\ebook-converter\数据分析\www.bookconv.com_AIPageStatsReport_2026_9_6.csv
bing_wmt_ai,page_stats,,2026-09-06,,,https://www.bookconv.com/guide/fix-epub-to-pdf-formatting,https://www.bookconv.com/guide/fix-epub-to-pdf-formatting,www.bookconv.com,,7,,,,,E:\一人公司\电子书格式转换站\ebook-converter\数据分析\www.bookconv.com_AIPageStatsReport_2026_9_6.csv
bing_wmt_ai,page_stats,,2026-09-06,,,https://www.bookconv.com/guide/txt-to-epub-build-ebook,https://www.bookconv.com/guide/txt-to-epub-build-ebook,www.bookconv.com,,5,,,,,E:\一人公司\电子书格式转换站\ebook-converter\数据分析\www.bookconv.com_AIPageStatsReport_2026_9_6.csv
bing_wmt_ai,page_stats,,2026-09-06,,,https://www.bookconv.com/guide/best-ebook-converter,https://www.bookconv.com/guide/best-ebook-converter,www.bookconv.com,,3,,,,,E:\一人公司\电子书格式转换站\ebook-converter\数据分析\www.bookconv.com_AIPageStatsReport_2026_9_6.csv
bing_wmt_ai,page_stats,,2026-09-06,,,https://www.bookconv.com/blog/kobo-to-epub,https://www.bookconv.com/blog/kobo-to-epub,www.bookconv.com,,3,,,,,E:\一人公司\电子书格式转换站\ebook-converter\数据分析\www.bookconv.com_AIPageStatsReport_2026_9_6.csv
bing_wmt_ai,page_stats,,2026-09-06,,,https://www.bookconv.com/blog/conversion-error-guide,https://www.bookconv.com/blog/conversion-error-guide,www.bookconv.com,,3,,,,,E:\一人公司\电子书格式转换站\ebook-converter\数据分析\www.bookconv.com_AIPageStatsReport_2026_9_6.csv
bing_wmt_ai,page_stats,,2026-09-06,,,https://www.bookconv.com/es/blog/ebook-formats-explained,https://www.bookconv.com/es/blog/ebook-formats-explained,www.bookconv.com,,2,,,,,E:\一人公司\电子书格式转换站\ebook-converter\数据分析\www.bookconv.com_AIPageStatsReport_2026_9_6.csv
bing_wmt_ai,page_stats,,2026-09-06,,,https://www.bookconv.com/es,https://www.bookconv.com/es,www.bookconv.com,,2,,,,,E:\一人公司\电子书格式转换站\ebook-converter\数据分析\www.bookconv.com_AIPageStatsReport_2026_9_6.csv
bing_wmt_ai,page_stats,,2026-09-06,,,https://www.bookconv.com/es/blog/azw3-vs-mobi,https://www.bookconv.com/es/blog/azw3-vs-mobi,www.bookconv.com,,1,,,,,E:\一人公司\电子书格式转换站\ebook-converter\数据分析\www.bookconv.com_AIPageStatsReport_2026_9_6.csv
bing_wmt_ai,page_stats,,2026-09-06,,,https://www.bookconv.com/es/blog/epub-to-mobi-guide,https://www.bookconv.com/es/blog/epub-to-mobi-guide,www.bookconv.com,,1,,,,,E:\一人公司\电子书格式转换站\ebook-converter\数据分析\www.bookconv.com_AIPageStatsReport_2026_9_6.csv
bing_wmt_ai,page_stats,,2026-09-06,,,https://www.bookconv.com/blog/azw3-epub-mobi-kindle,https://www.bookconv.com/blog/azw3-epub-mobi-kindle,www.bookconv.com,,1,,,,,E:\一人公司\电子书格式转换站\ebook-converter\数据分析\www.bookconv.com_AIPageStatsReport_2026_9_6.csv
bing_wmt_ai,page_stats,,2026-09-07,,,https://www.bookconv.com/blog/best-ebook-reader-apps,https://www.bookconv.com/blog/best-ebook-reader-apps,www.bookconv.com,,519,,,,,E:\一人公司\电子书格式转换站\ebook-converter\数据分析\www.bookconv.com_AIPageStatsReport_2026_9_7.csv
bing_wmt_ai,page_stats,,2026-09-07,,,https://www.bookconv.com/blog/sync-reading-across-devices,https://www.bookconv.com/blog/sync-reading-across-devices,www.bookconv.com,,304,,,,,E:\一人公司\电子书格式转换站\ebook-converter\数据分析\www.bookconv.com_AIPageStatsReport_2026_9_7.csv
bing_wmt_ai,page_stats,,2026-09-07,,,https://www.bookconv.com/guide/djvu-to-pdf,https://www.bookconv.com/guide/djvu-to-pdf,www.bookconv.com,,200,,,,,E:\一人公司\电子书格式转换站\ebook-converter\数据分析\www.bookconv.com_AIPageStatsReport_2026_9_7.csv
bing_wmt_ai,page_stats,,2026-09-07,,,https://www.bookconv.com/guide/mobi-to-epub-keep-formatting,https://www.bookconv.com/guide/mobi-to-epub-keep-formatting,www.bookconv.com,,115,,,,,E:\一人公司\电子书格式转换站\ebook-converter\数据分析\www.bookconv.com_AIPageStatsReport_2026_9_7.csv
bing_wmt_ai,page_stats,,2026-09-07,,,https://www.bookconv.com/guide/kindle-formats,https://www.bookconv.com/guide/kindle-formats,www.bookconv.com,,72,,,,,E:\一人公司\电子书格式转换站\ebook-converter\数据分析\www.bookconv.com_AIPageStatsReport_2026_9_7.csv
bing_wmt_ai,page_stats,,2026-09-07,,,https://www.bookconv.com/blog/mobi-to-kobo,https://www.bookconv.com/blog/mobi-to-kobo,www.bookconv.com,,65,,,,,E:\一人公司\电子书格式转换站\ebook-converter\数据分析\www.bookconv.com_AIPageStatsReport_2026_9_7.csv
bing_wmt_ai,page_stats,,2026-09-07,,,https://www.bookconv.com/,https://www.bookconv.com/,www.bookconv.com,,63,,,,,E:\一人公司\电子书格式转换站\ebook-converter\数据分析\www.bookconv.com_AIPageStatsReport_2026_9_7.csv
bing_wmt_ai,page_stats,,2026-09-07,,,https://www.bookconv.com/blog/sync-ebooks-reading-groups,https://www.bookconv.com/blog/sync-ebooks-reading-groups,www.bookconv.com,,63,,,,,E:\一人公司\电子书格式转换站\ebook-converter\数据分析\www.bookconv.com_AIPageStatsReport_2026_9_7.csv
bing_wmt_ai,page_stats,,2026-09-07,,,https://www.bookconv.com/blog/why-ebook-wont-open-kindle,https://www.bookconv.com/blog/why-ebook-wont-open-kindle,www.bookconv.com,,61,,,,,E:\一人公司\电子书格式转换站\ebook-converter\数据分析\www.bookconv.com_AIPageStatsReport_2026_9_7.csv
bing_wmt_ai,page_stats,,2026-09-07,,,https://www.bookconv.com/blog/epub3-vs-epub2,https://www.bookconv.com/blog/epub3-vs-epub2,www.bookconv.com,,60,,,,,E:\一人公司\电子书格式转换站\ebook-converter\数据分析\www.bookconv.com_AIPageStatsReport_2026_9_7.csv
bing_wmt_ai,page_stats,,2026-09-07,,,https://www.bookconv.com/guide/epub-to-mobi-keep-formatting,https://www.bookconv.com/guide/epub-to-mobi-keep-formatting,www.bookconv.com,,60,,,,,E:\一人公司\电子书格式转换站\ebook-converter\数据分析\www.bookconv.com_AIPageStatsReport_2026_9_7.csv
bing_wmt_ai,page_stats,,2026-09-07,,,https://www.bookconv.com/blog/djvu-to-pdf,https://www.bookconv.com/blog/djvu-to-pdf,www.bookconv.com,,51,,,,,E:\一人公司\电子书格式转换站\ebook-converter\数据分析\www.bookconv.com_AIPageStatsReport_2026_9_7.csv
bing_wmt_ai,page_stats,,2026-09-07,,,https://www.bookconv.com/blog/epub-vs-mobi,https://www.bookconv.com/blog/epub-vs-mobi,www.bookconv.com,,49,,,,,E:\一人公司\电子书格式转换站\ebook-converter\数据分析\www.bookconv.com_AIPageStatsReport_2026_9_7.csv
bing_wmt_ai,page_stats,,2026-09-07,,,https://www.bookconv.com/guide/docx-to-epub-self-publish,https://www.bookconv.com/guide/docx-to-epub-self-publish,www.bookconv.com,,38,,,,,E:\一人公司\电子书格式转换站\ebook-converter\数据分析\www.bookconv.com_AIPageStatsReport_2026_9_7.csv
bing_wmt_ai,page_stats,,2026-09-07,,,https://www.bookconv.com/blog/mobi-to-epub,https://www.bookconv.com/blog/mobi-to-epub,www.bookconv.com,,32,,,,,E:\一人公司\电子书格式转换站\ebook-converter\数据分析\www.bookconv.com_AIPageStatsReport_2026_9_7.csv
bing_wmt_ai,page_stats,,2026-09-07,,,https://www.bookconv.com/guide/cbr-to-pdf,https://www.bookconv.com/guide/cbr-to-pdf,www.bookconv.com,,21,,,,,E:\一人公司\电子书格式转换站\ebook-converter\数据分析\www.bookconv.com_AIPageStatsReport_2026_9_7.csv
bing_wmt_ai,page_stats,,2026-09-07,,,https://www.bookconv.com/blog/can-kindle-read-azw3,https://www.bookconv.com/blog/can-kindle-read-azw3,www.bookconv.com,,17,,,,,E:\一人公司\电子书格式转换站\ebook-converter\数据分析\www.bookconv.com_AIPageStatsReport_2026_9_7.csv
bing_wmt_ai,page_stats,,2026-09-07,,,https://www.bookconv.com/blog/azw3-vs-mobi,https://www.bookconv.com/blog/azw3-vs-mobi,www.bookconv.com,,17,,,,,E:\一人公司\电子书格式转换站\ebook-converter\数据分析\www.bookconv.com_AIPageStatsReport_2026_9_7.csv
bing_wmt_ai,page_stats,,2026-09-07,,,https://www.bookconv.com/blog/kindle-epub-azw3-mobi,https://www.bookconv.com/blog/kindle-epub-azw3-mobi,www.bookconv.com,,17,,,,,E:\一人公司\电子书格式转换站\ebook-converter\数据分析\www.bookconv.com_AIPageStatsReport_2026_9_7.csv
bing_wmt_ai,page_stats,,2026-09-07,,,https://www.bookconv.com/convert/epub-to-mobi,https://www.bookconv.com/convert/epub-to-mobi,www.bookconv.com,,16,,,,,E:\一人公司\电子书格式转换站\ebook-converter\数据分析\www.bookconv.com_AIPageStatsReport_2026_9_7.csv
bing_wmt_ai,page_stats,,2026-09-07,,,https://www.bookconv.com/guide/fix-epub-to-pdf-formatting,https://www.bookconv.com/guide/fix-epub-to-pdf-formatting,www.bookconv.com,,16,,,,,E:\一人公司\电子书格式转换站\ebook-converter\数据分析\www.bookconv.com_AIPageStatsReport_2026_9_7.csv
bing_wmt_ai,page_stats,,2026-09-07,,,https://www.bookconv.com/guide/mobi-vs-azw3,https://www.bookconv.com/guide/mobi-vs-azw3,www.bookconv.com,,13,,,,,E:\一人公司\电子书格式转换站\ebook-converter\数据分析\www.bookconv.com_AIPageStatsReport_2026_9_7.csv
bing_wmt_ai,page_stats,,2026-09-07,,,https://www.bookconv.com/blog/azw3-epub-mobi-kindle-compatibility,https://www.bookconv.com/blog/azw3-epub-mobi-kindle-compatibility,www.bookconv.com,,10,,,,,E:\一人公司\电子书格式转换站\ebook-converter\数据分析\www.bookconv.com_AIPageStatsReport_2026_9_7.csv
bing_wmt_ai,page_stats,,2026-09-07,,,https://www.bookconv.com/blog/ebook-formats-explained,https://www.bookconv.com/blog/ebook-formats-explained,www.bookconv.com,,9,,,,,E:\一人公司\电子书格式转换站\ebook-converter\数据分析\www.bookconv.com_AIPageStatsReport_2026_9_7.csv
bing_wmt_ai,page_stats,,2026-09-07,,,https://www.bookconv.com/guide/epub-to-azw3-for-kindle,https://www.bookconv.com/guide/epub-to-azw3-for-kindle,www.bookconv.com,,8,,,,,E:\一人公司\电子书格式转换站\ebook-converter\数据分析\www.bookconv.com_AIPageStatsReport_2026_9_7.csv
bing_wmt_ai,page_stats,,2026-09-07,,,https://www.bookconv.com/guide/fb2-to-epub-keep-formatting,https://www.bookconv.com/guide/fb2-to-epub-keep-formatting,www.bookconv.com,,8,,,,,E:\一人公司\电子书格式转换站\ebook-converter\数据分析\www.bookconv.com_AIPageStatsReport_2026_9_7.csv
bing_wmt_ai,page_stats,,2026-09-07,,,https://www.bookconv.com/blog/read-epub-on-any-device,https://www.bookconv.com/blog/read-epub-on-any-device,www.bookconv.com,,6,,,,,E:\一人公司\电子书格式转换站\ebook-converter\数据分析\www.bookconv.com_AIPageStatsReport_2026_9_7.csv
bing_wmt_ai,page_stats,,2026-09-07,,,https://www.bookconv.com/guide/txt-to-epub-build-ebook,https://www.bookconv.com/guide/txt-to-epub-build-ebook,www.bookconv.com,,5,,,,,E:\一人公司\电子书格式转换站\ebook-converter\数据分析\www.bookconv.com_AIPageStatsReport_2026_9_7.csv
bing_wmt_ai,page_stats,,2026-09-07,,,https://www.bookconv.com/guide/best-ebook-converter,https://www.bookconv.com/guide/best-ebook-converter,www.bookconv.com,,3,,,,,E:\一人公司\电子书格式转换站\ebook-converter\数据分析\www.bookconv.com_AIPageStatsReport_2026_9_7.csv
bing_wmt_ai,page_stats,,2026-09-07,,,https://www.bookconv.com/blog/kobo-to-epub,https://www.bookconv.com/blog/kobo-to-epub,www.bookconv.com,,3,,,,,E:\一人公司\电子书格式转换站\ebook-converter\数据分析\www.bookconv.com_AIPageStatsReport_2026_9_7.csv
bing_wmt_ai,page_stats,,2026-09-07,,,https://www.bookconv.com/blog/conversion-error-guide,https://www.bookconv.com/blog/conversion-error-guide,www.bookconv.com,,3,,,,,E:\一人公司\电子书格式转换站\ebook-converter\数据分析\www.bookconv.com_AIPageStatsReport_2026_9_7.csv
bing_wmt_ai,page_stats,,2026-09-07,,,https://www.bookconv.com/es/blog/ebook-formats-explained,https://www.bookconv.com/es/blog/ebook-formats-explained,www.bookconv.com,,2,,,,,E:\一人公司\电子书格式转换站\ebook-converter\数据分析\www.bookconv.com_AIPageStatsReport_2026_9_7.csv
bing_wmt_ai,page_stats,,2026-09-07,,,https://www.bookconv.com/es,https://www.bookconv.com/es,www.bookconv.com,,2,,,,,E:\一人公司\电子书格式转换站\ebook-converter\数据分析\www.bookconv.com_AIPageStatsReport_2026_9_7.csv
bing_wmt_ai,page_stats,,2026-09-07,,,https://www.bookconv.com/es/blog/azw3-vs-mobi,https://www.bookconv.com/es/blog/azw3-vs-mobi,www.bookconv.com,,1,,,,,E:\一人公司\电子书格式转换站\ebook-converter\数据分析\www.bookconv.com_AIPageStatsReport_2026_9_7.csv
bing_wmt_ai,page_stats,,2026-09-07,,,https://www.bookconv.com/es/blog/epub-to-mobi-guide,https://www.bookconv.com/es/blog/epub-to-mobi-guide,www.bookconv.com,,1,,,,,E:\一人公司\电子书格式转换站\ebook-converter\数据分析\www.bookconv.com_AIPageStatsReport_2026_9_7.csv
bing_wmt_ai,page_stats,,2026-09-07,,,https://www.bookconv.com/blog/azw3-epub-mobi-kindle,https://www.bookconv.com/blog/azw3-epub-mobi-kindle,www.bookconv.com,,1,,,,,E:\一人公司\电子书格式转换站\ebook-converter\数据分析\www.bookconv.com_AIPageStatsReport_2026_9_7.csv
bing_wmt_ai,overview_daily,2026-07-27,2026-08-28,,,,,,0,0,,,,,E:\一人公司\电子书格式转换站\ebook-converter\数据分析\www.bookconv.com_AIPerformanceOverviewStats_2026_8_28.csv
bing_wmt_ai,overview_daily,2026-07-28,2026-08-28,,,,,,0,0,,,,,E:\一人公司\电子书格式转换站\ebook-converter\数据分析\www.bookconv.com_AIPerformanceOverviewStats_2026_8_28.csv
bing_wmt_ai,overview_daily,2026-07-29,2026-08-28,,,,,,0,0,,,,,E:\一人公司\电子书格式转换站\ebook-converter\数据分析\www.bookconv.com_AIPerformanceOverviewStats_2026_8_28.csv
bing_wmt_ai,overview_daily,2026-07-30,2026-08-28,,,,,,0,0,,,,,E:\一人公司\电子书格式转换站\ebook-converter\数据分析\www.bookconv.com_AIPerformanceOverviewStats_2026_8_28.csv
bing_wmt_ai,overview_daily,2026-07-31,2026-08-28,,,,,,0,0,,,,,E:\一人公司\电子书格式转换站\ebook-converter\数据分析\www.bookconv.com_AIPerformanceOverviewStats_2026_8_28.csv
bing_wmt_ai,overview_daily,2026-08-01,2026-08-28,,,,,,0,0,,,,,E:\一人公司\电子书格式转换站\ebook-converter\数据分析\www.bookconv.com_AIPerformanceOverviewStats_2026_8_28.csv
bing_wmt_ai,overview_daily,2026-08-02,2026-08-28,,,,,,0,0,,,,,E:\一人公司\电子书格式转换站\ebook-converter\数据分析\www.bookconv.com_AIPerformanceOverviewStats_2026_8_28.csv
bing_wmt_ai,overview_daily,2026-08-03,2026-08-28,,,,,,0,0,,,,,E:\一人公司\电子书格式转换站\ebook-converter\数据分析\www.bookconv.com_AIPerformanceOverviewStats_2026_8_28.csv
bing_wmt_ai,overview_daily,2026-08-04,2026-08-28,,,,,,0,0,,,,,E:\一人公司\电子书格式转换站\ebook-converter\数据分析\www.bookconv.com_AIPerformanceOverviewStats_2026_8_28.csv
bing_wmt_ai,overview_daily,2026-08-05,2026-08-28,,,,,,0,0,,,,,E:\一人公司\电子书格式转换站\ebook-converter\数据分析\www.bookconv.com_AIPerformanceOverviewStats_2026_8_28.csv
bing_wmt_ai,overview_daily,2026-08-06,2026-08-28,,,,,,0,0,,,,,E:\一人公司\电子书格式转换站\ebook-converter\数据分析\www.bookconv.com_AIPerformanceOverviewStats_2026_8_28.csv
bing_wmt_ai,overview_daily,2026-08-07,2026-08-28,,,,,,0,0,,,,,E:\一人公司\电子书格式转换站\ebook-converter\数据分析\www.bookconv.com_AIPerformanceOverviewStats_2026_8_28.csv
bing_wmt_ai,overview_daily,2026-08-08,2026-08-28,,,,,,1,4,,,,,E:\一人公司\电子书格式转换站\ebook-converter\数据分析\www.bookconv.com_AIPerformanceOverviewStats_2026_8_28.csv
bing_wmt_ai,overview_daily,2026-08-09,2026-08-28,,,,,,1,1,,,,,E:\一人公司\电子书格式转换站\ebook-converter\数据分析\www.bookconv.com_AIPerformanceOverviewStats_2026_8_28.csv
bing_wmt_ai,overview_daily,2026-08-10,2026-08-28,,,,,,0,0,,,,,E:\一人公司\电子书格式转换站\ebook-converter\数据分析\www.bookconv.com_AIPerformanceOverviewStats_2026_8_28.csv
bing_wmt_ai,overview_daily,2026-08-11,2026-08-28,,,,,,1,13,,,,,E:\一人公司\电子书格式转换站\ebook-converter\数据分析\www.bookconv.com_AIPerformanceOverviewStats_2026_8_28.csv
bing_wmt_ai,overview_daily,2026-08-12,2026-08-28,,,,,,1,1,,,,,E:\一人公司\电子书格式转换站\ebook-converter\数据分析\www.bookconv.com_AIPerformanceOverviewStats_2026_8_28.csv
bing_wmt_ai,overview_daily,2026-08-13,2026-08-28,,,,,,0,0,,,,,E:\一人公司\电子书格式转换站\ebook-converter\数据分析\www.bookconv.com_AIPerformanceOverviewStats_2026_8_28.csv
bing_wmt_ai,overview_daily,2026-08-14,2026-08-28,,,,,,0,0,,,,,E:\一人公司\电子书格式转换站\ebook-converter\数据分析\www.bookconv.com_AIPerformanceOverviewStats_2026_8_28.csv
bing_wmt_ai,overview_daily,2026-08-15,2026-08-28,,,,,,3,6,,,,,E:\一人公司\电子书格式转换站\ebook-converter\数据分析\www.bookconv.com_AIPerformanceOverviewStats_2026_8_28.csv
bing_wmt_ai,overview_daily,2026-08-16,2026-08-28,,,,,,3,19,,,,,E:\一人公司\电子书格式转换站\ebook-converter\数据分析\www.bookconv.com_AIPerformanceOverviewStats_2026_8_28.csv
bing_wmt_ai,overview_daily,2026-08-17,2026-08-28,,,,,,6,38,,,,,E:\一人公司\电子书格式转换站\ebook-converter\数据分析\www.bookconv.com_AIPerformanceOverviewStats_2026_8_28.csv
bing_wmt_ai,overview_daily,2026-08-18,2026-08-28,,,,,,2,31,,,,,E:\一人公司\电子书格式转换站\ebook-converter\数据分析\www.bookconv.com_AIPerformanceOverviewStats_2026_8_28.csv
bing_wmt_ai,overview_daily,2026-08-19,2026-08-28,,,,,,4,28,,,,,E:\一人公司\电子书格式转换站\ebook-converter\数据分析\www.bookconv.com_AIPerformanceOverviewStats_2026_8_28.csv
bing_wmt_ai,overview_daily,2026-08-20,2026-08-28,,,,,,6,38,,,,,E:\一人公司\电子书格式转换站\ebook-converter\数据分析\www.bookconv.com_AIPerformanceOverviewStats_2026_8_28.csv
bing_wmt_ai,overview_daily,2026-08-21,2026-08-28,,,,,,1,10,,,,,E:\一人公司\电子书格式转换站\ebook-converter\数据分析\www.bookconv.com_AIPerformanceOverviewStats_2026_8_28.csv
bing_wmt_ai,overview_daily,2026-08-22,2026-08-28,,,,,,4,17,,,,,E:\一人公司\电子书格式转换站\ebook-converter\数据分析\www.bookconv.com_AIPerformanceOverviewStats_2026_8_28.csv
bing_wmt_ai,overview_daily,2026-08-23,2026-08-28,,,,,,6,43,,,,,E:\一人公司\电子书格式转换站\ebook-converter\数据分析\www.bookconv.com_AIPerformanceOverviewStats_2026_8_28.csv
bing_wmt_ai,overview_daily,2026-08-24,2026-08-28,,,,,,9,38,,,,,E:\一人公司\电子书格式转换站\ebook-converter\数据分析\www.bookconv.com_AIPerformanceOverviewStats_2026_8_28.csv
bing_wmt_ai,overview_daily,2026-08-25,2026-08-28,,,,,,16,147,,,,,E:\一人公司\电子书格式转换站\ebook-converter\数据分析\www.bookconv.com_AIPerformanceOverviewStats_2026_8_28.csv
bing_wmt_ai,overview_daily,2026-07-27,2026-09-01,,,,,,0,0,,,,,E:\一人公司\电子书格式转换站\ebook-converter\数据分析\www.bookconv.com_AIPerformanceOverviewStats_2026_9_1.csv
bing_wmt_ai,overview_daily,2026-07-28,2026-09-01,,,,,,0,0,,,,,E:\一人公司\电子书格式转换站\ebook-converter\数据分析\www.bookconv.com_AIPerformanceOverviewStats_2026_9_1.csv
bing_wmt_ai,overview_daily,2026-07-29,2026-09-01,,,,,,0,0,,,,,E:\一人公司\电子书格式转换站\ebook-converter\数据分析\www.bookconv.com_AIPerformanceOverviewStats_2026_9_1.csv
bing_wmt_ai,overview_daily,2026-07-30,2026-09-01,,,,,,0,0,,,,,E:\一人公司\电子书格式转换站\ebook-converter\数据分析\www.bookconv.com_AIPerformanceOverviewStats_2026_9_1.csv
bing_wmt_ai,overview_daily,2026-07-31,2026-09-01,,,,,,0,0,,,,,E:\一人公司\电子书格式转换站\ebook-converter\数据分析\www.bookconv.com_AIPerformanceOverviewStats_2026_9_1.csv
bing_wmt_ai,overview_daily,2026-08-01,2026-09-01,,,,,,0,0,,,,,E:\一人公司\电子书格式转换站\ebook-converter\数据分析\www.bookconv.com_AIPerformanceOverviewStats_2026_9_1.csv
bing_wmt_ai,overview_daily,2026-08-02,2026-09-01,,,,,,0,0,,,,,E:\一人公司\电子书格式转换站\ebook-converter\数据分析\www.bookconv.com_AIPerformanceOverviewStats_2026_9_1.csv
bing_wmt_ai,overview_daily,2026-08-03,2026-09-01,,,,,,0,0,,,,,E:\一人公司\电子书格式转换站\ebook-converter\数据分析\www.bookconv.com_AIPerformanceOverviewStats_2026_9_1.csv
bing_wmt_ai,overview_daily,2026-08-04,2026-09-01,,,,,,0,0,,,,,E:\一人公司\电子书格式转换站\ebook-converter\数据分析\www.bookconv.com_AIPerformanceOverviewStats_2026_9_1.csv
bing_wmt_ai,overview_daily,2026-08-05,2026-09-01,,,,,,0,0,,,,,E:\一人公司\电子书格式转换站\ebook-converter\数据分析\www.bookconv.com_AIPerformanceOverviewStats_2026_9_1.csv
bing_wmt_ai,overview_daily,2026-08-06,2026-09-01,,,,,,0,0,,,,,E:\一人公司\电子书格式转换站\ebook-converter\数据分析\www.bookconv.com_AIPerformanceOverviewStats_2026_9_1.csv
bing_wmt_ai,overview_daily,2026-08-07,2026-09-01,,,,,,0,0,,,,,E:\一人公司\电子书格式转换站\ebook-converter\数据分析\www.bookconv.com_AIPerformanceOverviewStats_2026_9_1.csv
bing_wmt_ai,overview_daily,2026-08-08,2026-09-01,,,,,,1,4,,,,,E:\一人公司\电子书格式转换站\ebook-converter\数据分析\www.bookconv.com_AIPerformanceOverviewStats_2026_9_1.csv
bing_wmt_ai,overview_daily,2026-08-09,2026-09-01,,,,,,1,1,,,,,E:\一人公司\电子书格式转换站\ebook-converter\数据分析\www.bookconv.com_AIPerformanceOverviewStats_2026_9_1.csv
bing_wmt_ai,overview_daily,2026-08-10,2026-09-01,,,,,,0,0,,,,,E:\一人公司\电子书格式转换站\ebook-converter\数据分析\www.bookconv.com_AIPerformanceOverviewStats_2026_9_1.csv
bing_wmt_ai,overview_daily,2026-08-11,2026-09-01,,,,,,1,13,,,,,E:\一人公司\电子书格式转换站\ebook-converter\数据分析\www.bookconv.com_AIPerformanceOverviewStats_2026_9_1.csv
bing_wmt_ai,overview_daily,2026-08-12,2026-09-01,,,,,,1,1,,,,,E:\一人公司\电子书格式转换站\ebook-converter\数据分析\www.bookconv.com_AIPerformanceOverviewStats_2026_9_1.csv
bing_wmt_ai,overview_daily,2026-08-13,2026-09-01,,,,,,0,0,,,,,E:\一人公司\电子书格式转换站\ebook-converter\数据分析\www.bookconv.com_AIPerformanceOverviewStats_2026_9_1.csv
bing_wmt_ai,overview_daily,2026-08-14,2026-09-01,,,,,,0,0,,,,,E:\一人公司\电子书格式转换站\ebook-converter\数据分析\www.bookconv.com_AIPerformanceOverviewStats_2026_9_1.csv
bing_wmt_ai,overview_daily,2026-08-15,2026-09-01,,,,,,3,6,,,,,E:\一人公司\电子书格式转换站\ebook-converter\数据分析\www.bookconv.com_AIPerformanceOverviewStats_2026_9_1.csv
bing_wmt_ai,overview_daily,2026-08-16,2026-09-01,,,,,,3,19,,,,,E:\一人公司\电子书格式转换站\ebook-converter\数据分析\www.bookconv.com_AIPerformanceOverviewStats_2026_9_1.csv
bing_wmt_ai,overview_daily,2026-08-17,2026-09-01,,,,,,6,38,,,,,E:\一人公司\电子书格式转换站\ebook-converter\数据分析\www.bookconv.com_AIPerformanceOverviewStats_2026_9_1.csv
bing_wmt_ai,overview_daily,2026-08-18,2026-09-01,,,,,,2,31,,,,,E:\一人公司\电子书格式转换站\ebook-converter\数据分析\www.bookconv.com_AIPerformanceOverviewStats_2026_9_1.csv
bing_wmt_ai,overview_daily,2026-08-19,2026-09-01,,,,,,4,28,,,,,E:\一人公司\电子书格式转换站\ebook-converter\数据分析\www.bookconv.com_AIPerformanceOverviewStats_2026_9_1.csv
bing_wmt_ai,overview_daily,2026-08-20,2026-09-01,,,,,,6,38,,,,,E:\一人公司\电子书格式转换站\ebook-converter\数据分析\www.bookconv.com_AIPerformanceOverviewStats_2026_9_1.csv
bing_wmt_ai,overview_daily,2026-08-21,2026-09-01,,,,,,1,10,,,,,E:\一人公司\电子书格式转换站\ebook-converter\数据分析\www.bookconv.com_AIPerformanceOverviewStats_2026_9_1.csv
bing_wmt_ai,overview_daily,2026-08-22,2026-09-01,,,,,,4,17,,,,,E:\一人公司\电子书格式转换站\ebook-converter\数据分析\www.bookconv.com_AIPerformanceOverviewStats_2026_9_1.csv
bing_wmt_ai,overview_daily,2026-08-23,2026-09-01,,,,,,6,43,,,,,E:\一人公司\电子书格式转换站\ebook-converter\数据分析\www.bookconv.com_AIPerformanceOverviewStats_2026_9_1.csv
bing_wmt_ai,overview_daily,2026-08-24,2026-09-01,,,,,,9,38,,,,,E:\一人公司\电子书格式转换站\ebook-converter\数据分析\www.bookconv.com_AIPerformanceOverviewStats_2026_9_1.csv
bing_wmt_ai,overview_daily,2026-08-25,2026-09-01,,,,,,16,147,,,,,E:\一人公司\电子书格式转换站\ebook-converter\数据分析\www.bookconv.com_AIPerformanceOverviewStats_2026_9_1.csv
bing_wmt_ai,overview_daily,2026-08-26,2026-09-01,,,,,,13,162,,,,,E:\一人公司\电子书格式转换站\ebook-converter\数据分析\www.bookconv.com_AIPerformanceOverviewStats_2026_9_1.csv
bing_wmt_ai,overview_daily,2026-08-27,2026-09-01,,,,,,20,198,,,,,E:\一人公司\电子书格式转换站\ebook-converter\数据分析\www.bookconv.com_AIPerformanceOverviewStats_2026_9_1.csv
bing_wmt_ai,overview_daily,2026-08-28,2026-09-01,,,,,,22,192,,,,,E:\一人公司\电子书格式转换站\ebook-converter\数据分析\www.bookconv.com_AIPerformanceOverviewStats_2026_9_1.csv
bing_wmt_ai,overview_daily,2026-08-29,2026-09-01,,,,,,17,159,,,,,E:\一人公司\电子书格式转换站\ebook-converter\数据分析\www.bookconv.com_AIPerformanceOverviewStats_2026_9_1.csv
bing_wmt_ai,overview_daily,2026-08-30,2026-09-01,,,,,,15,117,,,,,E:\一人公司\电子书格式转换站\ebook-converter\数据分析\www.bookconv.com_AIPerformanceOverviewStats_2026_9_1.csv
bing_wmt_ai,overview_daily,2026-07-27,2026-09-02,,,,,,0,0,,,,filename_dup,E:\一人公司\电子书格式转换站\ebook-converter\数据分析\www.bookconv.com_AIPerformanceOverviewStats_2026_9_2 (2).csv
bing_wmt_ai,overview_daily,2026-07-28,2026-09-02,,,,,,0,0,,,,filename_dup,E:\一人公司\电子书格式转换站\ebook-converter\数据分析\www.bookconv.com_AIPerformanceOverviewStats_2026_9_2 (2).csv
bing_wmt_ai,overview_daily,2026-07-29,2026-09-02,,,,,,0,0,,,,filename_dup,E:\一人公司\电子书格式转换站\ebook-converter\数据分析\www.bookconv.com_AIPerformanceOverviewStats_2026_9_2 (2).csv
bing_wmt_ai,overview_daily,2026-07-30,2026-09-02,,,,,,0,0,,,,filename_dup,E:\一人公司\电子书格式转换站\ebook-converter\数据分析\www.bookconv.com_AIPerformanceOverviewStats_2026_9_2 (2).csv
bing_wmt_ai,overview_daily,2026-07-31,2026-09-02,,,,,,0,0,,,,filename_dup,E:\一人公司\电子书格式转换站\ebook-converter\数据分析\www.bookconv.com_AIPerformanceOverviewStats_2026_9_2 (2).csv
bing_wmt_ai,overview_daily,2026-08-01,2026-09-02,,,,,,0,0,,,,filename_dup,E:\一人公司\电子书格式转换站\ebook-converter\数据分析\www.bookconv.com_AIPerformanceOverviewStats_2026_9_2 (2).csv
bing_wmt_ai,overview_daily,2026-08-02,2026-09-02,,,,,,0,0,,,,filename_dup,E:\一人公司\电子书格式转换站\ebook-converter\数据分析\www.bookconv.com_AIPerformanceOverviewStats_2026_9_2 (2).csv
bing_wmt_ai,overview_daily,2026-08-03,2026-09-02,,,,,,0,0,,,,filename_dup,E:\一人公司\电子书格式转换站\ebook-converter\数据分析\www.bookconv.com_AIPerformanceOverviewStats_2026_9_2 (2).csv
bing_wmt_ai,overview_daily,2026-08-04,2026-09-02,,,,,,0,0,,,,filename_dup,E:\一人公司\电子书格式转换站\ebook-converter\数据分析\www.bookconv.com_AIPerformanceOverviewStats_2026_9_2 (2).csv
bing_wmt_ai,overview_daily,2026-08-05,2026-09-02,,,,,,0,0,,,,filename_dup,E:\一人公司\电子书格式转换站\ebook-converter\数据分析\www.bookconv.com_AIPerformanceOverviewStats_2026_9_2 (2).csv
bing_wmt_ai,overview_daily,2026-08-06,2026-09-02,,,,,,0,0,,,,filename_dup,E:\一人公司\电子书格式转换站\ebook-converter\数据分析\www.bookconv.com_AIPerformanceOverviewStats_2026_9_2 (2).csv
bing_wmt_ai,overview_daily,2026-08-07,2026-09-02,,,,,,0,0,,,,filename_dup,E:\一人公司\电子书格式转换站\ebook-converter\数据分析\www.bookconv.com_AIPerformanceOverviewStats_2026_9_2 (2).csv
bing_wmt_ai,overview_daily,2026-08-08,2026-09-02,,,,,,1,4,,,,filename_dup,E:\一人公司\电子书格式转换站\ebook-converter\数据分析\www.bookconv.com_AIPerformanceOverviewStats_2026_9_2 (2).csv
bing_wmt_ai,overview_daily,2026-08-09,2026-09-02,,,,,,1,1,,,,filename_dup,E:\一人公司\电子书格式转换站\ebook-converter\数据分析\www.bookconv.com_AIPerformanceOverviewStats_2026_9_2 (2).csv
bing_wmt_ai,overview_daily,2026-08-10,2026-09-02,,,,,,0,0,,,,filename_dup,E:\一人公司\电子书格式转换站\ebook-converter\数据分析\www.bookconv.com_AIPerformanceOverviewStats_2026_9_2 (2).csv
bing_wmt_ai,overview_daily,2026-08-11,2026-09-02,,,,,,1,13,,,,filename_dup,E:\一人公司\电子书格式转换站\ebook-converter\数据分析\www.bookconv.com_AIPerformanceOverviewStats_2026_9_2 (2).csv
bing_wmt_ai,overview_daily,2026-08-12,2026-09-02,,,,,,1,1,,,,filename_dup,E:\一人公司\电子书格式转换站\ebook-converter\数据分析\www.bookconv.com_AIPerformanceOverviewStats_2026_9_2 (2).csv
bing_wmt_ai,overview_daily,2026-08-13,2026-09-02,,,,,,0,0,,,,filename_dup,E:\一人公司\电子书格式转换站\ebook-converter\数据分析\www.bookconv.com_AIPerformanceOverviewStats_2026_9_2 (2).csv
bing_wmt_ai,overview_daily,2026-08-14,2026-09-02,,,,,,0,0,,,,filename_dup,E:\一人公司\电子书格式转换站\ebook-converter\数据分析\www.bookconv.com_AIPerformanceOverviewStats_2026_9_2 (2).csv
bing_wmt_ai,overview_daily,2026-08-15,2026-09-02,,,,,,3,6,,,,filename_dup,E:\一人公司\电子书格式转换站\ebook-converter\数据分析\www.bookconv.com_AIPerformanceOverviewStats_2026_9_2 (2).csv
bing_wmt_ai,overview_daily,2026-08-16,2026-09-02,,,,,,3,19,,,,filename_dup,E:\一人公司\电子书格式转换站\ebook-converter\数据分析\www.bookconv.com_AIPerformanceOverviewStats_2026_9_2 (2).csv
bing_wmt_ai,overview_daily,2026-08-17,2026-09-02,,,,,,6,38,,,,filename_dup,E:\一人公司\电子书格式转换站\ebook-converter\数据分析\www.bookconv.com_AIPerformanceOverviewStats_2026_9_2 (2).csv
bing_wmt_ai,overview_daily,2026-08-18,2026-09-02,,,,,,2,31,,,,filename_dup,E:\一人公司\电子书格式转换站\ebook-converter\数据分析\www.bookconv.com_AIPerformanceOverviewStats_2026_9_2 (2).csv
bing_wmt_ai,overview_daily,2026-08-19,2026-09-02,,,,,,4,28,,,,filename_dup,E:\一人公司\电子书格式转换站\ebook-converter\数据分析\www.bookconv.com_AIPerformanceOverviewStats_2026_9_2 (2).csv
bing_wmt_ai,overview_daily,2026-08-20,2026-09-02,,,,,,6,38,,,,filename_dup,E:\一人公司\电子书格式转换站\ebook-converter\数据分析\www.bookconv.com_AIPerformanceOverviewStats_2026_9_2 (2).csv
bing_wmt_ai,overview_daily,2026-08-21,2026-09-02,,,,,,1,10,,,,filename_dup,E:\一人公司\电子书格式转换站\ebook-converter\数据分析\www.bookconv.com_AIPerformanceOverviewStats_2026_9_2 (2).csv
bing_wmt_ai,overview_daily,2026-08-22,2026-09-02,,,,,,4,17,,,,filename_dup,E:\一人公司\电子书格式转换站\ebook-converter\数据分析\www.bookconv.com_AIPerformanceOverviewStats_2026_9_2 (2).csv
bing_wmt_ai,overview_daily,2026-08-23,2026-09-02,,,,,,6,43,,,,filename_dup,E:\一人公司\电子书格式转换站\ebook-converter\数据分析\www.bookconv.com_AIPerformanceOverviewStats_2026_9_2 (2).csv
bing_wmt_ai,overview_daily,2026-08-24,2026-09-02,,,,,,9,38,,,,filename_dup,E:\一人公司\电子书格式转换站\ebook-converter\数据分析\www.bookconv.com_AIPerformanceOverviewStats_2026_9_2 (2).csv
bing_wmt_ai,overview_daily,2026-08-25,2026-09-02,,,,,,16,147,,,,filename_dup,E:\一人公司\电子书格式转换站\ebook-converter\数据分析\www.bookconv.com_AIPerformanceOverviewStats_2026_9_2 (2).csv
bing_wmt_ai,overview_daily,2026-08-26,2026-09-02,,,,,,13,162,,,,filename_dup,E:\一人公司\电子书格式转换站\ebook-converter\数据分析\www.bookconv.com_AIPerformanceOverviewStats_2026_9_2 (2).csv
bing_wmt_ai,overview_daily,2026-08-27,2026-09-02,,,,,,20,198,,,,filename_dup,E:\一人公司\电子书格式转换站\ebook-converter\数据分析\www.bookconv.com_AIPerformanceOverviewStats_2026_9_2 (2).csv
bing_wmt_ai,overview_daily,2026-08-28,2026-09-02,,,,,,22,192,,,,filename_dup,E:\一人公司\电子书格式转换站\ebook-converter\数据分析\www.bookconv.com_AIPerformanceOverviewStats_2026_9_2 (2).csv
bing_wmt_ai,overview_daily,2026-08-29,2026-09-02,,,,,,17,159,,,,filename_dup,E:\一人公司\电子书格式转换站\ebook-converter\数据分析\www.bookconv.com_AIPerformanceOverviewStats_2026_9_2 (2).csv
bing_wmt_ai,overview_daily,2026-08-30,2026-09-02,,,,,,15,117,,,,filename_dup,E:\一人公司\电子书格式转换站\ebook-converter\数据分析\www.bookconv.com_AIPerformanceOverviewStats_2026_9_2 (2).csv
bing_wmt_ai,overview_daily,2026-08-31,2026-09-02,,,,,,22,158,,,,filename_dup,E:\一人公司\电子书格式转换站\ebook-converter\数据分析\www.bookconv.com_AIPerformanceOverviewStats_2026_9_2 (2).csv
bing_wmt_ai,overview_daily,2026-07-27,2026-09-02,,,,,,0,0,,,,,E:\一人公司\电子书格式转换站\ebook-converter\数据分析\www.bookconv.com_AIPerformanceOverviewStats_2026_9_2.csv
bing_wmt_ai,overview_daily,2026-07-28,2026-09-02,,,,,,0,0,,,,,E:\一人公司\电子书格式转换站\ebook-converter\数据分析\www.bookconv.com_AIPerformanceOverviewStats_2026_9_2.csv
bing_wmt_ai,overview_daily,2026-07-29,2026-09-02,,,,,,0,0,,,,,E:\一人公司\电子书格式转换站\ebook-converter\数据分析\www.bookconv.com_AIPerformanceOverviewStats_2026_9_2.csv
bing_wmt_ai,overview_daily,2026-07-30,2026-09-02,,,,,,0,0,,,,,E:\一人公司\电子书格式转换站\ebook-converter\数据分析\www.bookconv.com_AIPerformanceOverviewStats_2026_9_2.csv
bing_wmt_ai,overview_daily,2026-07-31,2026-09-02,,,,,,0,0,,,,,E:\一人公司\电子书格式转换站\ebook-converter\数据分析\www.bookconv.com_AIPerformanceOverviewStats_2026_9_2.csv
bing_wmt_ai,overview_daily,2026-08-01,2026-09-02,,,,,,0,0,,,,,E:\一人公司\电子书格式转换站\ebook-converter\数据分析\www.bookconv.com_AIPerformanceOverviewStats_2026_9_2.csv
bing_wmt_ai,overview_daily,2026-08-02,2026-09-02,,,,,,0,0,,,,,E:\一人公司\电子书格式转换站\ebook-converter\数据分析\www.bookconv.com_AIPerformanceOverviewStats_2026_9_2.csv
bing_wmt_ai,overview_daily,2026-08-03,2026-09-02,,,,,,0,0,,,,,E:\一人公司\电子书格式转换站\ebook-converter\数据分析\www.bookconv.com_AIPerformanceOverviewStats_2026_9_2.csv
bing_wmt_ai,overview_daily,2026-08-04,2026-09-02,,,,,,0,0,,,,,E:\一人公司\电子书格式转换站\ebook-converter\数据分析\www.bookconv.com_AIPerformanceOverviewStats_2026_9_2.csv
bing_wmt_ai,overview_daily,2026-08-05,2026-09-02,,,,,,0,0,,,,,E:\一人公司\电子书格式转换站\ebook-converter\数据分析\www.bookconv.com_AIPerformanceOverviewStats_2026_9_2.csv
bing_wmt_ai,overview_daily,2026-08-06,2026-09-02,,,,,,0,0,,,,,E:\一人公司\电子书格式转换站\ebook-converter\数据分析\www.bookconv.com_AIPerformanceOverviewStats_2026_9_2.csv
bing_wmt_ai,overview_daily,2026-08-07,2026-09-02,,,,,,0,0,,,,,E:\一人公司\电子书格式转换站\ebook-converter\数据分析\www.bookconv.com_AIPerformanceOverviewStats_2026_9_2.csv
bing_wmt_ai,overview_daily,2026-08-08,2026-09-02,,,,,,1,4,,,,,E:\一人公司\电子书格式转换站\ebook-converter\数据分析\www.bookconv.com_AIPerformanceOverviewStats_2026_9_2.csv
bing_wmt_ai,overview_daily,2026-08-09,2026-09-02,,,,,,1,1,,,,,E:\一人公司\电子书格式转换站\ebook-converter\数据分析\www.bookconv.com_AIPerformanceOverviewStats_2026_9_2.csv
bing_wmt_ai,overview_daily,2026-08-10,2026-09-02,,,,,,0,0,,,,,E:\一人公司\电子书格式转换站\ebook-converter\数据分析\www.bookconv.com_AIPerformanceOverviewStats_2026_9_2.csv
bing_wmt_ai,overview_daily,2026-08-11,2026-09-02,,,,,,1,13,,,,,E:\一人公司\电子书格式转换站\ebook-converter\数据分析\www.bookconv.com_AIPerformanceOverviewStats_2026_9_2.csv
bing_wmt_ai,overview_daily,2026-08-12,2026-09-02,,,,,,1,1,,,,,E:\一人公司\电子书格式转换站\ebook-converter\数据分析\www.bookconv.com_AIPerformanceOverviewStats_2026_9_2.csv
bing_wmt_ai,overview_daily,2026-08-13,2026-09-02,,,,,,0,0,,,,,E:\一人公司\电子书格式转换站\ebook-converter\数据分析\www.bookconv.com_AIPerformanceOverviewStats_2026_9_2.csv
bing_wmt_ai,overview_daily,2026-08-14,2026-09-02,,,,,,0,0,,,,,E:\一人公司\电子书格式转换站\ebook-converter\数据分析\www.bookconv.com_AIPerformanceOverviewStats_2026_9_2.csv
bing_wmt_ai,overview_daily,2026-08-15,2026-09-02,,,,,,3,6,,,,,E:\一人公司\电子书格式转换站\ebook-converter\数据分析\www.bookconv.com_AIPerformanceOverviewStats_2026_9_2.csv
bing_wmt_ai,overview_daily,2026-08-16,2026-09-02,,,,,,3,19,,,,,E:\一人公司\电子书格式转换站\ebook-converter\数据分析\www.bookconv.com_AIPerformanceOverviewStats_2026_9_2.csv
bing_wmt_ai,overview_daily,2026-08-17,2026-09-02,,,,,,6,38,,,,,E:\一人公司\电子书格式转换站\ebook-converter\数据分析\www.bookconv.com_AIPerformanceOverviewStats_2026_9_2.csv
bing_wmt_ai,overview_daily,2026-08-18,2026-09-02,,,,,,2,31,,,,,E:\一人公司\电子书格式转换站\ebook-converter\数据分析\www.bookconv.com_AIPerformanceOverviewStats_2026_9_2.csv
bing_wmt_ai,overview_daily,2026-08-19,2026-09-02,,,,,,4,28,,,,,E:\一人公司\电子书格式转换站\ebook-converter\数据分析\www.bookconv.com_AIPerformanceOverviewStats_2026_9_2.csv
bing_wmt_ai,overview_daily,2026-08-20,2026-09-02,,,,,,6,38,,,,,E:\一人公司\电子书格式转换站\ebook-converter\数据分析\www.bookconv.com_AIPerformanceOverviewStats_2026_9_2.csv
bing_wmt_ai,overview_daily,2026-08-21,2026-09-02,,,,,,1,10,,,,,E:\一人公司\电子书格式转换站\ebook-converter\数据分析\www.bookconv.com_AIPerformanceOverviewStats_2026_9_2.csv
bing_wmt_ai,overview_daily,2026-08-22,2026-09-02,,,,,,4,17,,,,,E:\一人公司\电子书格式转换站\ebook-converter\数据分析\www.bookconv.com_AIPerformanceOverviewStats_2026_9_2.csv
bing_wmt_ai,overview_daily,2026-08-23,2026-09-02,,,,,,6,43,,,,,E:\一人公司\电子书格式转换站\ebook-converter\数据分析\www.bookconv.com_AIPerformanceOverviewStats_2026_9_2.csv
bing_wmt_ai,overview_daily,2026-08-24,2026-09-02,,,,,,9,38,,,,,E:\一人公司\电子书格式转换站\ebook-converter\数据分析\www.bookconv.com_AIPerformanceOverviewStats_2026_9_2.csv
bing_wmt_ai,overview_daily,2026-08-25,2026-09-02,,,,,,16,147,,,,,E:\一人公司\电子书格式转换站\ebook-converter\数据分析\www.bookconv.com_AIPerformanceOverviewStats_2026_9_2.csv
bing_wmt_ai,overview_daily,2026-08-26,2026-09-02,,,,,,13,162,,,,,E:\一人公司\电子书格式转换站\ebook-converter\数据分析\www.bookconv.com_AIPerformanceOverviewStats_2026_9_2.csv
bing_wmt_ai,overview_daily,2026-08-27,2026-09-02,,,,,,20,198,,,,,E:\一人公司\电子书格式转换站\ebook-converter\数据分析\www.bookconv.com_AIPerformanceOverviewStats_2026_9_2.csv
bing_wmt_ai,overview_daily,2026-08-28,2026-09-02,,,,,,22,192,,,,,E:\一人公司\电子书格式转换站\ebook-converter\数据分析\www.bookconv.com_AIPerformanceOverviewStats_2026_9_2.csv
bing_wmt_ai,overview_daily,2026-08-29,2026-09-02,,,,,,17,159,,,,,E:\一人公司\电子书格式转换站\ebook-converter\数据分析\www.bookconv.com_AIPerformanceOverviewStats_2026_9_2.csv
bing_wmt_ai,overview_daily,2026-08-30,2026-09-02,,,,,,15,117,,,,,E:\一人公司\电子书格式转换站\ebook-converter\数据分析\www.bookconv.com_AIPerformanceOverviewStats_2026_9_2.csv
bing_wmt_ai,overview_daily,2026-08-31,2026-09-02,,,,,,22,158,,,,,E:\一人公司\电子书格式转换站\ebook-converter\数据分析\www.bookconv.com_AIPerformanceOverviewStats_2026_9_2.csv
bing_wmt_ai,overview_daily,2026-07-27,2026-09-03,,,,,,0,0,,,,,E:\一人公司\电子书格式转换站\ebook-converter\数据分析\www.bookconv.com_AIPerformanceOverviewStats_2026_9_3.csv
bing_wmt_ai,overview_daily,2026-07-28,2026-09-03,,,,,,0,0,,,,,E:\一人公司\电子书格式转换站\ebook-converter\数据分析\www.bookconv.com_AIPerformanceOverviewStats_2026_9_3.csv
bing_wmt_ai,overview_daily,2026-07-29,2026-09-03,,,,,,0,0,,,,,E:\一人公司\电子书格式转换站\ebook-converter\数据分析\www.bookconv.com_AIPerformanceOverviewStats_2026_9_3.csv
bing_wmt_ai,overview_daily,2026-07-30,2026-09-03,,,,,,0,0,,,,,E:\一人公司\电子书格式转换站\ebook-converter\数据分析\www.bookconv.com_AIPerformanceOverviewStats_2026_9_3.csv
bing_wmt_ai,overview_daily,2026-07-31,2026-09-03,,,,,,0,0,,,,,E:\一人公司\电子书格式转换站\ebook-converter\数据分析\www.bookconv.com_AIPerformanceOverviewStats_2026_9_3.csv
bing_wmt_ai,overview_daily,2026-08-01,2026-09-03,,,,,,0,0,,,,,E:\一人公司\电子书格式转换站\ebook-converter\数据分析\www.bookconv.com_AIPerformanceOverviewStats_2026_9_3.csv
bing_wmt_ai,overview_daily,2026-08-02,2026-09-03,,,,,,0,0,,,,,E:\一人公司\电子书格式转换站\ebook-converter\数据分析\www.bookconv.com_AIPerformanceOverviewStats_2026_9_3.csv
bing_wmt_ai,overview_daily,2026-08-03,2026-09-03,,,,,,0,0,,,,,E:\一人公司\电子书格式转换站\ebook-converter\数据分析\www.bookconv.com_AIPerformanceOverviewStats_2026_9_3.csv
bing_wmt_ai,overview_daily,2026-08-04,2026-09-03,,,,,,0,0,,,,,E:\一人公司\电子书格式转换站\ebook-converter\数据分析\www.bookconv.com_AIPerformanceOverviewStats_2026_9_3.csv
bing_wmt_ai,overview_daily,2026-08-05,2026-09-03,,,,,,0,0,,,,,E:\一人公司\电子书格式转换站\ebook-converter\数据分析\www.bookconv.com_AIPerformanceOverviewStats_2026_9_3.csv
bing_wmt_ai,overview_daily,2026-08-06,2026-09-03,,,,,,0,0,,,,,E:\一人公司\电子书格式转换站\ebook-converter\数据分析\www.bookconv.com_AIPerformanceOverviewStats_2026_9_3.csv
bing_wmt_ai,overview_daily,2026-08-07,2026-09-03,,,,,,0,0,,,,,E:\一人公司\电子书格式转换站\ebook-converter\数据分析\www.bookconv.com_AIPerformanceOverviewStats_2026_9_3.csv
bing_wmt_ai,overview_daily,2026-08-08,2026-09-03,,,,,,1,4,,,,,E:\一人公司\电子书格式转换站\ebook-converter\数据分析\www.bookconv.com_AIPerformanceOverviewStats_2026_9_3.csv
bing_wmt_ai,overview_daily,2026-08-09,2026-09-03,,,,,,1,1,,,,,E:\一人公司\电子书格式转换站\ebook-converter\数据分析\www.bookconv.com_AIPerformanceOverviewStats_2026_9_3.csv
bing_wmt_ai,overview_daily,2026-08-10,2026-09-03,,,,,,0,0,,,,,E:\一人公司\电子书格式转换站\ebook-converter\数据分析\www.bookconv.com_AIPerformanceOverviewStats_2026_9_3.csv
bing_wmt_ai,overview_daily,2026-08-11,2026-09-03,,,,,,1,13,,,,,E:\一人公司\电子书格式转换站\ebook-converter\数据分析\www.bookconv.com_AIPerformanceOverviewStats_2026_9_3.csv
bing_wmt_ai,overview_daily,2026-08-12,2026-09-03,,,,,,1,1,,,,,E:\一人公司\电子书格式转换站\ebook-converter\数据分析\www.bookconv.com_AIPerformanceOverviewStats_2026_9_3.csv
bing_wmt_ai,overview_daily,2026-08-13,2026-09-03,,,,,,0,0,,,,,E:\一人公司\电子书格式转换站\ebook-converter\数据分析\www.bookconv.com_AIPerformanceOverviewStats_2026_9_3.csv
bing_wmt_ai,overview_daily,2026-08-14,2026-09-03,,,,,,0,0,,,,,E:\一人公司\电子书格式转换站\ebook-converter\数据分析\www.bookconv.com_AIPerformanceOverviewStats_2026_9_3.csv
bing_wmt_ai,overview_daily,2026-08-15,2026-09-03,,,,,,3,6,,,,,E:\一人公司\电子书格式转换站\ebook-converter\数据分析\www.bookconv.com_AIPerformanceOverviewStats_2026_9_3.csv
bing_wmt_ai,overview_daily,2026-08-16,2026-09-03,,,,,,3,19,,,,,E:\一人公司\电子书格式转换站\ebook-converter\数据分析\www.bookconv.com_AIPerformanceOverviewStats_2026_9_3.csv
bing_wmt_ai,overview_daily,2026-08-17,2026-09-03,,,,,,6,38,,,,,E:\一人公司\电子书格式转换站\ebook-converter\数据分析\www.bookconv.com_AIPerformanceOverviewStats_2026_9_3.csv
bing_wmt_ai,overview_daily,2026-08-18,2026-09-03,,,,,,2,31,,,,,E:\一人公司\电子书格式转换站\ebook-converter\数据分析\www.bookconv.com_AIPerformanceOverviewStats_2026_9_3.csv
bing_wmt_ai,overview_daily,2026-08-19,2026-09-03,,,,,,4,28,,,,,E:\一人公司\电子书格式转换站\ebook-converter\数据分析\www.bookconv.com_AIPerformanceOverviewStats_2026_9_3.csv
bing_wmt_ai,overview_daily,2026-08-20,2026-09-03,,,,,,6,38,,,,,E:\一人公司\电子书格式转换站\ebook-converter\数据分析\www.bookconv.com_AIPerformanceOverviewStats_2026_9_3.csv
bing_wmt_ai,overview_daily,2026-08-21,2026-09-03,,,,,,1,10,,,,,E:\一人公司\电子书格式转换站\ebook-converter\数据分析\www.bookconv.com_AIPerformanceOverviewStats_2026_9_3.csv
bing_wmt_ai,overview_daily,2026-08-22,2026-09-03,,,,,,4,17,,,,,E:\一人公司\电子书格式转换站\ebook-converter\数据分析\www.bookconv.com_AIPerformanceOverviewStats_2026_9_3.csv
bing_wmt_ai,overview_daily,2026-08-23,2026-09-03,,,,,,6,43,,,,,E:\一人公司\电子书格式转换站\ebook-converter\数据分析\www.bookconv.com_AIPerformanceOverviewStats_2026_9_3.csv
bing_wmt_ai,overview_daily,2026-08-24,2026-09-03,,,,,,9,38,,,,,E:\一人公司\电子书格式转换站\ebook-converter\数据分析\www.bookconv.com_AIPerformanceOverviewStats_2026_9_3.csv
bing_wmt_ai,overview_daily,2026-08-25,2026-09-03,,,,,,16,147,,,,,E:\一人公司\电子书格式转换站\ebook-converter\数据分析\www.bookconv.com_AIPerformanceOverviewStats_2026_9_3.csv
bing_wmt_ai,overview_daily,2026-08-26,2026-09-03,,,,,,13,162,,,,,E:\一人公司\电子书格式转换站\ebook-converter\数据分析\www.bookconv.com_AIPerformanceOverviewStats_2026_9_3.csv
bing_wmt_ai,overview_daily,2026-08-27,2026-09-03,,,,,,20,198,,,,,E:\一人公司\电子书格式转换站\ebook-converter\数据分析\www.bookconv.com_AIPerformanceOverviewStats_2026_9_3.csv
bing_wmt_ai,overview_daily,2026-08-28,2026-09-03,,,,,,22,192,,,,,E:\一人公司\电子书格式转换站\ebook-converter\数据分析\www.bookconv.com_AIPerformanceOverviewStats_2026_9_3.csv
bing_wmt_ai,overview_daily,2026-08-29,2026-09-03,,,,,,17,159,,,,,E:\一人公司\电子书格式转换站\ebook-converter\数据分析\www.bookconv.com_AIPerformanceOverviewStats_2026_9_3.csv
bing_wmt_ai,overview_daily,2026-08-30,2026-09-03,,,,,,15,117,,,,,E:\一人公司\电子书格式转换站\ebook-converter\数据分析\www.bookconv.com_AIPerformanceOverviewStats_2026_9_3.csv
bing_wmt_ai,overview_daily,2026-08-31,2026-09-03,,,,,,22,158,,,,,E:\一人公司\电子书格式转换站\ebook-converter\数据分析\www.bookconv.com_AIPerformanceOverviewStats_2026_9_3.csv
bing_wmt_ai,overview_daily,2026-09-01,2026-09-03,,,,,,15,110,,,,,E:\一人公司\电子书格式转换站\ebook-converter\数据分析\www.bookconv.com_AIPerformanceOverviewStats_2026_9_3.csv
bing_wmt_ai,overview_daily,2026-07-27,2026-09-06,,,,,,0,0,,,,filename_dup,E:\一人公司\电子书格式转换站\ebook-converter\数据分析\www.bookconv.com_AIPerformanceOverviewStats_2026_9_6 (2).csv
bing_wmt_ai,overview_daily,2026-07-28,2026-09-06,,,,,,0,0,,,,filename_dup,E:\一人公司\电子书格式转换站\ebook-converter\数据分析\www.bookconv.com_AIPerformanceOverviewStats_2026_9_6 (2).csv
bing_wmt_ai,overview_daily,2026-07-29,2026-09-06,,,,,,0,0,,,,filename_dup,E:\一人公司\电子书格式转换站\ebook-converter\数据分析\www.bookconv.com_AIPerformanceOverviewStats_2026_9_6 (2).csv
bing_wmt_ai,overview_daily,2026-07-30,2026-09-06,,,,,,0,0,,,,filename_dup,E:\一人公司\电子书格式转换站\ebook-converter\数据分析\www.bookconv.com_AIPerformanceOverviewStats_2026_9_6 (2).csv
bing_wmt_ai,overview_daily,2026-07-31,2026-09-06,,,,,,0,0,,,,filename_dup,E:\一人公司\电子书格式转换站\ebook-converter\数据分析\www.bookconv.com_AIPerformanceOverviewStats_2026_9_6 (2).csv
bing_wmt_ai,overview_daily,2026-08-01,2026-09-06,,,,,,0,0,,,,filename_dup,E:\一人公司\电子书格式转换站\ebook-converter\数据分析\www.bookconv.com_AIPerformanceOverviewStats_2026_9_6 (2).csv
bing_wmt_ai,overview_daily,2026-08-02,2026-09-06,,,,,,0,0,,,,filename_dup,E:\一人公司\电子书格式转换站\ebook-converter\数据分析\www.bookconv.com_AIPerformanceOverviewStats_2026_9_6 (2).csv
bing_wmt_ai,overview_daily,2026-08-03,2026-09-06,,,,,,0,0,,,,filename_dup,E:\一人公司\电子书格式转换站\ebook-converter\数据分析\www.bookconv.com_AIPerformanceOverviewStats_2026_9_6 (2).csv
bing_wmt_ai,overview_daily,2026-08-04,2026-09-06,,,,,,0,0,,,,filename_dup,E:\一人公司\电子书格式转换站\ebook-converter\数据分析\www.bookconv.com_AIPerformanceOverviewStats_2026_9_6 (2).csv
bing_wmt_ai,overview_daily,2026-08-05,2026-09-06,,,,,,0,0,,,,filename_dup,E:\一人公司\电子书格式转换站\ebook-converter\数据分析\www.bookconv.com_AIPerformanceOverviewStats_2026_9_6 (2).csv
bing_wmt_ai,overview_daily,2026-08-06,2026-09-06,,,,,,0,0,,,,filename_dup,E:\一人公司\电子书格式转换站\ebook-converter\数据分析\www.bookconv.com_AIPerformanceOverviewStats_2026_9_6 (2).csv
bing_wmt_ai,overview_daily,2026-08-07,2026-09-06,,,,,,0,0,,,,filename_dup,E:\一人公司\电子书格式转换站\ebook-converter\数据分析\www.bookconv.com_AIPerformanceOverviewStats_2026_9_6 (2).csv
bing_wmt_ai,overview_daily,2026-08-08,2026-09-06,,,,,,1,4,,,,filename_dup,E:\一人公司\电子书格式转换站\ebook-converter\数据分析\www.bookconv.com_AIPerformanceOverviewStats_2026_9_6 (2).csv
bing_wmt_ai,overview_daily,2026-08-09,2026-09-06,,,,,,1,1,,,,filename_dup,E:\一人公司\电子书格式转换站\ebook-converter\数据分析\www.bookconv.com_AIPerformanceOverviewStats_2026_9_6 (2).csv
bing_wmt_ai,overview_daily,2026-08-10,2026-09-06,,,,,,0,0,,,,filename_dup,E:\一人公司\电子书格式转换站\ebook-converter\数据分析\www.bookconv.com_AIPerformanceOverviewStats_2026_9_6 (2).csv
bing_wmt_ai,overview_daily,2026-08-11,2026-09-06,,,,,,1,13,,,,filename_dup,E:\一人公司\电子书格式转换站\ebook-converter\数据分析\www.bookconv.com_AIPerformanceOverviewStats_2026_9_6 (2).csv
bing_wmt_ai,overview_daily,2026-08-12,2026-09-06,,,,,,1,1,,,,filename_dup,E:\一人公司\电子书格式转换站\ebook-converter\数据分析\www.bookconv.com_AIPerformanceOverviewStats_2026_9_6 (2).csv
bing_wmt_ai,overview_daily,2026-08-13,2026-09-06,,,,,,0,0,,,,filename_dup,E:\一人公司\电子书格式转换站\ebook-converter\数据分析\www.bookconv.com_AIPerformanceOverviewStats_2026_9_6 (2).csv
bing_wmt_ai,overview_daily,2026-08-14,2026-09-06,,,,,,0,0,,,,filename_dup,E:\一人公司\电子书格式转换站\ebook-converter\数据分析\www.bookconv.com_AIPerformanceOverviewStats_2026_9_6 (2).csv
bing_wmt_ai,overview_daily,2026-08-15,2026-09-06,,,,,,3,6,,,,filename_dup,E:\一人公司\电子书格式转换站\ebook-converter\数据分析\www.bookconv.com_AIPerformanceOverviewStats_2026_9_6 (2).csv
bing_wmt_ai,overview_daily,2026-08-16,2026-09-06,,,,,,3,19,,,,filename_dup,E:\一人公司\电子书格式转换站\ebook-converter\数据分析\www.bookconv.com_AIPerformanceOverviewStats_2026_9_6 (2).csv
bing_wmt_ai,overview_daily,2026-08-17,2026-09-06,,,,,,6,38,,,,filename_dup,E:\一人公司\电子书格式转换站\ebook-converter\数据分析\www.bookconv.com_AIPerformanceOverviewStats_2026_9_6 (2).csv
bing_wmt_ai,overview_daily,2026-08-18,2026-09-06,,,,,,2,31,,,,filename_dup,E:\一人公司\电子书格式转换站\ebook-converter\数据分析\www.bookconv.com_AIPerformanceOverviewStats_2026_9_6 (2).csv
bing_wmt_ai,overview_daily,2026-08-19,2026-09-06,,,,,,4,28,,,,filename_dup,E:\一人公司\电子书格式转换站\ebook-converter\数据分析\www.bookconv.com_AIPerformanceOverviewStats_2026_9_6 (2).csv
bing_wmt_ai,overview_daily,2026-08-20,2026-09-06,,,,,,6,38,,,,filename_dup,E:\一人公司\电子书格式转换站\ebook-converter\数据分析\www.bookconv.com_AIPerformanceOverviewStats_2026_9_6 (2).csv
bing_wmt_ai,overview_daily,2026-08-21,2026-09-06,,,,,,1,10,,,,filename_dup,E:\一人公司\电子书格式转换站\ebook-converter\数据分析\www.bookconv.com_AIPerformanceOverviewStats_2026_9_6 (2).csv
bing_wmt_ai,overview_daily,2026-08-22,2026-09-06,,,,,,4,17,,,,filename_dup,E:\一人公司\电子书格式转换站\ebook-converter\数据分析\www.bookconv.com_AIPerformanceOverviewStats_2026_9_6 (2).csv
bing_wmt_ai,overview_daily,2026-08-23,2026-09-06,,,,,,6,43,,,,filename_dup,E:\一人公司\电子书格式转换站\ebook-converter\数据分析\www.bookconv.com_AIPerformanceOverviewStats_2026_9_6 (2).csv
bing_wmt_ai,overview_daily,2026-08-24,2026-09-06,,,,,,9,38,,,,filename_dup,E:\一人公司\电子书格式转换站\ebook-converter\数据分析\www.bookconv.com_AIPerformanceOverviewStats_2026_9_6 (2).csv
bing_wmt_ai,overview_daily,2026-08-25,2026-09-06,,,,,,16,147,,,,filename_dup,E:\一人公司\电子书格式转换站\ebook-converter\数据分析\www.bookconv.com_AIPerformanceOverviewStats_2026_9_6 (2).csv
bing_wmt_ai,overview_daily,2026-08-26,2026-09-06,,,,,,13,162,,,,filename_dup,E:\一人公司\电子书格式转换站\ebook-converter\数据分析\www.bookconv.com_AIPerformanceOverviewStats_2026_9_6 (2).csv
bing_wmt_ai,overview_daily,2026-08-27,2026-09-06,,,,,,20,198,,,,filename_dup,E:\一人公司\电子书格式转换站\ebook-converter\数据分析\www.bookconv.com_AIPerformanceOverviewStats_2026_9_6 (2).csv
bing_wmt_ai,overview_daily,2026-08-28,2026-09-06,,,,,,22,192,,,,filename_dup,E:\一人公司\电子书格式转换站\ebook-converter\数据分析\www.bookconv.com_AIPerformanceOverviewStats_2026_9_6 (2).csv
bing_wmt_ai,overview_daily,2026-08-29,2026-09-06,,,,,,17,159,,,,filename_dup,E:\一人公司\电子书格式转换站\ebook-converter\数据分析\www.bookconv.com_AIPerformanceOverviewStats_2026_9_6 (2).csv
bing_wmt_ai,overview_daily,2026-08-30,2026-09-06,,,,,,15,117,,,,filename_dup,E:\一人公司\电子书格式转换站\ebook-converter\数据分析\www.bookconv.com_AIPerformanceOverviewStats_2026_9_6 (2).csv
bing_wmt_ai,overview_daily,2026-08-31,2026-09-06,,,,,,22,158,,,,filename_dup,E:\一人公司\电子书格式转换站\ebook-converter\数据分析\www.bookconv.com_AIPerformanceOverviewStats_2026_9_6 (2).csv
bing_wmt_ai,overview_daily,2026-09-01,2026-09-06,,,,,,15,110,,,,filename_dup,E:\一人公司\电子书格式转换站\ebook-converter\数据分析\www.bookconv.com_AIPerformanceOverviewStats_2026_9_6 (2).csv
bing_wmt_ai,overview_daily,2026-09-02,2026-09-06,,,,,,16,151,,,,filename_dup,E:\一人公司\电子书格式转换站\ebook-converter\数据分析\www.bookconv.com_AIPerformanceOverviewStats_2026_9_6 (2).csv
bing_wmt_ai,overview_daily,2026-09-03,2026-09-06,,,,,,18,133,,,,filename_dup,E:\一人公司\电子书格式转换站\ebook-converter\数据分析\www.bookconv.com_AIPerformanceOverviewStats_2026_9_6 (2).csv
bing_wmt_ai,overview_daily,2026-09-04,2026-09-06,,,,,,20,219,,,,filename_dup,E:\一人公司\电子书格式转换站\ebook-converter\数据分析\www.bookconv.com_AIPerformanceOverviewStats_2026_9_6 (2).csv
bing_wmt_ai,overview_daily,2026-07-27,2026-09-06,,,,,,0,0,,,,,E:\一人公司\电子书格式转换站\ebook-converter\数据分析\www.bookconv.com_AIPerformanceOverviewStats_2026_9_6.csv
bing_wmt_ai,overview_daily,2026-07-28,2026-09-06,,,,,,0,0,,,,,E:\一人公司\电子书格式转换站\ebook-converter\数据分析\www.bookconv.com_AIPerformanceOverviewStats_2026_9_6.csv
bing_wmt_ai,overview_daily,2026-07-29,2026-09-06,,,,,,0,0,,,,,E:\一人公司\电子书格式转换站\ebook-converter\数据分析\www.bookconv.com_AIPerformanceOverviewStats_2026_9_6.csv
bing_wmt_ai,overview_daily,2026-07-30,2026-09-06,,,,,,0,0,,,,,E:\一人公司\电子书格式转换站\ebook-converter\数据分析\www.bookconv.com_AIPerformanceOverviewStats_2026_9_6.csv
bing_wmt_ai,overview_daily,2026-07-31,2026-09-06,,,,,,0,0,,,,,E:\一人公司\电子书格式转换站\ebook-converter\数据分析\www.bookconv.com_AIPerformanceOverviewStats_2026_9_6.csv
bing_wmt_ai,overview_daily,2026-08-01,2026-09-06,,,,,,0,0,,,,,E:\一人公司\电子书格式转换站\ebook-converter\数据分析\www.bookconv.com_AIPerformanceOverviewStats_2026_9_6.csv
bing_wmt_ai,overview_daily,2026-08-02,2026-09-06,,,,,,0,0,,,,,E:\一人公司\电子书格式转换站\ebook-converter\数据分析\www.bookconv.com_AIPerformanceOverviewStats_2026_9_6.csv
bing_wmt_ai,overview_daily,2026-08-03,2026-09-06,,,,,,0,0,,,,,E:\一人公司\电子书格式转换站\ebook-converter\数据分析\www.bookconv.com_AIPerformanceOverviewStats_2026_9_6.csv
bing_wmt_ai,overview_daily,2026-08-04,2026-09-06,,,,,,0,0,,,,,E:\一人公司\电子书格式转换站\ebook-converter\数据分析\www.bookconv.com_AIPerformanceOverviewStats_2026_9_6.csv
bing_wmt_ai,overview_daily,2026-08-05,2026-09-06,,,,,,0,0,,,,,E:\一人公司\电子书格式转换站\ebook-converter\数据分析\www.bookconv.com_AIPerformanceOverviewStats_2026_9_6.csv
bing_wmt_ai,overview_daily,2026-08-06,2026-09-06,,,,,,0,0,,,,,E:\一人公司\电子书格式转换站\ebook-converter\数据分析\www.bookconv.com_AIPerformanceOverviewStats_2026_9_6.csv
bing_wmt_ai,overview_daily,2026-08-07,2026-09-06,,,,,,0,0,,,,,E:\一人公司\电子书格式转换站\ebook-converter\数据分析\www.bookconv.com_AIPerformanceOverviewStats_2026_9_6.csv
bing_wmt_ai,overview_daily,2026-08-08,2026-09-06,,,,,,1,4,,,,,E:\一人公司\电子书格式转换站\ebook-converter\数据分析\www.bookconv.com_AIPerformanceOverviewStats_2026_9_6.csv
bing_wmt_ai,overview_daily,2026-08-09,2026-09-06,,,,,,1,1,,,,,E:\一人公司\电子书格式转换站\ebook-converter\数据分析\www.bookconv.com_AIPerformanceOverviewStats_2026_9_6.csv
bing_wmt_ai,overview_daily,2026-08-10,2026-09-06,,,,,,0,0,,,,,E:\一人公司\电子书格式转换站\ebook-converter\数据分析\www.bookconv.com_AIPerformanceOverviewStats_2026_9_6.csv
bing_wmt_ai,overview_daily,2026-08-11,2026-09-06,,,,,,1,13,,,,,E:\一人公司\电子书格式转换站\ebook-converter\数据分析\www.bookconv.com_AIPerformanceOverviewStats_2026_9_6.csv
bing_wmt_ai,overview_daily,2026-08-12,2026-09-06,,,,,,1,1,,,,,E:\一人公司\电子书格式转换站\ebook-converter\数据分析\www.bookconv.com_AIPerformanceOverviewStats_2026_9_6.csv
bing_wmt_ai,overview_daily,2026-08-13,2026-09-06,,,,,,0,0,,,,,E:\一人公司\电子书格式转换站\ebook-converter\数据分析\www.bookconv.com_AIPerformanceOverviewStats_2026_9_6.csv
bing_wmt_ai,overview_daily,2026-08-14,2026-09-06,,,,,,0,0,,,,,E:\一人公司\电子书格式转换站\ebook-converter\数据分析\www.bookconv.com_AIPerformanceOverviewStats_2026_9_6.csv
bing_wmt_ai,overview_daily,2026-08-15,2026-09-06,,,,,,3,6,,,,,E:\一人公司\电子书格式转换站\ebook-converter\数据分析\www.bookconv.com_AIPerformanceOverviewStats_2026_9_6.csv
bing_wmt_ai,overview_daily,2026-08-16,2026-09-06,,,,,,3,19,,,,,E:\一人公司\电子书格式转换站\ebook-converter\数据分析\www.bookconv.com_AIPerformanceOverviewStats_2026_9_6.csv
bing_wmt_ai,overview_daily,2026-08-17,2026-09-06,,,,,,6,38,,,,,E:\一人公司\电子书格式转换站\ebook-converter\数据分析\www.bookconv.com_AIPerformanceOverviewStats_2026_9_6.csv
bing_wmt_ai,overview_daily,2026-08-18,2026-09-06,,,,,,2,31,,,,,E:\一人公司\电子书格式转换站\ebook-converter\数据分析\www.bookconv.com_AIPerformanceOverviewStats_2026_9_6.csv
bing_wmt_ai,overview_daily,2026-08-19,2026-09-06,,,,,,4,28,,,,,E:\一人公司\电子书格式转换站\ebook-converter\数据分析\www.bookconv.com_AIPerformanceOverviewStats_2026_9_6.csv
bing_wmt_ai,overview_daily,2026-08-20,2026-09-06,,,,,,6,38,,,,,E:\一人公司\电子书格式转换站\ebook-converter\数据分析\www.bookconv.com_AIPerformanceOverviewStats_2026_9_6.csv
bing_wmt_ai,overview_daily,2026-08-21,2026-09-06,,,,,,1,10,,,,,E:\一人公司\电子书格式转换站\ebook-converter\数据分析\www.bookconv.com_AIPerformanceOverviewStats_2026_9_6.csv
bing_wmt_ai,overview_daily,2026-08-22,2026-09-06,,,,,,4,17,,,,,E:\一人公司\电子书格式转换站\ebook-converter\数据分析\www.bookconv.com_AIPerformanceOverviewStats_2026_9_6.csv
bing_wmt_ai,overview_daily,2026-08-23,2026-09-06,,,,,,6,43,,,,,E:\一人公司\电子书格式转换站\ebook-converter\数据分析\www.bookconv.com_AIPerformanceOverviewStats_2026_9_6.csv
bing_wmt_ai,overview_daily,2026-08-24,2026-09-06,,,,,,9,38,,,,,E:\一人公司\电子书格式转换站\ebook-converter\数据分析\www.bookconv.com_AIPerformanceOverviewStats_2026_9_6.csv
bing_wmt_ai,overview_daily,2026-08-25,2026-09-06,,,,,,16,147,,,,,E:\一人公司\电子书格式转换站\ebook-converter\数据分析\www.bookconv.com_AIPerformanceOverviewStats_2026_9_6.csv
bing_wmt_ai,overview_daily,2026-08-26,2026-09-06,,,,,,13,162,,,,,E:\一人公司\电子书格式转换站\ebook-converter\数据分析\www.bookconv.com_AIPerformanceOverviewStats_2026_9_6.csv
bing_wmt_ai,overview_daily,2026-08-27,2026-09-06,,,,,,20,198,,,,,E:\一人公司\电子书格式转换站\ebook-converter\数据分析\www.bookconv.com_AIPerformanceOverviewStats_2026_9_6.csv
bing_wmt_ai,overview_daily,2026-08-28,2026-09-06,,,,,,22,192,,,,,E:\一人公司\电子书格式转换站\ebook-converter\数据分析\www.bookconv.com_AIPerformanceOverviewStats_2026_9_6.csv
bing_wmt_ai,overview_daily,2026-08-29,2026-09-06,,,,,,17,159,,,,,E:\一人公司\电子书格式转换站\ebook-converter\数据分析\www.bookconv.com_AIPerformanceOverviewStats_2026_9_6.csv
bing_wmt_ai,overview_daily,2026-08-30,2026-09-06,,,,,,15,117,,,,,E:\一人公司\电子书格式转换站\ebook-converter\数据分析\www.bookconv.com_AIPerformanceOverviewStats_2026_9_6.csv
bing_wmt_ai,overview_daily,2026-08-31,2026-09-06,,,,,,22,158,,,,,E:\一人公司\电子书格式转换站\ebook-converter\数据分析\www.bookconv.com_AIPerformanceOverviewStats_2026_9_6.csv
bing_wmt_ai,overview_daily,2026-09-01,2026-09-06,,,,,,15,110,,,,,E:\一人公司\电子书格式转换站\ebook-converter\数据分析\www.bookconv.com_AIPerformanceOverviewStats_2026_9_6.csv
bing_wmt_ai,overview_daily,2026-09-02,2026-09-06,,,,,,16,151,,,,,E:\一人公司\电子书格式转换站\ebook-converter\数据分析\www.bookconv.com_AIPerformanceOverviewStats_2026_9_6.csv
bing_wmt_ai,overview_daily,2026-09-03,2026-09-06,,,,,,18,133,,,,,E:\一人公司\电子书格式转换站\ebook-converter\数据分析\www.bookconv.com_AIPerformanceOverviewStats_2026_9_6.csv
bing_wmt_ai,overview_daily,2026-09-04,2026-09-06,,,,,,20,219,,,,,E:\一人公司\电子书格式转换站\ebook-converter\数据分析\www.bookconv.com_AIPerformanceOverviewStats_2026_9_6.csv
bing_wmt_ai,overview_daily,2026-07-27,2026-09-07,,,,,,0,0,,,,,E:\一人公司\电子书格式转换站\ebook-converter\数据分析\www.bookconv.com_AIPerformanceOverviewStats_2026_9_7.csv
bing_wmt_ai,overview_daily,2026-07-28,2026-09-07,,,,,,0,0,,,,,E:\一人公司\电子书格式转换站\ebook-converter\数据分析\www.bookconv.com_AIPerformanceOverviewStats_2026_9_7.csv
bing_wmt_ai,overview_daily,2026-07-29,2026-09-07,,,,,,0,0,,,,,E:\一人公司\电子书格式转换站\ebook-converter\数据分析\www.bookconv.com_AIPerformanceOverviewStats_2026_9_7.csv
bing_wmt_ai,overview_daily,2026-07-30,2026-09-07,,,,,,0,0,,,,,E:\一人公司\电子书格式转换站\ebook-converter\数据分析\www.bookconv.com_AIPerformanceOverviewStats_2026_9_7.csv
bing_wmt_ai,overview_daily,2026-07-31,2026-09-07,,,,,,0,0,,,,,E:\一人公司\电子书格式转换站\ebook-converter\数据分析\www.bookconv.com_AIPerformanceOverviewStats_2026_9_7.csv
bing_wmt_ai,overview_daily,2026-08-01,2026-09-07,,,,,,0,0,,,,,E:\一人公司\电子书格式转换站\ebook-converter\数据分析\www.bookconv.com_AIPerformanceOverviewStats_2026_9_7.csv
bing_wmt_ai,overview_daily,2026-08-02,2026-09-07,,,,,,0,0,,,,,E:\一人公司\电子书格式转换站\ebook-converter\数据分析\www.bookconv.com_AIPerformanceOverviewStats_2026_9_7.csv
bing_wmt_ai,overview_daily,2026-08-03,2026-09-07,,,,,,0,0,,,,,E:\一人公司\电子书格式转换站\ebook-converter\数据分析\www.bookconv.com_AIPerformanceOverviewStats_2026_9_7.csv
bing_wmt_ai,overview_daily,2026-08-04,2026-09-07,,,,,,0,0,,,,,E:\一人公司\电子书格式转换站\ebook-converter\数据分析\www.bookconv.com_AIPerformanceOverviewStats_2026_9_7.csv
bing_wmt_ai,overview_daily,2026-08-05,2026-09-07,,,,,,0,0,,,,,E:\一人公司\电子书格式转换站\ebook-converter\数据分析\www.bookconv.com_AIPerformanceOverviewStats_2026_9_7.csv
bing_wmt_ai,overview_daily,2026-08-06,2026-09-07,,,,,,0,0,,,,,E:\一人公司\电子书格式转换站\ebook-converter\数据分析\www.bookconv.com_AIPerformanceOverviewStats_2026_9_7.csv
bing_wmt_ai,overview_daily,2026-08-07,2026-09-07,,,,,,0,0,,,,,E:\一人公司\电子书格式转换站\ebook-converter\数据分析\www.bookconv.com_AIPerformanceOverviewStats_2026_9_7.csv
bing_wmt_ai,overview_daily,2026-08-08,2026-09-07,,,,,,1,4,,,,,E:\一人公司\电子书格式转换站\ebook-converter\数据分析\www.bookconv.com_AIPerformanceOverviewStats_2026_9_7.csv
bing_wmt_ai,overview_daily,2026-08-09,2026-09-07,,,,,,1,1,,,,,E:\一人公司\电子书格式转换站\ebook-converter\数据分析\www.bookconv.com_AIPerformanceOverviewStats_2026_9_7.csv
bing_wmt_ai,overview_daily,2026-08-10,2026-09-07,,,,,,0,0,,,,,E:\一人公司\电子书格式转换站\ebook-converter\数据分析\www.bookconv.com_AIPerformanceOverviewStats_2026_9_7.csv
bing_wmt_ai,overview_daily,2026-08-11,2026-09-07,,,,,,1,13,,,,,E:\一人公司\电子书格式转换站\ebook-converter\数据分析\www.bookconv.com_AIPerformanceOverviewStats_2026_9_7.csv
bing_wmt_ai,overview_daily,2026-08-12,2026-09-07,,,,,,1,1,,,,,E:\一人公司\电子书格式转换站\ebook-converter\数据分析\www.bookconv.com_AIPerformanceOverviewStats_2026_9_7.csv
bing_wmt_ai,overview_daily,2026-08-13,2026-09-07,,,,,,0,0,,,,,E:\一人公司\电子书格式转换站\ebook-converter\数据分析\www.bookconv.com_AIPerformanceOverviewStats_2026_9_7.csv
bing_wmt_ai,overview_daily,2026-08-14,2026-09-07,,,,,,0,0,,,,,E:\一人公司\电子书格式转换站\ebook-converter\数据分析\www.bookconv.com_AIPerformanceOverviewStats_2026_9_7.csv
bing_wmt_ai,overview_daily,2026-08-15,2026-09-07,,,,,,3,6,,,,,E:\一人公司\电子书格式转换站\ebook-converter\数据分析\www.bookconv.com_AIPerformanceOverviewStats_2026_9_7.csv
bing_wmt_ai,overview_daily,2026-08-16,2026-09-07,,,,,,3,19,,,,,E:\一人公司\电子书格式转换站\ebook-converter\数据分析\www.bookconv.com_AIPerformanceOverviewStats_2026_9_7.csv
bing_wmt_ai,overview_daily,2026-08-17,2026-09-07,,,,,,6,38,,,,,E:\一人公司\电子书格式转换站\ebook-converter\数据分析\www.bookconv.com_AIPerformanceOverviewStats_2026_9_7.csv
bing_wmt_ai,overview_daily,2026-08-18,2026-09-07,,,,,,2,31,,,,,E:\一人公司\电子书格式转换站\ebook-converter\数据分析\www.bookconv.com_AIPerformanceOverviewStats_2026_9_7.csv
bing_wmt_ai,overview_daily,2026-08-19,2026-09-07,,,,,,4,28,,,,,E:\一人公司\电子书格式转换站\ebook-converter\数据分析\www.bookconv.com_AIPerformanceOverviewStats_2026_9_7.csv
bing_wmt_ai,overview_daily,2026-08-20,2026-09-07,,,,,,6,38,,,,,E:\一人公司\电子书格式转换站\ebook-converter\数据分析\www.bookconv.com_AIPerformanceOverviewStats_2026_9_7.csv
bing_wmt_ai,overview_daily,2026-08-21,2026-09-07,,,,,,1,10,,,,,E:\一人公司\电子书格式转换站\ebook-converter\数据分析\www.bookconv.com_AIPerformanceOverviewStats_2026_9_7.csv
bing_wmt_ai,overview_daily,2026-08-22,2026-09-07,,,,,,4,17,,,,,E:\一人公司\电子书格式转换站\ebook-converter\数据分析\www.bookconv.com_AIPerformanceOverviewStats_2026_9_7.csv
bing_wmt_ai,overview_daily,2026-08-23,2026-09-07,,,,,,6,43,,,,,E:\一人公司\电子书格式转换站\ebook-converter\数据分析\www.bookconv.com_AIPerformanceOverviewStats_2026_9_7.csv
bing_wmt_ai,overview_daily,2026-08-24,2026-09-07,,,,,,9,38,,,,,E:\一人公司\电子书格式转换站\ebook-converter\数据分析\www.bookconv.com_AIPerformanceOverviewStats_2026_9_7.csv
bing_wmt_ai,overview_daily,2026-08-25,2026-09-07,,,,,,16,147,,,,,E:\一人公司\电子书格式转换站\ebook-converter\数据分析\www.bookconv.com_AIPerformanceOverviewStats_2026_9_7.csv
bing_wmt_ai,overview_daily,2026-08-26,2026-09-07,,,,,,13,162,,,,,E:\一人公司\电子书格式转换站\ebook-converter\数据分析\www.bookconv.com_AIPerformanceOverviewStats_2026_9_7.csv
bing_wmt_ai,overview_daily,2026-08-27,2026-09-07,,,,,,20,198,,,,,E:\一人公司\电子书格式转换站\ebook-converter\数据分析\www.bookconv.com_AIPerformanceOverviewStats_2026_9_7.csv
bing_wmt_ai,overview_daily,2026-08-28,2026-09-07,,,,,,22,192,,,,,E:\一人公司\电子书格式转换站\ebook-converter\数据分析\www.bookconv.com_AIPerformanceOverviewStats_2026_9_7.csv
bing_wmt_ai,overview_daily,2026-08-29,2026-09-07,,,,,,17,159,,,,,E:\一人公司\电子书格式转换站\ebook-converter\数据分析\www.bookconv.com_AIPerformanceOverviewStats_2026_9_7.csv
bing_wmt_ai,overview_daily,2026-08-30,2026-09-07,,,,,,15,117,,,,,E:\一人公司\电子书格式转换站\ebook-converter\数据分析\www.bookconv.com_AIPerformanceOverviewStats_2026_9_7.csv
bing_wmt_ai,overview_daily,2026-08-31,2026-09-07,,,,,,22,158,,,,,E:\一人公司\电子书格式转换站\ebook-converter\数据分析\www.bookconv.com_AIPerformanceOverviewStats_2026_9_7.csv
bing_wmt_ai,overview_daily,2026-09-01,2026-09-07,,,,,,15,110,,,,,E:\一人公司\电子书格式转换站\ebook-converter\数据分析\www.bookconv.com_AIPerformanceOverviewStats_2026_9_7.csv
bing_wmt_ai,overview_daily,2026-09-02,2026-09-07,,,,,,16,151,,,,,E:\一人公司\电子书格式转换站\ebook-converter\数据分析\www.bookconv.com_AIPerformanceOverviewStats_2026_9_7.csv
bing_wmt_ai,overview_daily,2026-09-03,2026-09-07,,,,,,18,133,,,,,E:\一人公司\电子书格式转换站\ebook-converter\数据分析\www.bookconv.com_AIPerformanceOverviewStats_2026_9_7.csv
bing_wmt_ai,overview_daily,2026-09-04,2026-09-07,,,,,,20,219,,,,,E:\一人公司\电子书格式转换站\ebook-converter\数据分析\www.bookconv.com_AIPerformanceOverviewStats_2026_9_7.csv
bing_wmt_ai,overview_daily,2026-09-05,2026-09-07,,,,,,22,157,,,,,E:\一人公司\电子书格式转换站\ebook-converter\数据分析\www.bookconv.com_AIPerformanceOverviewStats_2026_9_7.csv
bing_wmt_ai,query_stats,,2026-08-28,djvu to pdf,djvu to pdf,,,,,63,4.80%,,,,E:\一人公司\电子书格式转换站\ebook-converter\数据分析\www.bookconv.com_AISearchQueriesReport_2026_8_28.csv
bing_wmt_ai,query_stats,,2026-08-28,epub to mobi,epub to mobi,,,,,25,2.55%,Utility,E-Books & Kindle,,E:\一人公司\电子书格式转换站\ebook-converter\数据分析\www.bookconv.com_AISearchQueriesReport_2026_8_28.csv
bing_wmt_ai,query_stats,,2026-08-28,harry potter digital books multiple devices,Harry Potter digital books multiple devices,,,,,18,58.06%,Commercial,E-Books & Kindle,,E:\一人公司\电子书格式转换站\ebook-converter\数据分析\www.bookconv.com_AISearchQueriesReport_2026_8_28.csv
bing_wmt_ai,query_stats,,2026-08-28,epub to mobi converter free,epub to mobi converter free,,,,,18,10.29%,Utility,E-Books & Kindle,,E:\一人公司\电子书格式转换站\ebook-converter\数据分析\www.bookconv.com_AISearchQueriesReport_2026_8_28.csv
bing_wmt_ai,query_stats,,2026-08-28,convert to epub free,convert to epub free,,,,,12,22.22%,,,,E:\一人公司\电子书格式转换站\ebook-converter\数据分析\www.bookconv.com_AISearchQueriesReport_2026_8_28.csv
bing_wmt_ai,query_stats,,2026-08-28,apps for romance books sync across devices,apps for romance books sync across devices,,,,,9,45.00%,Informational,E-Books & Kindle,,E:\一人公司\电子书格式转换站\ebook-converter\数据分析\www.bookconv.com_AISearchQueriesReport_2026_8_28.csv
bing_wmt_ai,query_stats,,2026-08-28,ebook reader app,ebook reader app,,,,,8,9.88%,,,,E:\一人公司\电子书格式转换站\ebook-converter\数据分析\www.bookconv.com_AISearchQueriesReport_2026_8_28.csv
bing_wmt_ai,query_stats,,2026-08-28,free reader apps platforms discover new content resources,free reader apps platforms discover new content resources,,,,,6,22.22%,,,,E:\一人公司\电子书格式转换站\ebook-converter\数据分析\www.bookconv.com_AISearchQueriesReport_2026_8_28.csv
bing_wmt_ai,query_stats,,2026-08-28,ebook syncing virtual reading groups,ebook syncing virtual reading groups,,,,,6,42.86%,Informational,E-Books & Kindle,,E:\一人公司\电子书格式转换站\ebook-converter\数据分析\www.bookconv.com_AISearchQueriesReport_2026_8_28.csv
bing_wmt_ai,query_stats,,2026-08-28,transfer ebooks between devices,transfer ebooks between devices,,,,,6,19.35%,,,,E:\一人公司\电子书格式转换站\ebook-converter\数据分析\www.bookconv.com_AISearchQueriesReport_2026_8_28.csv
bing_wmt_ai,query_stats,,2026-08-28,convert from epub to mobi,convert from epub to mobi,,,,,5,26.32%,,,,E:\一人公司\电子书格式转换站\ebook-converter\数据分析\www.bookconv.com_AISearchQueriesReport_2026_8_28.csv
bing_wmt_ai,query_stats,,2026-09-01,djvu to pdf,djvu to pdf,,,,,215,6.46%,,,,E:\一人公司\电子书格式转换站\ebook-converter\数据分析\www.bookconv.com_AISearchQueriesReport_2026_9_1.csv
bing_wmt_ai,query_stats,,2026-09-01,mobi to epub,mobi to epub,,,,,70,10.31%,,,,E:\一人公司\电子书格式转换站\ebook-converter\数据分析\www.bookconv.com_AISearchQueriesReport_2026_9_1.csv
bing_wmt_ai,query_stats,,2026-09-01,ebook reader app,ebook reader app,,,,,36,12.59%,,,,E:\一人公司\电子书格式转换站\ebook-converter\数据分析\www.bookconv.com_AISearchQueriesReport_2026_9_1.csv
bing_wmt_ai,query_stats,,2026-09-01,harry potter digital books multiple devices,Harry Potter digital books multiple devices,,,,,26,57.78%,Commercial,E-Books & Kindle,,E:\一人公司\电子书格式转换站\ebook-converter\数据分析\www.bookconv.com_AISearchQueriesReport_2026_9_1.csv
bing_wmt_ai,query_stats,,2026-09-01,epub to mobi,epub to mobi,,,,,25,2.55%,Utility,E-Books & Kindle,,E:\一人公司\电子书格式转换站\ebook-converter\数据分析\www.bookconv.com_AISearchQueriesReport_2026_9_1.csv
bing_wmt_ai,query_stats,,2026-09-01,transfer ebooks between devices,transfer ebooks between devices,,,,,24,32.00%,,,,E:\一人公司\电子书格式转换站\ebook-converter\数据分析\www.bookconv.com_AISearchQueriesReport_2026_9_1.csv
bing_wmt_ai,query_stats,,2026-09-01,free reader apps platforms discover new content resources,free reader apps platforms discover new content resources,,,,,22,24.72%,,,,E:\一人公司\电子书格式转换站\ebook-converter\数据分析\www.bookconv.com_AISearchQueriesReport_2026_9_1.csv
bing_wmt_ai,query_stats,,2026-09-01,epub to mobi converter free,epub to mobi converter free,,,,,18,10.29%,Utility,E-Books & Kindle,,E:\一人公司\电子书格式转换站\ebook-converter\数据分析\www.bookconv.com_AISearchQueriesReport_2026_9_1.csv
bing_wmt_ai,query_stats,,2026-09-01,beste kostenlose e-reader apps 2026,beste kostenlose E-Reader Apps 2026,,,,,17,34.00%,,,,E:\一人公司\电子书格式转换站\ebook-converter\数据分析\www.bookconv.com_AISearchQueriesReport_2026_9_1.csv
bing_wmt_ai,query_stats,,2026-09-01,convert to epub free,convert to epub free,,,,,16,22.22%,,,,E:\一人公司\电子书格式转换站\ebook-converter\数据分析\www.bookconv.com_AISearchQueriesReport_2026_9_1.csv
bing_wmt_ai,query_stats,,2026-09-01,apps for romance books sync across devices,apps for romance books sync across devices,,,,,14,42.42%,Informational,E-Books & Kindle,,E:\一人公司\电子书格式转换站\ebook-converter\数据分析\www.bookconv.com_AISearchQueriesReport_2026_9_1.csv
bing_wmt_ai,query_stats,,2026-09-01,convert from epub to mobi,convert from epub to mobi,,,,,10,26.32%,,,,E:\一人公司\电子书格式转换站\ebook-converter\数据分析\www.bookconv.com_AISearchQueriesReport_2026_9_1.csv
bing_wmt_ai,query_stats,,2026-09-01,ebook syncing virtual reading groups,ebook syncing virtual reading groups,,,,,7,41.18%,Informational,E-Books & Kindle,,E:\一人公司\电子书格式转换站\ebook-converter\数据分析\www.bookconv.com_AISearchQueriesReport_2026_9_1.csv
bing_wmt_ai,query_stats,,2026-09-01,free reader apps platforms discover new content,free reader apps platforms discover new content,,,,,6,26.09%,,,,E:\一人公司\电子书格式转换站\ebook-converter\数据分析\www.bookconv.com_AISearchQueriesReport_2026_9_1.csv
bing_wmt_ai,query_stats,,2026-09-01,epub to azw3 converter,epub to azw3 converter,,,,,5,13.16%,,,,E:\一人公司\电子书格式转换站\ebook-converter\数据分析\www.bookconv.com_AISearchQueriesReport_2026_9_1.csv
bing_wmt_ai,query_stats,,2026-09-01,convert djvu to pdf,convert DJVU to PDF,,,,,4,3.01%,,,,E:\一人公司\电子书格式转换站\ebook-converter\数据分析\www.bookconv.com_AISearchQueriesReport_2026_9_1.csv
bing_wmt_ai,query_stats,,2026-09-01,transfer kindle books to kobo ereader,transfer Kindle books to Kobo eReader,,,,,3,13.04%,,,,E:\一人公司\电子书格式转换站\ebook-converter\数据分析\www.bookconv.com_AISearchQueriesReport_2026_9_1.csv
bing_wmt_ai,query_stats,,2026-09-02,djvu to pdf,djvu to pdf,,,,,233,6.20%,,,filename_dup,E:\一人公司\电子书格式转换站\ebook-converter\数据分析\www.bookconv.com_AISearchQueriesReport_2026_9_2 (2).csv
bing_wmt_ai,query_stats,,2026-09-02,mobi to epub,mobi to epub,,,,,70,10.31%,,,filename_dup,E:\一人公司\电子书格式转换站\ebook-converter\数据分析\www.bookconv.com_AISearchQueriesReport_2026_9_2 (2).csv
bing_wmt_ai,query_stats,,2026-09-02,ebook reader app,ebook reader app,,,,,36,12.59%,,,filename_dup,E:\一人公司\电子书格式转换站\ebook-converter\数据分析\www.bookconv.com_AISearchQueriesReport_2026_9_2 (2).csv
bing_wmt_ai,query_stats,,2026-09-02,convert mobi to epub,convert mobi to epub,,,,,33,27.05%,,,filename_dup,E:\一人公司\电子书格式转换站\ebook-converter\数据分析\www.bookconv.com_AISearchQueriesReport_2026_9_2 (2).csv
bing_wmt_ai,query_stats,,2026-09-02,harry potter digital books multiple devices,Harry Potter digital books multiple devices,,,,,26,57.78%,Commercial,E-Books & Kindle,filename_dup,E:\一人公司\电子书格式转换站\ebook-converter\数据分析\www.bookconv.com_AISearchQueriesReport_2026_9_2 (2).csv
bing_wmt_ai,query_stats,,2026-09-02,epub to mobi,epub to mobi,,,,,25,2.55%,Utility,E-Books & Kindle,filename_dup,E:\一人公司\电子书格式转换站\ebook-converter\数据分析\www.bookconv.com_AISearchQueriesReport_2026_9_2 (2).csv
bing_wmt_ai,query_stats,,2026-09-02,transfer ebooks between devices,transfer ebooks between devices,,,,,24,32.00%,,,filename_dup,E:\一人公司\电子书格式转换站\ebook-converter\数据分析\www.bookconv.com_AISearchQueriesReport_2026_9_2 (2).csv
bing_wmt_ai,query_stats,,2026-09-02,free reader apps platforms discover new content resources,free reader apps platforms discover new content resources,,,,,22,24.72%,,,filename_dup,E:\一人公司\电子书格式转换站\ebook-converter\数据分析\www.bookconv.com_AISearchQueriesReport_2026_9_2 (2).csv
bing_wmt_ai,query_stats,,2026-09-02,beste kostenlose e-reader apps 2026,beste kostenlose E-Reader Apps 2026,,,,,20,33.33%,,,filename_dup,E:\一人公司\电子书格式转换站\ebook-converter\数据分析\www.bookconv.com_AISearchQueriesReport_2026_9_2 (2).csv
bing_wmt_ai,query_stats,,2026-09-02,epub to mobi converter free,epub to mobi converter free,,,,,18,10.29%,Utility,E-Books & Kindle,filename_dup,E:\一人公司\电子书格式转换站\ebook-converter\数据分析\www.bookconv.com_AISearchQueriesReport_2026_9_2 (2).csv
bing_wmt_ai,query_stats,,2026-09-02,apps for romance books sync across devices,apps for romance books sync across devices,,,,,18,46.15%,Informational,E-Books & Kindle,filename_dup,E:\一人公司\电子书格式转换站\ebook-converter\数据分析\www.bookconv.com_AISearchQueriesReport_2026_9_2 (2).csv
bing_wmt_ai,query_stats,,2026-09-02,convert to epub free,convert to epub free,,,,,16,22.22%,,,filename_dup,E:\一人公司\电子书格式转换站\ebook-converter\数据分析\www.bookconv.com_AISearchQueriesReport_2026_9_2 (2).csv
bing_wmt_ai,query_stats,,2026-09-02,convert from epub to mobi,convert from epub to mobi,,,,,10,26.32%,,,filename_dup,E:\一人公司\电子书格式转换站\ebook-converter\数据分析\www.bookconv.com_AISearchQueriesReport_2026_9_2 (2).csv
bing_wmt_ai,query_stats,,2026-09-02,free reader apps platforms discover new content,free reader apps platforms discover new content,,,,,8,22.22%,,,filename_dup,E:\一人公司\电子书格式转换站\ebook-converter\数据分析\www.bookconv.com_AISearchQueriesReport_2026_9_2 (2).csv
bing_wmt_ai,query_stats,,2026-09-02,ebook syncing virtual reading groups,ebook syncing virtual reading groups,,,,,7,41.18%,Informational,E-Books & Kindle,filename_dup,E:\一人公司\电子书格式转换站\ebook-converter\数据分析\www.bookconv.com_AISearchQueriesReport_2026_9_2 (2).csv
bing_wmt_ai,query_stats,,2026-09-02,kindle azw vs mobi formats explained,Kindle AZW vs MOBI formats explained,,,,,6,60.00%,,,filename_dup,E:\一人公司\电子书格式转换站\ebook-converter\数据分析\www.bookconv.com_AISearchQueriesReport_2026_9_2 (2).csv
bing_wmt_ai,query_stats,,2026-09-02,epub to azw3 converter,epub to azw3 converter,,,,,5,13.16%,,,filename_dup,E:\一人公司\电子书格式转换站\ebook-converter\数据分析\www.bookconv.com_AISearchQueriesReport_2026_9_2 (2).csv
bing_wmt_ai,query_stats,,2026-09-02,epub to mobi converter,epub to mobi converter,,,,,5,3.73%,,,filename_dup,E:\一人公司\电子书格式转换站\ebook-converter\数据分析\www.bookconv.com_AISearchQueriesReport_2026_9_2 (2).csv
bing_wmt_ai,query_stats,,2026-09-02,convert djvu to pdf,convert DJVU to PDF,,,,,4,3.01%,,,filename_dup,E:\一人公司\电子书格式转换站\ebook-converter\数据分析\www.bookconv.com_AISearchQueriesReport_2026_9_2 (2).csv
bing_wmt_ai,query_stats,,2026-09-02,transfer kindle books to kobo ereader,transfer Kindle books to Kobo eReader,,,,,3,13.04%,,,filename_dup,E:\一人公司\电子书格式转换站\ebook-converter\数据分析\www.bookconv.com_AISearchQueriesReport_2026_9_2 (2).csv
bing_wmt_ai,query_stats,,2026-09-02,djvu to pdf,djvu to pdf,,,,,233,6.20%,,,,E:\一人公司\电子书格式转换站\ebook-converter\数据分析\www.bookconv.com_AISearchQueriesReport_2026_9_2.csv
bing_wmt_ai,query_stats,,2026-09-02,mobi to epub,mobi to epub,,,,,70,10.31%,,,,E:\一人公司\电子书格式转换站\ebook-converter\数据分析\www.bookconv.com_AISearchQueriesReport_2026_9_2.csv
bing_wmt_ai,query_stats,,2026-09-02,ebook reader app,ebook reader app,,,,,36,12.59%,,,,E:\一人公司\电子书格式转换站\ebook-converter\数据分析\www.bookconv.com_AISearchQueriesReport_2026_9_2.csv
bing_wmt_ai,query_stats,,2026-09-02,convert mobi to epub,convert mobi to epub,,,,,33,27.05%,,,,E:\一人公司\电子书格式转换站\ebook-converter\数据分析\www.bookconv.com_AISearchQueriesReport_2026_9_2.csv
bing_wmt_ai,query_stats,,2026-09-02,harry potter digital books multiple devices,Harry Potter digital books multiple devices,,,,,26,57.78%,Commercial,E-Books & Kindle,,E:\一人公司\电子书格式转换站\ebook-converter\数据分析\www.bookconv.com_AISearchQueriesReport_2026_9_2.csv
bing_wmt_ai,query_stats,,2026-09-02,epub to mobi,epub to mobi,,,,,25,2.55%,Utility,E-Books & Kindle,,E:\一人公司\电子书格式转换站\ebook-converter\数据分析\www.bookconv.com_AISearchQueriesReport_2026_9_2.csv
bing_wmt_ai,query_stats,,2026-09-02,transfer ebooks between devices,transfer ebooks between devices,,,,,24,32.00%,,,,E:\一人公司\电子书格式转换站\ebook-converter\数据分析\www.bookconv.com_AISearchQueriesReport_2026_9_2.csv
bing_wmt_ai,query_stats,,2026-09-02,free reader apps platforms discover new content resources,free reader apps platforms discover new content resources,,,,,22,24.72%,,,,E:\一人公司\电子书格式转换站\ebook-converter\数据分析\www.bookconv.com_AISearchQueriesReport_2026_9_2.csv
bing_wmt_ai,query_stats,,2026-09-02,beste kostenlose e-reader apps 2026,beste kostenlose E-Reader Apps 2026,,,,,20,33.33%,,,,E:\一人公司\电子书格式转换站\ebook-converter\数据分析\www.bookconv.com_AISearchQueriesReport_2026_9_2.csv
bing_wmt_ai,query_stats,,2026-09-02,epub to mobi converter free,epub to mobi converter free,,,,,18,10.29%,Utility,E-Books & Kindle,,E:\一人公司\电子书格式转换站\ebook-converter\数据分析\www.bookconv.com_AISearchQueriesReport_2026_9_2.csv
bing_wmt_ai,query_stats,,2026-09-02,apps for romance books sync across devices,apps for romance books sync across devices,,,,,18,46.15%,Informational,E-Books & Kindle,,E:\一人公司\电子书格式转换站\ebook-converter\数据分析\www.bookconv.com_AISearchQueriesReport_2026_9_2.csv
bing_wmt_ai,query_stats,,2026-09-02,convert to epub free,convert to epub free,,,,,16,22.22%,,,,E:\一人公司\电子书格式转换站\ebook-converter\数据分析\www.bookconv.com_AISearchQueriesReport_2026_9_2.csv
bing_wmt_ai,query_stats,,2026-09-02,convert from epub to mobi,convert from epub to mobi,,,,,10,26.32%,,,,E:\一人公司\电子书格式转换站\ebook-converter\数据分析\www.bookconv.com_AISearchQueriesReport_2026_9_2.csv
bing_wmt_ai,query_stats,,2026-09-02,free reader apps platforms discover new content,free reader apps platforms discover new content,,,,,8,22.22%,,,,E:\一人公司\电子书格式转换站\ebook-converter\数据分析\www.bookconv.com_AISearchQueriesReport_2026_9_2.csv
bing_wmt_ai,query_stats,,2026-09-02,ebook syncing virtual reading groups,ebook syncing virtual reading groups,,,,,7,41.18%,Informational,E-Books & Kindle,,E:\一人公司\电子书格式转换站\ebook-converter\数据分析\www.bookconv.com_AISearchQueriesReport_2026_9_2.csv
bing_wmt_ai,query_stats,,2026-09-02,kindle azw vs mobi formats explained,Kindle AZW vs MOBI formats explained,,,,,6,60.00%,,,,E:\一人公司\电子书格式转换站\ebook-converter\数据分析\www.bookconv.com_AISearchQueriesReport_2026_9_2.csv
bing_wmt_ai,query_stats,,2026-09-02,epub to azw3 converter,epub to azw3 converter,,,,,5,13.16%,,,,E:\一人公司\电子书格式转换站\ebook-converter\数据分析\www.bookconv.com_AISearchQueriesReport_2026_9_2.csv
bing_wmt_ai,query_stats,,2026-09-02,epub to mobi converter,epub to mobi converter,,,,,5,3.73%,,,,E:\一人公司\电子书格式转换站\ebook-converter\数据分析\www.bookconv.com_AISearchQueriesReport_2026_9_2.csv
bing_wmt_ai,query_stats,,2026-09-02,convert djvu to pdf,convert DJVU to PDF,,,,,4,3.01%,,,,E:\一人公司\电子书格式转换站\ebook-converter\数据分析\www.bookconv.com_AISearchQueriesReport_2026_9_2.csv
bing_wmt_ai,query_stats,,2026-09-02,transfer kindle books to kobo ereader,transfer Kindle books to Kobo eReader,,,,,3,13.04%,,,,E:\一人公司\电子书格式转换站\ebook-converter\数据分析\www.bookconv.com_AISearchQueriesReport_2026_9_2.csv
bing_wmt_ai,query_stats,,2026-09-03,djvu to pdf,djvu to pdf,,,,,233,6.20%,,,,E:\一人公司\电子书格式转换站\ebook-converter\数据分析\www.bookconv.com_AISearchQueriesReport_2026_9_3.csv
bing_wmt_ai,query_stats,,2026-09-03,mobi to epub,mobi to epub,,,,,70,10.31%,,,,E:\一人公司\电子书格式转换站\ebook-converter\数据分析\www.bookconv.com_AISearchQueriesReport_2026_9_3.csv
bing_wmt_ai,query_stats,,2026-09-03,convert mobi to epub,convert mobi to epub,,,,,41,25.62%,,,,E:\一人公司\电子书格式转换站\ebook-converter\数据分析\www.bookconv.com_AISearchQueriesReport_2026_9_3.csv
bing_wmt_ai,query_stats,,2026-09-03,ebook reader app,ebook reader app,,,,,36,12.59%,,,,E:\一人公司\电子书格式转换站\ebook-converter\数据分析\www.bookconv.com_AISearchQueriesReport_2026_9_3.csv
bing_wmt_ai,query_stats,,2026-09-03,harry potter digital books multiple devices,Harry Potter digital books multiple devices,,,,,26,57.78%,Commercial,E-Books & Kindle,,E:\一人公司\电子书格式转换站\ebook-converter\数据分析\www.bookconv.com_AISearchQueriesReport_2026_9_3.csv
bing_wmt_ai,query_stats,,2026-09-03,free reader apps platforms discover new content resources,free reader apps platforms discover new content resources,,,,,26,26.26%,,,,E:\一人公司\电子书格式转换站\ebook-converter\数据分析\www.bookconv.com_AISearchQueriesReport_2026_9_3.csv
bing_wmt_ai,query_stats,,2026-09-03,epub to mobi,epub to mobi,,,,,25,2.55%,Utility,E-Books & Kindle,,E:\一人公司\电子书格式转换站\ebook-converter\数据分析\www.bookconv.com_AISearchQueriesReport_2026_9_3.csv
bing_wmt_ai,query_stats,,2026-09-03,transfer ebooks between devices,transfer ebooks between devices,,,,,24,32.00%,,,,E:\一人公司\电子书格式转换站\ebook-converter\数据分析\www.bookconv.com_AISearchQueriesReport_2026_9_3.csv
bing_wmt_ai,query_stats,,2026-09-03,beste kostenlose e-reader apps 2026,beste kostenlose E-Reader Apps 2026,,,,,23,30.67%,,,,E:\一人公司\电子书格式转换站\ebook-converter\数据分析\www.bookconv.com_AISearchQueriesReport_2026_9_3.csv
bing_wmt_ai,query_stats,,2026-09-03,epub to mobi converter free,epub to mobi converter free,,,,,18,10.29%,Utility,E-Books & Kindle,,E:\一人公司\电子书格式转换站\ebook-converter\数据分析\www.bookconv.com_AISearchQueriesReport_2026_9_3.csv
bing_wmt_ai,query_stats,,2026-09-03,apps for romance books sync across devices,apps for romance books sync across devices,,,,,18,46.15%,Informational,E-Books & Kindle,,E:\一人公司\电子书格式转换站\ebook-converter\数据分析\www.bookconv.com_AISearchQueriesReport_2026_9_3.csv
bing_wmt_ai,query_stats,,2026-09-03,convert to epub free,convert to epub free,,,,,16,22.22%,,,,E:\一人公司\电子书格式转换站\ebook-converter\数据分析\www.bookconv.com_AISearchQueriesReport_2026_9_3.csv
bing_wmt_ai,query_stats,,2026-09-03,convert from epub to mobi,convert from epub to mobi,,,,,10,26.32%,,,,E:\一人公司\电子书格式转换站\ebook-converter\数据分析\www.bookconv.com_AISearchQueriesReport_2026_9_3.csv
bing_wmt_ai,query_stats,,2026-09-03,free reader apps platforms discover new content,free reader apps platforms discover new content,,,,,8,22.22%,,,,E:\一人公司\电子书格式转换站\ebook-converter\数据分析\www.bookconv.com_AISearchQueriesReport_2026_9_3.csv
bing_wmt_ai,query_stats,,2026-09-03,ebook syncing virtual reading groups,ebook syncing virtual reading groups,,,,,7,41.18%,Informational,E-Books & Kindle,,E:\一人公司\电子书格式转换站\ebook-converter\数据分析\www.bookconv.com_AISearchQueriesReport_2026_9_3.csv
bing_wmt_ai,query_stats,,2026-09-03,kindle azw vs mobi formats explained,Kindle AZW vs MOBI formats explained,,,,,6,60.00%,,,,E:\一人公司\电子书格式转换站\ebook-converter\数据分析\www.bookconv.com_AISearchQueriesReport_2026_9_3.csv
bing_wmt_ai,query_stats,,2026-09-03,epub to azw3 converter,epub to azw3 converter,,,,,5,13.16%,,,,E:\一人公司\电子书格式转换站\ebook-converter\数据分析\www.bookconv.com_AISearchQueriesReport_2026_9_3.csv
bing_wmt_ai,query_stats,,2026-09-03,epub to mobi converter,epub to mobi converter,,,,,5,3.73%,,,,E:\一人公司\电子书格式转换站\ebook-converter\数据分析\www.bookconv.com_AISearchQueriesReport_2026_9_3.csv
bing_wmt_ai,query_stats,,2026-09-03,convert djvu to pdf,convert DJVU to PDF,,,,,4,3.01%,,,,E:\一人公司\电子书格式转换站\ebook-converter\数据分析\www.bookconv.com_AISearchQueriesReport_2026_9_3.csv
bing_wmt_ai,query_stats,,2026-09-03,transfer kindle books to kobo ereader,transfer Kindle books to Kobo eReader,,,,,3,13.04%,,,,E:\一人公司\电子书格式转换站\ebook-converter\数据分析\www.bookconv.com_AISearchQueriesReport_2026_9_3.csv
bing_wmt_ai,query_stats,,2026-09-06,djvu to pdf,djvu to pdf,,,,,233,6.20%,,,filename_dup,E:\一人公司\电子书格式转换站\ebook-converter\数据分析\www.bookconv.com_AISearchQueriesReport_2026_9_6 (2).csv
bing_wmt_ai,query_stats,,2026-09-06,ebook reader app,ebook reader app,,,,,80,12.40%,,,filename_dup,E:\一人公司\电子书格式转换站\ebook-converter\数据分析\www.bookconv.com_AISearchQueriesReport_2026_9_6 (2).csv
bing_wmt_ai,query_stats,,2026-09-06,mobi to epub,mobi to epub,,,,,70,10.31%,,,filename_dup,E:\一人公司\电子书格式转换站\ebook-converter\数据分析\www.bookconv.com_AISearchQueriesReport_2026_9_6 (2).csv
bing_wmt_ai,query_stats,,2026-09-06,convert mobi to epub,convert mobi to epub,,,,,65,25.49%,,,filename_dup,E:\一人公司\电子书格式转换站\ebook-converter\数据分析\www.bookconv.com_AISearchQueriesReport_2026_9_6 (2).csv
bing_wmt_ai,query_stats,,2026-09-06,transfer ebooks between devices,transfer ebooks between devices,,,,,45,44.12%,,,filename_dup,E:\一人公司\电子书格式转换站\ebook-converter\数据分析\www.bookconv.com_AISearchQueriesReport_2026_9_6 (2).csv
bing_wmt_ai,query_stats,,2026-09-06,free reader apps platforms discover new content resources,free reader apps platforms discover new content resources,,,,,37,26.81%,,,filename_dup,E:\一人公司\电子书格式转换站\ebook-converter\数据分析\www.bookconv.com_AISearchQueriesReport_2026_9_6 (2).csv
bing_wmt_ai,query_stats,,2026-09-06,beste kostenlose e-reader apps 2026,beste kostenlose E-Reader Apps 2026,,,,,31,29.81%,,,filename_dup,E:\一人公司\电子书格式转换站\ebook-converter\数据分析\www.bookconv.com_AISearchQueriesReport_2026_9_6 (2).csv
bing_wmt_ai,query_stats,,2026-09-06,harry potter digital books multiple devices,Harry Potter digital books multiple devices,,,,,26,57.78%,Commercial,E-Books & Kindle,filename_dup,E:\一人公司\电子书格式转换站\ebook-converter\数据分析\www.bookconv.com_AISearchQueriesReport_2026_9_6 (2).csv
bing_wmt_ai,query_stats,,2026-09-06,epub to mobi,epub to mobi,,,,,25,2.55%,Utility,E-Books & Kindle,filename_dup,E:\一人公司\电子书格式转换站\ebook-converter\数据分析\www.bookconv.com_AISearchQueriesReport_2026_9_6 (2).csv
bing_wmt_ai,query_stats,,2026-09-06,apps for romance books sync across devices,apps for romance books sync across devices,,,,,25,43.86%,Informational,E-Books & Kindle,filename_dup,E:\一人公司\电子书格式转换站\ebook-converter\数据分析\www.bookconv.com_AISearchQueriesReport_2026_9_6 (2).csv
bing_wmt_ai,query_stats,,2026-09-06,kindle azw vs mobi formats explained,Kindle AZW vs MOBI formats explained,,,,,24,63.16%,,,filename_dup,E:\一人公司\电子书格式转换站\ebook-converter\数据分析\www.bookconv.com_AISearchQueriesReport_2026_9_6 (2).csv
bing_wmt_ai,query_stats,,2026-09-06,epub to mobi converter free,epub to mobi converter free,,,,,18,10.29%,Utility,E-Books & Kindle,filename_dup,E:\一人公司\电子书格式转换站\ebook-converter\数据分析\www.bookconv.com_AISearchQueriesReport_2026_9_6 (2).csv
bing_wmt_ai,query_stats,,2026-09-06,convert to epub free,convert to epub free,,,,,16,22.22%,,,filename_dup,E:\一人公司\电子书格式转换站\ebook-converter\数据分析\www.bookconv.com_AISearchQueriesReport_2026_9_6 (2).csv
bing_wmt_ai,query_stats,,2026-09-06,epub to mobi converter,epub to mobi converter,,,,,15,3.02%,,,filename_dup,E:\一人公司\电子书格式转换站\ebook-converter\数据分析\www.bookconv.com_AISearchQueriesReport_2026_9_6 (2).csv
bing_wmt_ai,query_stats,,2026-09-06,ebook reader free,ebook reader free,,,,,15,14.15%,,,filename_dup,E:\一人公司\电子书格式转换站\ebook-converter\数据分析\www.bookconv.com_AISearchQueriesReport_2026_9_6 (2).csv
bing_wmt_ai,query_stats,,2026-09-06,convert from epub to mobi,convert from epub to mobi,,,,,15,26.32%,,,filename_dup,E:\一人公司\电子书格式转换站\ebook-converter\数据分析\www.bookconv.com_AISearchQueriesReport_2026_9_6 (2).csv
bing_wmt_ai,query_stats,,2026-09-06,free reader apps platforms discover new content,free reader apps platforms discover new content,,,,,15,25.00%,,,filename_dup,E:\一人公司\电子书格式转换站\ebook-converter\数据分析\www.bookconv.com_AISearchQueriesReport_2026_9_6 (2).csv
bing_wmt_ai,query_stats,,2026-09-06,ebook apps sync reading progress across devices,ebook apps sync reading progress across devices,,,,,11,36.67%,,,filename_dup,E:\一人公司\电子书格式转换站\ebook-converter\数据分析\www.bookconv.com_AISearchQueriesReport_2026_9_6 (2).csv
bing_wmt_ai,query_stats,,2026-09-06,ebook syncing services for virtual reading groups,ebook syncing services for virtual reading groups,,,,,8,47.06%,,,filename_dup,E:\一人公司\电子书格式转换站\ebook-converter\数据分析\www.bookconv.com_AISearchQueriesReport_2026_9_6 (2).csv
bing_wmt_ai,query_stats,,2026-09-06,best free reading apps,best free reading apps,,,,,8,42.11%,,,filename_dup,E:\一人公司\电子书格式转换站\ebook-converter\数据分析\www.bookconv.com_AISearchQueriesReport_2026_9_6 (2).csv
bing_wmt_ai,query_stats,,2026-09-06,convert djvu to pdf,convert DJVU to PDF,,,,,8,3.42%,,,filename_dup,E:\一人公司\电子书格式转换站\ebook-converter\数据分析\www.bookconv.com_AISearchQueriesReport_2026_9_6 (2).csv
bing_wmt_ai,query_stats,,2026-09-06,ebook syncing virtual reading groups,ebook syncing virtual reading groups,,,,,8,40.00%,Informational,E-Books & Kindle,filename_dup,E:\一人公司\电子书格式转换站\ebook-converter\数据分析\www.bookconv.com_AISearchQueriesReport_2026_9_6 (2).csv
bing_wmt_ai,query_stats,,2026-09-06,best free book reading apps,best free book reading apps,,,,,7,20.59%,,,filename_dup,E:\一人公司\电子书格式转换站\ebook-converter\数据分析\www.bookconv.com_AISearchQueriesReport_2026_9_6 (2).csv
bing_wmt_ai,query_stats,,2026-09-06,free e-reader software comparison,free e-reader software comparison,,,,,6,19.35%,,,filename_dup,E:\一人公司\电子书格式转换站\ebook-converter\数据分析\www.bookconv.com_AISearchQueriesReport_2026_9_6 (2).csv
bing_wmt_ai,query_stats,,2026-09-06,epub reader free,epub reader free,,,,,6,20.69%,,,filename_dup,E:\一人公司\电子书格式转换站\ebook-converter\数据分析\www.bookconv.com_AISearchQueriesReport_2026_9_6 (2).csv
bing_wmt_ai,query_stats,,2026-09-06,ya book club chapter synchronization apps,YA book club chapter synchronization apps,,,,,5,29.41%,,,filename_dup,E:\一人公司\电子书格式转换站\ebook-converter\数据分析\www.bookconv.com_AISearchQueriesReport_2026_9_6 (2).csv
bing_wmt_ai,query_stats,,2026-09-06,free reader app,free reader app,,,,,5,25.00%,,,filename_dup,E:\一人公司\电子书格式转换站\ebook-converter\数据分析\www.bookconv.com_AISearchQueriesReport_2026_9_6 (2).csv
bing_wmt_ai,query_stats,,2026-09-06,ya book club chapter synchronization tools,YA book club chapter synchronization tools,,,,,5,38.46%,,,filename_dup,E:\一人公司\电子书格式转换站\ebook-converter\数据分析\www.bookconv.com_AISearchQueriesReport_2026_9_6 (2).csv
bing_wmt_ai,query_stats,,2026-09-06,epub to azw3 converter,epub to azw3 converter,,,,,5,13.16%,,,filename_dup,E:\一人公司\电子书格式转换站\ebook-converter\数据分析\www.bookconv.com_AISearchQueriesReport_2026_9_6 (2).csv
bing_wmt_ai,query_stats,,2026-09-06,easiest to use ebook reading apps,easiest to use ebook reading apps,,,,,4,40.00%,,,filename_dup,E:\一人公司\电子书格式转换站\ebook-converter\数据分析\www.bookconv.com_AISearchQueriesReport_2026_9_6 (2).csv
bing_wmt_ai,query_stats,,2026-09-06,ebook syncing platforms virtual reading groups,ebook syncing platforms virtual reading groups,,,,,4,20.00%,,,filename_dup,E:\一人公司\电子书格式转换站\ebook-converter\数据分析\www.bookconv.com_AISearchQueriesReport_2026_9_6 (2).csv
bing_wmt_ai,query_stats,,2026-09-06,best free reader apps software 2026,best free reader apps software 2026,,,,,4,36.36%,,,filename_dup,E:\一人公司\电子书格式转换站\ebook-converter\数据分析\www.bookconv.com_AISearchQueriesReport_2026_9_6 (2).csv
bing_wmt_ai,query_stats,,2026-09-06,azw3 vs mobi,azw3 vs mobi,,,,,3,27.27%,,,filename_dup,E:\一人公司\电子书格式转换站\ebook-converter\数据分析\www.bookconv.com_AISearchQueriesReport_2026_9_6 (2).csv
bing_wmt_ai,query_stats,,2026-09-06,ebook syncing services virtual reading groups,ebook syncing services virtual reading groups,,,,,3,15.79%,,,filename_dup,E:\一人公司\电子书格式转换站\ebook-converter\数据分析\www.bookconv.com_AISearchQueriesReport_2026_9_6 (2).csv
bing_wmt_ai,query_stats,,2026-09-06,transfer kindle books to kobo ereader,transfer Kindle books to Kobo eReader,,,,,3,13.04%,,,filename_dup,E:\一人公司\电子书格式转换站\ebook-converter\数据分析\www.bookconv.com_AISearchQueriesReport_2026_9_6 (2).csv
bing_wmt_ai,query_stats,,2026-09-06,djvu to pdf,djvu to pdf,,,,,233,6.20%,,,,E:\一人公司\电子书格式转换站\ebook-converter\数据分析\www.bookconv.com_AISearchQueriesReport_2026_9_6.csv
bing_wmt_ai,query_stats,,2026-09-06,ebook reader app,ebook reader app,,,,,80,12.40%,,,,E:\一人公司\电子书格式转换站\ebook-converter\数据分析\www.bookconv.com_AISearchQueriesReport_2026_9_6.csv
bing_wmt_ai,query_stats,,2026-09-06,mobi to epub,mobi to epub,,,,,70,10.31%,,,,E:\一人公司\电子书格式转换站\ebook-converter\数据分析\www.bookconv.com_AISearchQueriesReport_2026_9_6.csv
bing_wmt_ai,query_stats,,2026-09-06,convert mobi to epub,convert mobi to epub,,,,,65,25.49%,,,,E:\一人公司\电子书格式转换站\ebook-converter\数据分析\www.bookconv.com_AISearchQueriesReport_2026_9_6.csv
bing_wmt_ai,query_stats,,2026-09-06,transfer ebooks between devices,transfer ebooks between devices,,,,,45,44.12%,,,,E:\一人公司\电子书格式转换站\ebook-converter\数据分析\www.bookconv.com_AISearchQueriesReport_2026_9_6.csv
bing_wmt_ai,query_stats,,2026-09-06,free reader apps platforms discover new content resources,free reader apps platforms discover new content resources,,,,,37,26.81%,,,,E:\一人公司\电子书格式转换站\ebook-converter\数据分析\www.bookconv.com_AISearchQueriesReport_2026_9_6.csv
bing_wmt_ai,query_stats,,2026-09-06,beste kostenlose e-reader apps 2026,beste kostenlose E-Reader Apps 2026,,,,,31,29.81%,,,,E:\一人公司\电子书格式转换站\ebook-converter\数据分析\www.bookconv.com_AISearchQueriesReport_2026_9_6.csv
bing_wmt_ai,query_stats,,2026-09-06,harry potter digital books multiple devices,Harry Potter digital books multiple devices,,,,,26,57.78%,Commercial,E-Books & Kindle,,E:\一人公司\电子书格式转换站\ebook-converter\数据分析\www.bookconv.com_AISearchQueriesReport_2026_9_6.csv
bing_wmt_ai,query_stats,,2026-09-06,epub to mobi,epub to mobi,,,,,25,2.55%,Utility,E-Books & Kindle,,E:\一人公司\电子书格式转换站\ebook-converter\数据分析\www.bookconv.com_AISearchQueriesReport_2026_9_6.csv
bing_wmt_ai,query_stats,,2026-09-06,apps for romance books sync across devices,apps for romance books sync across devices,,,,,25,43.86%,Informational,E-Books & Kindle,,E:\一人公司\电子书格式转换站\ebook-converter\数据分析\www.bookconv.com_AISearchQueriesReport_2026_9_6.csv
bing_wmt_ai,query_stats,,2026-09-06,kindle azw vs mobi formats explained,Kindle AZW vs MOBI formats explained,,,,,24,63.16%,,,,E:\一人公司\电子书格式转换站\ebook-converter\数据分析\www.bookconv.com_AISearchQueriesReport_2026_9_6.csv
bing_wmt_ai,query_stats,,2026-09-06,epub to mobi converter free,epub to mobi converter free,,,,,18,10.29%,Utility,E-Books & Kindle,,E:\一人公司\电子书格式转换站\ebook-converter\数据分析\www.bookconv.com_AISearchQueriesReport_2026_9_6.csv
bing_wmt_ai,query_stats,,2026-09-06,convert to epub free,convert to epub free,,,,,16,22.22%,,,,E:\一人公司\电子书格式转换站\ebook-converter\数据分析\www.bookconv.com_AISearchQueriesReport_2026_9_6.csv
bing_wmt_ai,query_stats,,2026-09-06,epub to mobi converter,epub to mobi converter,,,,,15,3.02%,,,,E:\一人公司\电子书格式转换站\ebook-converter\数据分析\www.bookconv.com_AISearchQueriesReport_2026_9_6.csv
bing_wmt_ai,query_stats,,2026-09-06,ebook reader free,ebook reader free,,,,,15,14.15%,,,,E:\一人公司\电子书格式转换站\ebook-converter\数据分析\www.bookconv.com_AISearchQueriesReport_2026_9_6.csv
bing_wmt_ai,query_stats,,2026-09-06,convert from epub to mobi,convert from epub to mobi,,,,,15,26.32%,,,,E:\一人公司\电子书格式转换站\ebook-converter\数据分析\www.bookconv.com_AISearchQueriesReport_2026_9_6.csv
bing_wmt_ai,query_stats,,2026-09-06,free reader apps platforms discover new content,free reader apps platforms discover new content,,,,,15,25.00%,,,,E:\一人公司\电子书格式转换站\ebook-converter\数据分析\www.bookconv.com_AISearchQueriesReport_2026_9_6.csv
bing_wmt_ai,query_stats,,2026-09-06,ebook apps sync reading progress across devices,ebook apps sync reading progress across devices,,,,,11,36.67%,,,,E:\一人公司\电子书格式转换站\ebook-converter\数据分析\www.bookconv.com_AISearchQueriesReport_2026_9_6.csv
bing_wmt_ai,query_stats,,2026-09-06,ebook syncing services for virtual reading groups,ebook syncing services for virtual reading groups,,,,,8,47.06%,,,,E:\一人公司\电子书格式转换站\ebook-converter\数据分析\www.bookconv.com_AISearchQueriesReport_2026_9_6.csv
bing_wmt_ai,query_stats,,2026-09-06,best free reading apps,best free reading apps,,,,,8,42.11%,,,,E:\一人公司\电子书格式转换站\ebook-converter\数据分析\www.bookconv.com_AISearchQueriesReport_2026_9_6.csv
bing_wmt_ai,query_stats,,2026-09-06,convert djvu to pdf,convert DJVU to PDF,,,,,8,3.42%,,,,E:\一人公司\电子书格式转换站\ebook-converter\数据分析\www.bookconv.com_AISearchQueriesReport_2026_9_6.csv
bing_wmt_ai,query_stats,,2026-09-06,ebook syncing virtual reading groups,ebook syncing virtual reading groups,,,,,8,40.00%,Informational,E-Books & Kindle,,E:\一人公司\电子书格式转换站\ebook-converter\数据分析\www.bookconv.com_AISearchQueriesReport_2026_9_6.csv
bing_wmt_ai,query_stats,,2026-09-06,best free book reading apps,best free book reading apps,,,,,7,20.59%,,,,E:\一人公司\电子书格式转换站\ebook-converter\数据分析\www.bookconv.com_AISearchQueriesReport_2026_9_6.csv
bing_wmt_ai,query_stats,,2026-09-06,free e-reader software comparison,free e-reader software comparison,,,,,6,19.35%,,,,E:\一人公司\电子书格式转换站\ebook-converter\数据分析\www.bookconv.com_AISearchQueriesReport_2026_9_6.csv
bing_wmt_ai,query_stats,,2026-09-06,epub reader free,epub reader free,,,,,6,20.69%,,,,E:\一人公司\电子书格式转换站\ebook-converter\数据分析\www.bookconv.com_AISearchQueriesReport_2026_9_6.csv
bing_wmt_ai,query_stats,,2026-09-06,ya book club chapter synchronization apps,YA book club chapter synchronization apps,,,,,5,29.41%,,,,E:\一人公司\电子书格式转换站\ebook-converter\数据分析\www.bookconv.com_AISearchQueriesReport_2026_9_6.csv
bing_wmt_ai,query_stats,,2026-09-06,free reader app,free reader app,,,,,5,25.00%,,,,E:\一人公司\电子书格式转换站\ebook-converter\数据分析\www.bookconv.com_AISearchQueriesReport_2026_9_6.csv
bing_wmt_ai,query_stats,,2026-09-06,ya book club chapter synchronization tools,YA book club chapter synchronization tools,,,,,5,38.46%,,,,E:\一人公司\电子书格式转换站\ebook-converter\数据分析\www.bookconv.com_AISearchQueriesReport_2026_9_6.csv
bing_wmt_ai,query_stats,,2026-09-06,epub to azw3 converter,epub to azw3 converter,,,,,5,13.16%,,,,E:\一人公司\电子书格式转换站\ebook-converter\数据分析\www.bookconv.com_AISearchQueriesReport_2026_9_6.csv
bing_wmt_ai,query_stats,,2026-09-06,easiest to use ebook reading apps,easiest to use ebook reading apps,,,,,4,40.00%,,,,E:\一人公司\电子书格式转换站\ebook-converter\数据分析\www.bookconv.com_AISearchQueriesReport_2026_9_6.csv
bing_wmt_ai,query_stats,,2026-09-06,ebook syncing platforms virtual reading groups,ebook syncing platforms virtual reading groups,,,,,4,20.00%,,,,E:\一人公司\电子书格式转换站\ebook-converter\数据分析\www.bookconv.com_AISearchQueriesReport_2026_9_6.csv
bing_wmt_ai,query_stats,,2026-09-06,best free reader apps software 2026,best free reader apps software 2026,,,,,4,36.36%,,,,E:\一人公司\电子书格式转换站\ebook-converter\数据分析\www.bookconv.com_AISearchQueriesReport_2026_9_6.csv
bing_wmt_ai,query_stats,,2026-09-06,azw3 vs mobi,azw3 vs mobi,,,,,3,27.27%,,,,E:\一人公司\电子书格式转换站\ebook-converter\数据分析\www.bookconv.com_AISearchQueriesReport_2026_9_6.csv
bing_wmt_ai,query_stats,,2026-09-06,ebook syncing services virtual reading groups,ebook syncing services virtual reading groups,,,,,3,15.79%,,,,E:\一人公司\电子书格式转换站\ebook-converter\数据分析\www.bookconv.com_AISearchQueriesReport_2026_9_6.csv
bing_wmt_ai,query_stats,,2026-09-06,transfer kindle books to kobo ereader,transfer Kindle books to Kobo eReader,,,,,3,13.04%,,,,E:\一人公司\电子书格式转换站\ebook-converter\数据分析\www.bookconv.com_AISearchQueriesReport_2026_9_6.csv
bing_wmt_ai,query_stats,,2026-09-07,djvu to pdf,djvu to pdf,,,,,233,6.20%,,,,E:\一人公司\电子书格式转换站\ebook-converter\数据分析\www.bookconv.com_AISearchQueriesReport_2026_9_7.csv
bing_wmt_ai,query_stats,,2026-09-07,ebook reader app,ebook reader app,,,,,84,12.59%,,,,E:\一人公司\电子书格式转换站\ebook-converter\数据分析\www.bookconv.com_AISearchQueriesReport_2026_9_7.csv
bing_wmt_ai,query_stats,,2026-09-07,mobi to epub,mobi to epub,,,,,70,10.31%,,,,E:\一人公司\电子书格式转换站\ebook-converter\数据分析\www.bookconv.com_AISearchQueriesReport_2026_9_7.csv
bing_wmt_ai,query_stats,,2026-09-07,convert mobi to epub,convert mobi to epub,,,,,65,25.49%,,,,E:\一人公司\电子书格式转换站\ebook-converter\数据分析\www.bookconv.com_AISearchQueriesReport_2026_9_7.csv
bing_wmt_ai,query_stats,,2026-09-07,transfer ebooks between devices,transfer ebooks between devices,,,,,52,46.02%,,,,E:\一人公司\电子书格式转换站\ebook-converter\数据分析\www.bookconv.com_AISearchQueriesReport_2026_9_7.csv
bing_wmt_ai,query_stats,,2026-09-07,free reader apps platforms discover new content resources,free reader apps platforms discover new content resources,,,,,38,25.85%,,,,E:\一人公司\电子书格式转换站\ebook-converter\数据分析\www.bookconv.com_AISearchQueriesReport_2026_9_7.csv
bing_wmt_ai,query_stats,,2026-09-07,beste kostenlose e-reader apps 2026,beste kostenlose E-Reader Apps 2026,,,,,31,29.81%,,,,E:\一人公司\电子书格式转换站\ebook-converter\数据分析\www.bookconv.com_AISearchQueriesReport_2026_9_7.csv
bing_wmt_ai,query_stats,,2026-09-07,kindle azw vs mobi formats explained,Kindle AZW vs MOBI formats explained,,,,,30,68.18%,,,,E:\一人公司\电子书格式转换站\ebook-converter\数据分析\www.bookconv.com_AISearchQueriesReport_2026_9_7.csv
bing_wmt_ai,query_stats,,2026-09-07,harry potter digital books multiple devices,Harry Potter digital books multiple devices,,,,,26,57.78%,Commercial,E-Books & Kindle,,E:\一人公司\电子书格式转换站\ebook-converter\数据分析\www.bookconv.com_AISearchQueriesReport_2026_9_7.csv
bing_wmt_ai,query_stats,,2026-09-07,apps for romance books sync across devices,apps for romance books sync across devices,,,,,26,42.62%,Informational,E-Books & Kindle,,E:\一人公司\电子书格式转换站\ebook-converter\数据分析\www.bookconv.com_AISearchQueriesReport_2026_9_7.csv
bing_wmt_ai,query_stats,,2026-09-07,epub to mobi,epub to mobi,,,,,25,2.55%,Utility,E-Books & Kindle,,E:\一人公司\电子书格式转换站\ebook-converter\数据分析\www.bookconv.com_AISearchQueriesReport_2026_9_7.csv
bing_wmt_ai,query_stats,,2026-09-07,ebook reader free,ebook reader free,,,,,25,15.24%,,,,E:\一人公司\电子书格式转换站\ebook-converter\数据分析\www.bookconv.com_AISearchQueriesReport_2026_9_7.csv
bing_wmt_ai,query_stats,,2026-09-07,convert from epub to mobi,convert from epub to mobi,,,,,20,26.32%,,,,E:\一人公司\电子书格式转换站\ebook-converter\数据分析\www.bookconv.com_AISearchQueriesReport_2026_9_7.csv
bing_wmt_ai,query_stats,,2026-09-07,epub to mobi converter free,epub to mobi converter free,,,,,18,10.29%,Utility,E-Books & Kindle,,E:\一人公司\电子书格式转换站\ebook-converter\数据分析\www.bookconv.com_AISearchQueriesReport_2026_9_7.csv
bing_wmt_ai,query_stats,,2026-09-07,convert to epub free,convert to epub free,,,,,16,22.22%,,,,E:\一人公司\电子书格式转换站\ebook-converter\数据分析\www.bookconv.com_AISearchQueriesReport_2026_9_7.csv
bing_wmt_ai,query_stats,,2026-09-07,epub to mobi converter,epub to mobi converter,,,,,15,3.02%,,,,E:\一人公司\电子书格式转换站\ebook-converter\数据分析\www.bookconv.com_AISearchQueriesReport_2026_9_7.csv
bing_wmt_ai,query_stats,,2026-09-07,free reader apps platforms discover new content,free reader apps platforms discover new content,,,,,15,25.00%,,,,E:\一人公司\电子书格式转换站\ebook-converter\数据分析\www.bookconv.com_AISearchQueriesReport_2026_9_7.csv
bing_wmt_ai,query_stats,,2026-09-07,ebook apps sync reading progress across devices,ebook apps sync reading progress across devices,,,,,14,35.90%,,,,E:\一人公司\电子书格式转换站\ebook-converter\数据分析\www.bookconv.com_AISearchQueriesReport_2026_9_7.csv
bing_wmt_ai,query_stats,,2026-09-07,ebook syncing services for virtual reading groups,ebook syncing services for virtual reading groups,,,,,12,46.15%,,,,E:\一人公司\电子书格式转换站\ebook-converter\数据分析\www.bookconv.com_AISearchQueriesReport_2026_9_7.csv
bing_wmt_ai,query_stats,,2026-09-07,best free epub reader,best free epub reader,,,,,10,13.33%,,,,E:\一人公司\电子书格式转换站\ebook-converter\数据分析\www.bookconv.com_AISearchQueriesReport_2026_9_7.csv
bing_wmt_ai,query_stats,,2026-09-07,ebook syncing virtual reading groups,ebook syncing virtual reading groups,,,,,10,41.67%,Informational,E-Books & Kindle,,E:\一人公司\电子书格式转换站\ebook-converter\数据分析\www.bookconv.com_AISearchQueriesReport_2026_9_7.csv
bing_wmt_ai,query_stats,,2026-09-07,ya book club chapter synchronization tools,YA book club chapter synchronization tools,,,,,9,33.33%,,,,E:\一人公司\电子书格式转换站\ebook-converter\数据分析\www.bookconv.com_AISearchQueriesReport_2026_9_7.csv
bing_wmt_ai,query_stats,,2026-09-07,best free reading apps,best free reading apps,,,,,8,42.11%,,,,E:\一人公司\电子书格式转换站\ebook-converter\数据分析\www.bookconv.com_AISearchQueriesReport_2026_9_7.csv
bing_wmt_ai,query_stats,,2026-09-07,epub 2 vs epub 3,epub 2 vs epub 3,,,,,8,44.44%,,,,E:\一人公司\电子书格式转换站\ebook-converter\数据分析\www.bookconv.com_AISearchQueriesReport_2026_9_7.csv
bing_wmt_ai,query_stats,,2026-09-07,convert djvu to pdf,convert DJVU to PDF,,,,,8,3.42%,,,,E:\一人公司\电子书格式转换站\ebook-converter\数据分析\www.bookconv.com_AISearchQueriesReport_2026_9_7.csv
bing_wmt_ai,query_stats,,2026-09-07,best free book reading apps,best free book reading apps,,,,,7,20.59%,,,,E:\一人公司\电子书格式转换站\ebook-converter\数据分析\www.bookconv.com_AISearchQueriesReport_2026_9_7.csv
bing_wmt_ai,query_stats,,2026-09-07,ya book club chapter synchronization apps,YA book club chapter synchronization apps,,,,,6,24.00%,,,,E:\一人公司\电子书格式转换站\ebook-converter\数据分析\www.bookconv.com_AISearchQueriesReport_2026_9_7.csv
bing_wmt_ai,query_stats,,2026-09-07,free e-reader software comparison,free e-reader software comparison,,,,,6,19.35%,,,,E:\一人公司\电子书格式转换站\ebook-converter\数据分析\www.bookconv.com_AISearchQueriesReport_2026_9_7.csv
bing_wmt_ai,query_stats,,2026-09-07,epub reader free,epub reader free,,,,,6,20.69%,,,,E:\一人公司\电子书格式转换站\ebook-converter\数据分析\www.bookconv.com_AISearchQueriesReport_2026_9_7.csv
bing_wmt_ai,query_stats,,2026-09-07,ebook syncing services virtual reading groups,ebook syncing services virtual reading groups,,,,,5,20.00%,,,,E:\一人公司\电子书格式转换站\ebook-converter\数据分析\www.bookconv.com_AISearchQueriesReport_2026_9_7.csv
bing_wmt_ai,query_stats,,2026-09-07,convert fb2 to epub,convert fb2 to epub,,,,,5,50.00%,,,,E:\一人公司\电子书格式转换站\ebook-converter\数据分析\www.bookconv.com_AISearchQueriesReport_2026_9_7.csv
bing_wmt_ai,query_stats,,2026-09-07,free reader app,free reader app,,,,,5,25.00%,,,,E:\一人公司\电子书格式转换站\ebook-converter\数据分析\www.bookconv.com_AISearchQueriesReport_2026_9_7.csv
bing_wmt_ai,query_stats,,2026-09-07,epub to azw3 converter,epub to azw3 converter,,,,,5,13.16%,,,,E:\一人公司\电子书格式转换站\ebook-converter\数据分析\www.bookconv.com_AISearchQueriesReport_2026_9_7.csv
bing_wmt_ai,query_stats,,2026-09-07,easiest to use ebook reading apps,easiest to use ebook reading apps,,,,,4,40.00%,,,,E:\一人公司\电子书格式转换站\ebook-converter\数据分析\www.bookconv.com_AISearchQueriesReport_2026_9_7.csv
bing_wmt_ai,query_stats,,2026-09-07,ebook syncing platforms virtual reading groups,ebook syncing platforms virtual reading groups,,,,,4,20.00%,,,,E:\一人公司\电子书格式转换站\ebook-converter\数据分析\www.bookconv.com_AISearchQueriesReport_2026_9_7.csv
bing_wmt_ai,query_stats,,2026-09-07,ebooks with virtual reading group support,ebooks with virtual reading group support,,,,,4,13.33%,,,,E:\一人公司\电子书格式转换站\ebook-converter\数据分析\www.bookconv.com_AISearchQueriesReport_2026_9_7.csv
bing_wmt_ai,query_stats,,2026-09-07,best free reader apps software 2026,best free reader apps software 2026,,,,,4,36.36%,,,,E:\一人公司\电子书格式转换站\ebook-converter\数据分析\www.bookconv.com_AISearchQueriesReport_2026_9_7.csv
bing_wmt_ai,query_stats,,2026-09-07,azw3 vs mobi,azw3 vs mobi,,,,,3,27.27%,,,,E:\一人公司\电子书格式转换站\ebook-converter\数据分析\www.bookconv.com_AISearchQueriesReport_2026_9_7.csv
bing_wmt_ai,query_stats,,2026-09-07,transfer kindle books to kobo ereader,transfer Kindle books to Kobo eReader,,,,,3,13.04%,,,,E:\一人公司\电子书格式转换站\ebook-converter\数据分析\www.bookconv.com_AISearchQueriesReport_2026_9_7.csv
