source_engine,report_type,date,snapshot_date,query_key,query_raw,page_key,page_raw,domain,clicks,impressions,ctr,avg_position,extra,source_file
bing_wmt,keyword,,2026-09-03,bookconv,bookconv,,,,1,7,14.290000000000001%,3.571414285714286,,E:\一人公司\电子书格式转换站\ebook-converter\数据分析\bing_archive\www.bookconv.com_KeywordReport_2026_9_3.csv
bing_wmt,keyword,,2026-09-03,azw3 vs mobi,azw3 vs mobi,,,,1,6,16.67%,4.5,,E:\一人公司\电子书格式转换站\ebook-converter\数据分析\bing_archive\www.bookconv.com_KeywordReport_2026_9_3.csv
bing_wmt,keyword,,2026-09-03,txt+pdf+epub+mobi+azw3,txt+pdf+epub+mobi+azw3,,,,0,4,0%,2,,E:\一人公司\电子书格式转换站\ebook-converter\数据分析\bing_archive\www.bookconv.com_KeywordReport_2026_9_3.csv
bing_wmt,keyword,,2026-09-03,kindle edition format azw3 kfx mobi,kindle edition format azw3 kfx mobi,,,,0,4,0%,2.5,,E:\一人公司\电子书格式转换站\ebook-converter\数据分析\bing_archive\www.bookconv.com_KeywordReport_2026_9_3.csv
bing_wmt,keyword,,2026-09-03,лучший формат для kindle paperwhite 2 mobi vs azw3,лучший формат для kindle paperwhite 2 mobi vs azw3,,,,0,4,0%,2,,E:\一人公司\电子书格式转换站\ebook-converter\数据分析\bing_archive\www.bookconv.com_KeywordReport_2026_9_3.csv
bing_wmt,keyword,,2026-09-03,mejor formato para convertir a pdf azw3 epub mobiliario,mejor formato para convertir a pdf azw3 epub mobiliario,,,,0,4,0%,5.75,,E:\一人公司\电子书格式转换站\ebook-converter\数据分析\bing_archive\www.bookconv.com_KeywordReport_2026_9_3.csv
bing_wmt,keyword,,2026-09-03,how to convert mobi to epub keep format and images,how to convert mobi to epub keep format and images,,,,0,4,0%,1.75,,E:\一人公司\电子书格式转换站\ebook-converter\数据分析\bing_archive\www.bookconv.com_KeywordReport_2026_9_3.csv
bing_wmt,keyword,,2026-09-03,convert epub to azw3 for kindle 2025 2026,convert epub to azw3 for kindle 2025 2026,,,,0,4,0%,4.25,,E:\一人公司\电子书格式转换站\ebook-converter\数据分析\bing_archive\www.bookconv.com_KeywordReport_2026_9_3.csv
bing_wmt,keyword,,2026-09-03,any loss during epub convert to mobi,any loss during epub convert to mobi,,,,0,3,0%,5.3333,,E:\一人公司\电子书格式转换站\ebook-converter\数据分析\bing_archive\www.bookconv.com_KeywordReport_2026_9_3.csv
bing_wmt,keyword,,2026-09-03,how to preserve pdf order in epub,how to preserve pdf order in epub,,,,0,3,0%,4.3333,,E:\一人公司\电子书格式转换站\ebook-converter\数据分析\bing_archive\www.bookconv.com_KeywordReport_2026_9_3.csv
bing_wmt,keyword,,2026-09-03,como convertir de mobi a epub,como convertir de mobi a epub,,,,0,3,0%,9,,E:\一人公司\电子书格式转换站\ebook-converter\数据分析\bing_archive\www.bookconv.com_KeywordReport_2026_9_3.csv
bing_wmt,keyword,,2026-09-03,kindle supported file formats 2025 2026 azw kfx mobi epub pdf,kindle supported file formats 2025 2026 azw kfx mobi epub pdf,,,,0,3,0%,6.6667,,E:\一人公司\电子书格式转换站\ebook-converter\数据分析\bing_archive\www.bookconv.com_KeywordReport_2026_9_3.csv
bing_wmt,keyword,,2026-09-03,is fire tablet usable with marcia mobi,is fire tablet usable with marcia mobi,,,,0,3,0%,1,,E:\一人公司\电子书格式转换站\ebook-converter\数据分析\bing_archive\www.bookconv.com_KeywordReport_2026_9_3.csv
bing_wmt,keyword,,2026-09-03,epub vs cbz for kindle,epub vs cbz for kindle,,,,0,2,0%,4,,E:\一人公司\电子书格式转换站\ebook-converter\数据分析\bing_archive\www.bookconv.com_KeywordReport_2026_9_3.csv
bing_wmt,keyword,,2026-09-03,what tyrpe of files can kindle open on fire mobi,what tyrpe of files can kindle open on fire mobi,,,,1,2,50%,3,,E:\一人公司\电子书格式转换站\ebook-converter\数据分析\bing_archive\www.bookconv.com_KeywordReport_2026_9_3.csv
bing_wmt,keyword,,2026-09-03,free full pdf ebook converter,free full pdf ebook converter,,,,0,2,0%,8,,E:\一人公司\电子书格式转换站\ebook-converter\数据分析\bing_archive\www.bookconv.com_KeywordReport_2026_9_3.csv
bing_wmt,keyword,,2026-09-03,convertidor ebook,convertidor ebook,,,,0,2,0%,6,,E:\一人公司\电子书格式转换站\ebook-converter\数据分析\bing_archive\www.bookconv.com_KeywordReport_2026_9_3.csv
bing_wmt,keyword,,2026-09-03,does kobo support the mobi format,does kobo support the mobi format,,,,0,2,0%,5,,E:\一人公司\电子书格式转换站\ebook-converter\数据分析\bing_archive\www.bookconv.com_KeywordReport_2026_9_3.csv
bing_wmt,keyword,,2026-09-03,convertidor de formatos epub,convertidor de formatos epub,,,,0,2,0%,7,,E:\一人公司\电子书格式转换站\ebook-converter\数据分析\bing_archive\www.bookconv.com_KeywordReport_2026_9_3.csv
bing_wmt,keyword,,2026-09-03,can a kindle scribe read azw3 files,can a kindle scribe read azw3 files,,,,0,2,0%,1,,E:\一人公司\电子书格式转换站\ebook-converter\数据分析\bing_archive\www.bookconv.com_KeywordReport_2026_9_3.csv
bing_wmt,keyword,,2026-09-03,calibre turn txt to epub,calibre turn txt to epub,,,,0,2,0%,9,,E:\一人公司\电子书格式转换站\ebook-converter\数据分析\bing_archive\www.bookconv.com_KeywordReport_2026_9_3.csv
bing_wmt,keyword,,2026-09-03,epub to azw3 keeping images,epub to azw3 keeping images,,,,1,2,50%,2,,E:\一人公司\电子书格式转换站\ebook-converter\数据分析\bing_archive\www.bookconv.com_KeywordReport_2026_9_3.csv
bing_wmt,keyword,,2026-09-03,calibre online converter,calibre online converter,,,,0,2,0%,9,,E:\一人公司\电子书格式转换站\ebook-converter\数据分析\bing_archive\www.bookconv.com_KeywordReport_2026_9_3.csv
bing_wmt,keyword,,2026-09-03,kindle does it read mobi or azw3?,kindle does it read mobi or azw3?,,,,0,2,0%,2.5,,E:\一人公司\电子书格式转换站\ebook-converter\数据分析\bing_archive\www.bookconv.com_KeywordReport_2026_9_3.csv
bing_wmt,keyword,,2026-09-03,convertidor libros on line,convertidor libros on line,,,,0,2,0%,6,,E:\一人公司\电子书格式转换站\ebook-converter\数据分析\bing_archive\www.bookconv.com_KeywordReport_2026_9_3.csv
bing_wmt,keyword,,2026-09-03,are azw3 appropriate for mondern kindle?,are azw3 appropriate for mondern kindle?,,,,0,2,0%,3,,E:\一人公司\电子书格式转换站\ebook-converter\数据分析\bing_archive\www.bookconv.com_KeywordReport_2026_9_3.csv
bing_wmt,keyword,,2026-09-03,convert kobo books to epub,convert kobo books to epub,,,,0,2,0%,4,,E:\一人公司\电子书格式转换站\ebook-converter\数据分析\bing_archive\www.bookconv.com_KeywordReport_2026_9_3.csv
bing_wmt,keyword,,2026-09-03,do kindles use epub or azw3,do kindles use epub or azw3,,,,0,2,0%,4,,E:\一人公司\电子书格式转换站\ebook-converter\数据分析\bing_archive\www.bookconv.com_KeywordReport_2026_9_3.csv
bing_wmt,keyword,,2026-09-03,online converter to epub with no limit on size and where you dont need to add any personal information ie email address,online converter to epub with no  limit on size and where you dont need to add any personal information ie email address,,,,0,2,0%,7,,E:\一人公司\电子书格式转换站\ebook-converter\数据分析\bing_archive\www.bookconv.com_KeywordReport_2026_9_3.csv
bing_wmt,keyword,,2026-09-03,epub to mobi keeping images,epub to mobi keeping images,,,,1,2,50%,1,,E:\一人公司\电子书格式转换站\ebook-converter\数据分析\bing_archive\www.bookconv.com_KeywordReport_2026_9_3.csv
bing_wmt,keyword,,2026-09-03,azw3 format kobo,azw3 format kobo,,,,0,2,0%,3,,E:\一人公司\电子书格式转换站\ebook-converter\数据分析\bing_archive\www.bookconv.com_KeywordReport_2026_9_3.csv
bing_wmt,keyword,,2026-09-03,kobo to epub converter,kobo to epub converter,,,,0,2,0%,5.5,,E:\一人公司\电子书格式转换站\ebook-converter\数据分析\bing_archive\www.bookconv.com_KeywordReport_2026_9_3.csv
bing_wmt,keyword,,2026-09-03,paso de epub a mobi,paso de epub a mobi,,,,0,2,0%,8.5,,E:\一人公司\电子书格式转换站\ebook-converter\数据分析\bing_archive\www.bookconv.com_KeywordReport_2026_9_3.csv
bing_wmt,keyword,,2026-09-03,kindle azw3 or mobi,kindle azw3 or mobi,,,,0,2,0%,6.5,,E:\一人公司\电子书格式转换站\ebook-converter\数据分析\bing_archive\www.bookconv.com_KeywordReport_2026_9_3.csv
bing_wmt,keyword,,2026-09-03,kobo supported file formats epub overdrive library vs kindle send to kindle epub support official,kobo supported file formats epub overdrive library vs kindle send to kindle epub support official,,,,0,2,0%,3,,E:\一人公司\电子书格式转换站\ebook-converter\数据分析\bing_archive\www.bookconv.com_KeywordReport_2026_9_3.csv
bing_wmt,keyword,,2026-09-03,mobi for kindle transfers to kobo,mobi for kindle transfers to kobo,,,,0,2,0%,2.5,,E:\一人公司\电子书格式转换站\ebook-converter\数据分析\bing_archive\www.bookconv.com_KeywordReport_2026_9_3.csv
bing_wmt,keyword,,2026-09-03,azw3 or epub for kindle paperwhite 6,azw3 or epub for kindle paperwhite 6,,,,0,2,0%,1.5,,E:\一人公司\电子书格式转换站\ebook-converter\数据分析\bing_archive\www.bookconv.com_KeywordReport_2026_9_3.csv
bing_wmt,keyword,,2026-09-03,can kobo use azw3 files,can kobo use azw3 files,,,,0,2,0%,5.5,,E:\一人公司\电子书格式转换站\ebook-converter\数据分析\bing_archive\www.bookconv.com_KeywordReport_2026_9_3.csv
bing_wmt,keyword,,2026-09-03,kindle azw3 or mobi which better,kindle azw3 or mobi which better,,,,0,2,0%,4,,E:\一人公司\电子书格式转换站\ebook-converter\数据分析\bing_archive\www.bookconv.com_KeywordReport_2026_9_3.csv
bing_wmt,keyword,,2026-09-03,epub to pdf for linux converter,epub to pdf for linux converter,,,,0,2,0%,1,,E:\一人公司\电子书格式转换站\ebook-converter\数据分析\bing_archive\www.bookconv.com_KeywordReport_2026_9_3.csv
bing_wmt,keyword,,2026-09-03,kindle paperwhite better version mobi or azw3,kindle paperwhite better version mobi or azw3,,,,0,2,0%,3,,E:\一人公司\电子书格式转换站\ebook-converter\数据分析\bing_archive\www.bookconv.com_KeywordReport_2026_9_3.csv
bing_wmt,keyword,,2026-09-03,epub to zip,epub to zip,,,,0,2,0%,6,,E:\一人公司\电子书格式转换站\ebook-converter\数据分析\bing_archive\www.bookconv.com_KeywordReport_2026_9_3.csv
bing_wmt,keyword,,2026-09-03,how to preserve formatting of epub document when converting to pdf,how to preserve formatting of epub document when converting to pdf,,,,0,2,0%,6,,E:\一人公司\电子书格式转换站\ebook-converter\数据分析\bing_archive\www.bookconv.com_KeywordReport_2026_9_3.csv
bing_wmt,keyword,,2026-09-03,kobo vs kindle format compatibility,kobo vs kindle format compatibility,,,,1,2,50%,2.5,,E:\一人公司\电子书格式转换站\ebook-converter\数据分析\bing_archive\www.bookconv.com_KeywordReport_2026_9_3.csv
bing_wmt,keyword,,2026-09-03,mobi vs epub in kindle master vs legacy format the difference,mobi vs epub in kindle master vs legacy format the difference,,,,0,1,0%,4,,E:\一人公司\电子书格式转换站\ebook-converter\数据分析\bing_archive\www.bookconv.com_KeywordReport_2026_9_3.csv
bing_wmt,keyword,,2026-09-03,convertidor onlin ebook,convertidor onlin ebook,,,,0,1,0%,6,,E:\一人公司\电子书格式转换站\ebook-converter\数据分析\bing_archive\www.bookconv.com_KeywordReport_2026_9_3.csv
bing_wmt,keyword,,2026-09-03,when did kindle start accepting azw3,when did kindle start accepting azw3,,,,0,1,0%,2,,E:\一人公司\电子书格式转换站\ebook-converter\数据分析\bing_archive\www.bookconv.com_KeywordReport_2026_9_3.csv
bing_wmt,keyword,,2026-09-03,ebook converter online,ebook converter online,,,,0,1,0%,9,,E:\一人公司\电子书格式转换站\ebook-converter\数据分析\bing_archive\www.bookconv.com_KeywordReport_2026_9_3.csv
bing_wmt,keyword,,2026-09-03,epub to pdf linux command line,epub to pdf linux command line,,,,0,1,0%,4,,E:\一人公司\电子书格式转换站\ebook-converter\数据分析\bing_archive\www.bookconv.com_KeywordReport_2026_9_3.csv
bing_wmt,keyword,,2026-09-03,what format are books on kindle,what format are books on kindle,,,,0,1,0%,6,,E:\一人公司\电子书格式转换站\ebook-converter\数据分析\bing_archive\www.bookconv.com_KeywordReport_2026_9_3.csv
bing_wmt,keyword,,2026-09-03,can kindle run aseprite,can kindle run aseprite,,,,0,1,0%,2,,E:\一人公司\电子书格式转换站\ebook-converter\数据分析\bing_archive\www.bookconv.com_KeywordReport_2026_9_3.csv
bing_wmt,keyword,,2026-09-03,is mobi compatible with kindle paperwhite,is mobi compatible with kindle paperwhite,,,,0,1,0%,5,,E:\一人公司\电子书格式转换站\ebook-converter\数据分析\bing_archive\www.bookconv.com_KeywordReport_2026_9_3.csv
bing_wmt,keyword,,2026-09-03,"azw, kfx ou mo","azw, kfx ou mo",,,,0,1,0%,7,,E:\一人公司\电子书格式转换站\ebook-converter\数据分析\bing_archive\www.bookconv.com_KeywordReport_2026_9_3.csv
bing_wmt,keyword,,2026-09-03,who formed the small file azw3 mobi or epub,who formed the small file azw3 mobi or epub,,,,0,1,0%,4,,E:\一人公司\电子书格式转换站\ebook-converter\数据分析\bing_archive\www.bookconv.com_KeywordReport_2026_9_3.csv
bing_wmt,keyword,,2026-09-03,mobi vs azw3,mobi vs azw3,,,,0,1,0%,4,,E:\一人公司\电子书格式转换站\ebook-converter\数据分析\bing_archive\www.bookconv.com_KeywordReport_2026_9_3.csv
bing_wmt,keyword,,2026-09-03,my ebook fails to open on kindle,my ebook fails to open on kindle,,,,1,1,100%,2,,E:\一人公司\电子书格式转换站\ebook-converter\数据分析\bing_archive\www.bookconv.com_KeywordReport_2026_9_3.csv
bing_wmt,keyword,,2026-09-03,how to turn kepub to epub,how to turn kepub to epub,,,,0,1,0%,4,,E:\一人公司\电子书格式转换站\ebook-converter\数据分析\bing_archive\www.bookconv.com_KeywordReport_2026_9_3.csv
bing_wmt,keyword,,2026-09-03,mobi vs epub which is better,mobi vs epub which is better,,,,0,1,0%,7,,E:\一人公司\电子书格式转换站\ebook-converter\数据分析\bing_archive\www.bookconv.com_KeywordReport_2026_9_3.csv
bing_wmt,keyword,,2026-09-03,new kindle books formats,new kindle books formats,,,,0,1,0%,8,,E:\一人公司\电子书格式转换站\ebook-converter\数据分析\bing_archive\www.bookconv.com_KeywordReport_2026_9_3.csv
bing_wmt,keyword,,2026-09-03,can kindle read azw3,can kindle read azw3,,,,0,1,0%,2,,E:\一人公司\电子书格式转换站\ebook-converter\数据分析\bing_archive\www.bookconv.com_KeywordReport_2026_9_3.csv
bing_wmt,keyword,,2026-09-03,kindle epub metadata compatible,kindle epub metadata compatible,,,,0,1,0%,8,,E:\一人公司\电子书格式转换站\ebook-converter\数据分析\bing_archive\www.bookconv.com_KeywordReport_2026_9_3.csv
bing_wmt,keyword,,2026-09-03,convert azw3 to mobi on calibre,convert azw3 to mobi on calibre,,,,0,1,0%,8,,E:\一人公司\电子书格式转换站\ebook-converter\数据分析\bing_archive\www.bookconv.com_KeywordReport_2026_9_3.csv
bing_wmt,keyword,,2026-09-03,why is kindle not accepting azw3,why is kindle not accepting azw3,,,,0,1,0%,3,,E:\一人公司\电子书格式转换站\ebook-converter\数据分析\bing_archive\www.bookconv.com_KeywordReport_2026_9_3.csv
bing_wmt,keyword,,2026-09-03,online ebook converter,online ebook converter,,,,0,1,0%,8,,E:\一人公司\电子书格式转换站\ebook-converter\数据分析\bing_archive\www.bookconv.com_KeywordReport_2026_9_3.csv
bing_wmt,keyword,,2026-09-03,kindle format az,kindle format az,,,,0,1,0%,6,,E:\一人公司\电子书格式转换站\ebook-converter\数据分析\bing_archive\www.bookconv.com_KeywordReport_2026_9_3.csv
bing_wmt,keyword,,2026-09-03,calibre epub to pdf missing images,calibre epub to pdf missing images,,,,0,1,0%,1,,E:\一人公司\电子书格式转换站\ebook-converter\数据分析\bing_archive\www.bookconv.com_KeywordReport_2026_9_3.csv
bing_wmt,keyword,,2026-09-03,what is an fb2 file and can it be converted to epub?,what is an fb2 file and can it be converted to epub?,,,,0,1,0%,4,,E:\一人公司\电子书格式转换站\ebook-converter\数据分析\bing_archive\www.bookconv.com_KeywordReport_2026_9_3.csv
bing_wmt,keyword,,2026-09-03,how to sync my kindle and iphone to exavt reading pace,how to sync my kindle and iphone to exavt reading pace,,,,0,1,0%,4,,E:\一人公司\电子书格式转换站\ebook-converter\数据分析\bing_archive\www.bookconv.com_KeywordReport_2026_9_3.csv
bing_wmt,keyword,,2026-09-03,epub version 2 vs 3,epub version 2 vs 3,,,,0,1,0%,5,,E:\一人公司\电子书格式转换站\ebook-converter\数据分析\bing_archive\www.bookconv.com_KeywordReport_2026_9_3.csv
bing_wmt,keyword,,2026-09-03,convertir epub a mobi sin límite,convertir epub a mobi sin límite,,,,0,1,0%,6,,E:\一人公司\电子书格式转换站\ebook-converter\数据分析\bing_archive\www.bookconv.com_KeywordReport_2026_9_3.csv
bing_wmt,keyword,,2026-09-03,e pdf converter,e pdf converter,,,,0,1,0%,159,,E:\一人公司\电子书格式转换站\ebook-converter\数据分析\bing_archive\www.bookconv.com_KeywordReport_2026_9_3.csv
bing_wmt,keyword,,2026-09-03,se pueden pulir libros digitales en azw3 o epub,se pueden pulir libros digitales en azw3 o epub,,,,0,1,0%,4,,E:\一人公司\电子书格式转换站\ebook-converter\数据分析\bing_archive\www.bookconv.com_KeywordReport_2026_9_3.csv
bing_wmt,keyword,,2026-09-03,avs epub to mobi,avs epub to mobi,,,,0,1,0%,10,,E:\一人公司\电子书格式转换站\ebook-converter\数据分析\bing_archive\www.bookconv.com_KeywordReport_2026_9_3.csv
bing_wmt,keyword,,2026-09-03,"ebook form,ats .lit or .mobi","ebook form,ats .lit or .mobi",,,,0,1,0%,4,,E:\一人公司\电子书格式转换站\ebook-converter\数据分析\bing_archive\www.bookconv.com_KeywordReport_2026_9_3.csv
bing_wmt,keyword,,2026-09-03,cual es el formato que utilisa kindle azu3 o epub,cual es el formato que utilisa kindle azu3 o epub,,,,0,1,0%,9,,E:\一人公司\电子书格式转换站\ebook-converter\数据分析\bing_archive\www.bookconv.com_KeywordReport_2026_9_3.csv
bing_wmt,keyword,,2026-09-03,free pdf converter starts with calibra no adds,free pdf converter starts with calibra no adds,,,,0,1,0%,3,,E:\一人公司\电子书格式转换站\ebook-converter\数据分析\bing_archive\www.bookconv.com_KeywordReport_2026_9_3.csv
bing_wmt,keyword,,2026-09-03,kobo azw3,kobo azw3,,,,0,1,0%,5,,E:\一人公司\电子书格式转换站\ebook-converter\数据分析\bing_archive\www.bookconv.com_KeywordReport_2026_9_3.csv
bing_wmt,keyword,,2026-09-03,mobi/send to kindle not supported for non-kindle profiles,mobi/send to kindle not supported for non-kindle profiles,,,,0,1,0%,4,,E:\一人公司\电子书格式转换站\ebook-converter\数据分析\bing_archive\www.bookconv.com_KeywordReport_2026_9_3.csv
bing_wmt,keyword,,2026-09-03,epub book converter,epub book converter,,,,0,1,0%,8,,E:\一人公司\电子书格式转换站\ebook-converter\数据分析\bing_archive\www.bookconv.com_KeywordReport_2026_9_3.csv
bing_wmt,keyword,,2026-09-03,considering converting a txt file to epub,considering converting a txt file to epub,,,,0,1,0%,3,,E:\一人公司\电子书格式转换站\ebook-converter\数据分析\bing_archive\www.bookconv.com_KeywordReport_2026_9_3.csv
bing_wmt,keyword,,2026-09-03,convertidos online a ebook,convertidos online a ebook,,,,0,1,0%,10,,E:\一人公司\电子书格式转换站\ebook-converter\数据分析\bing_archive\www.bookconv.com_KeywordReport_2026_9_3.csv
bing_wmt,keyword,,2026-09-03,knigi v mobi format,knigi v mobi format,,,,0,1,0%,1,,E:\一人公司\电子书格式转换站\ebook-converter\数据分析\bing_archive\www.bookconv.com_KeywordReport_2026_9_3.csv
bing_wmt,keyword,,2026-09-03,kfx vs azw3,kfx vs azw3,,,,0,1,0%,8,,E:\一人公司\电子书格式转换站\ebook-converter\数据分析\bing_archive\www.bookconv.com_KeywordReport_2026_9_3.csv
bing_wmt,keyword,,2026-09-03,free pdf converter starts with calibre no ads,free pdf converter starts with calibre no ads,,,,0,1,0%,8,,E:\一人公司\电子书格式转换站\ebook-converter\数据分析\bing_archive\www.bookconv.com_KeywordReport_2026_9_3.csv
bing_wmt,keyword,,2026-09-03,azw3 vs kfx,azw3 vs kfx,,,,0,1,0%,10,,E:\一人公司\电子书格式转换站\ebook-converter\数据分析\bing_archive\www.bookconv.com_KeywordReport_2026_9_3.csv
bing_wmt,keyword,,2026-09-03,paso epub a movi,paso epub a movi,,,,0,1,0%,7,,E:\一人公司\电子书格式转换站\ebook-converter\数据分析\bing_archive\www.bookconv.com_KeywordReport_2026_9_3.csv
bing_wmt,keyword,,2026-09-03,what is is the kindle format,what is is the kindle format,,,,0,1,0%,7,,E:\一人公司\电子书格式转换站\ebook-converter\数据分析\bing_archive\www.bookconv.com_KeywordReport_2026_9_3.csv
bing_wmt,keyword,,2026-09-03,linux epub to pdf,linux epub to pdf,,,,1,1,100%,9,,E:\一人公司\电子书格式转换站\ebook-converter\数据分析\bing_archive\www.bookconv.com_KeywordReport_2026_9_3.csv
bing_wmt,keyword,,2026-09-03,why can't i convert kobo plus books to epub,why can't i convert kobo plus books to epub,,,,0,1,0%,2,,E:\一人公司\电子书格式转换站\ebook-converter\数据分析\bing_archive\www.bookconv.com_KeywordReport_2026_9_3.csv
bing_wmt,keyword,,2026-09-03,can i use calibre online without installing,can i use calibre online without installing,,,,0,1,0%,9,,E:\一人公司\电子书格式转换站\ebook-converter\数据分析\bing_archive\www.bookconv.com_KeywordReport_2026_9_3.csv
bing_wmt,keyword,,2026-09-03,should i be concerned about converting my story from word document into epub file,should i be concerned about converting my story from word document into epub file,,,,0,1,0%,4,,E:\一人公司\电子书格式转换站\ebook-converter\数据分析\bing_archive\www.bookconv.com_KeywordReport_2026_9_3.csv
bing_wmt,keyword,,2026-09-03,kfmonkobomobileread,kfmonkobomobileread,,,,0,1,0%,7,,E:\一人公司\电子书格式转换站\ebook-converter\数据分析\bing_archive\www.bookconv.com_KeywordReport_2026_9_3.csv
bing_wmt,keyword,,2026-09-03,can readera open azw3 files,can readera open azw3 files,,,,0,1,0%,4,,E:\一人公司\电子书格式转换站\ebook-converter\数据分析\bing_archive\www.bookconv.com_KeywordReport_2026_9_3.csv
bing_wmt,keyword,,2026-09-03,is kindle edition format book can read in ios books app,is kindle edition format book can read in ios books app,,,,0,1,0%,2,,E:\一人公司\电子书格式转换站\ebook-converter\数据分析\bing_archive\www.bookconv.com_KeywordReport_2026_9_3.csv
bing_wmt,keyword,,2026-09-03,app convert ebook size from kb to 750mb,app convert ebook size from kb to 750mb,,,,0,1,0%,9,,E:\一人公司\电子书格式转换站\ebook-converter\数据分析\bing_archive\www.bookconv.com_KeywordReport_2026_9_3.csv
bing_wmt,keyword,,2026-09-03,mobi oder azw3 format,mobi oder azw3 format,,,,0,1,0%,10,,E:\一人公司\电子书格式转换站\ebook-converter\数据分析\bing_archive\www.bookconv.com_KeywordReport_2026_9_3.csv
bing_wmt,keyword,,2026-09-03,can you convert kobo ebooks to pdf,can you convert kobo ebooks to pdf,,,,0,1,0%,10,,E:\一人公司\电子书格式转换站\ebook-converter\数据分析\bing_archive\www.bookconv.com_KeywordReport_2026_9_3.csv
bing_wmt,keyword,,2026-09-03,lit file to mobi,lit file to mobi,,,,0,1,0%,5,,E:\一人公司\电子书格式转换站\ebook-converter\数据分析\bing_archive\www.bookconv.com_KeywordReport_2026_9_3.csv
bing_wmt,keyword,,2026-09-03,how to sync my book i'm reading,how to sync my book i'm reading,,,,0,1,0%,5,,E:\一人公司\电子书格式转换站\ebook-converter\数据分析\bing_archive\www.bookconv.com_KeywordReport_2026_9_3.csv
bing_wmt,keyword,,2026-09-03,when converting epub file to pdf file pagination disappears how to fix,when converting epub file to pdf file pagination disappears how to fix,,,,0,1,0%,1,,E:\一人公司\电子书格式转换站\ebook-converter\数据分析\bing_archive\www.bookconv.com_KeywordReport_2026_9_3.csv
bing_wmt,keyword,,2026-09-03,tipos formatos e-book epub estándar abierto,tipos formatos e-book epub estándar abierto,,,,0,1,0%,7,,E:\一人公司\电子书格式转换站\ebook-converter\数据分析\bing_archive\www.bookconv.com_KeywordReport_2026_9_3.csv
bing_wmt,keyword,,2026-09-03,i have converted an e-book from mobi to epub but how do i get to read it now,i have converted an e-book from mobi to epub but how do i get to read it now,,,,0,1,0%,2,,E:\一人公司\电子书格式转换站\ebook-converter\数据分析\bing_archive\www.bookconv.com_KeywordReport_2026_9_3.csv
bing_wmt,keyword,,2026-09-03,can calibre convert djvu to pdf,can calibre convert djvu to pdf,,,,0,1,0%,8,,E:\一人公司\电子书格式转换站\ebook-converter\数据分析\bing_archive\www.bookconv.com_KeywordReport_2026_9_3.csv
bing_wmt,keyword,,2026-09-03,que es el formato azw3 - epub,que es el formato azw3 - epub,,,,0,1,0%,5,,E:\一人公司\电子书格式转换站\ebook-converter\数据分析\bing_archive\www.bookconv.com_KeywordReport_2026_9_3.csv
bing_wmt,keyword,,2026-09-03,my formatting is completely wack after converting from txt to epub,my formatting is completely wack after converting from txt to epub,,,,0,1,0%,4,,E:\一人公司\电子书格式转换站\ebook-converter\数据分析\bing_archive\www.bookconv.com_KeywordReport_2026_9_3.csv
bing_wmt,keyword,,2026-09-03,how to convert a book from kobo to pdf or epub for remarkable,how to convert a book from kobo to pdf or epub for remarkable,,,,0,1,0%,2,,E:\一人公司\电子书格式转换站\ebook-converter\数据分析\bing_archive\www.bookconv.com_KeywordReport_2026_9_3.csv
bing_wmt,keyword,,2026-09-03,epub 2 vs 3,epub 2 vs 3,,,,0,1,0%,5,,E:\一人公司\电子书格式转换站\ebook-converter\数据分析\bing_archive\www.bookconv.com_KeywordReport_2026_9_3.csv
bing_wmt,keyword,,2026-09-03,kobo to epub,kobo to epub,,,,1,1,100%,4,,E:\一人公司\电子书格式转换站\ebook-converter\数据分析\bing_archive\www.bookconv.com_KeywordReport_2026_9_3.csv
bing_wmt,keyword,,2026-09-03,does kindle support azw3?,does kindle support azw3?,,,,0,1,0%,3,,E:\一人公司\电子书格式转换站\ebook-converter\数据分析\bing_archive\www.bookconv.com_KeywordReport_2026_9_3.csv
bing_wmt,keyword,,2026-09-03,de lit (microsoft reader ebook a epubf+,de lit (microsoft reader ebook a epubf+,,,,0,1,0%,3,,E:\一人公司\电子书格式转换站\ebook-converter\数据分析\bing_archive\www.bookconv.com_KeywordReport_2026_9_3.csv
bing_wmt,keyword,,2026-09-03,"el kindle de microsof store en qué formato está, mobi o es de otro tipo?","el kindle de microsof store en qué formato está, mobi  o es de otro tipo?",,,,0,1,0%,3,,E:\一人公司\电子书格式转换站\ebook-converter\数据分析\bing_archive\www.bookconv.com_KeywordReport_2026_9_3.csv
bing_wmt,keyword,,2026-09-03,ebook convertidor,ebook convertidor,,,,0,1,0%,7,,E:\一人公司\电子书格式转换站\ebook-converter\数据分析\bing_archive\www.bookconv.com_KeywordReport_2026_9_3.csv
bing_wmt,keyword,,2026-09-03,how to convert a book from kobo to pdf or epub for remarkable. its downloaded as a .acsm,how to convert a book from kobo to pdf or epub for remarkable. its downloaded as a .acsm,,,,0,1,0%,2,,E:\一人公司\电子书格式转换站\ebook-converter\数据分析\bing_archive\www.bookconv.com_KeywordReport_2026_9_3.csv
bing_wmt,keyword,,2026-09-03,i converted pdf to epub but the math and physics symbols are messed up how can i fix it?,i converted pdf to epub but the math and physics symbols are messed up how can i fix it?,,,,0,1,0%,1,,E:\一人公司\电子书格式转换站\ebook-converter\数据分析\bing_archive\www.bookconv.com_KeywordReport_2026_9_3.csv
bing_wmt,keyword,,2026-09-03,ebub to zip,ebub to zip,,,,0,1,0%,6,,E:\一人公司\电子书格式转换站\ebook-converter\数据分析\bing_archive\www.bookconv.com_KeywordReport_2026_9_3.csv
bing_wmt,keyword,,2026-09-03,azw3 epub mobi pdf html is any of these format editable,azw3 epub mobi pdf html is any of these format editable,,,,0,1,0%,8,,E:\一人公司\电子书格式转换站\ebook-converter\数据分析\bing_archive\www.bookconv.com_KeywordReport_2026_9_3.csv
bing_wmt,keyword,,2026-09-03,can't convert kobo books to epub xteink,can't convert kobo books to epub xteink,,,,0,1,0%,6,,E:\一人公司\电子书格式转换站\ebook-converter\数据分析\bing_archive\www.bookconv.com_KeywordReport_2026_9_3.csv
bing_wmt,keyword,,2026-09-03,kobo interop compatibility wook,kobo interop compatibility wook,,,,0,1,0%,2,,E:\一人公司\电子书格式转换站\ebook-converter\数据分析\bing_archive\www.bookconv.com_KeywordReport_2026_9_3.csv
bing_wmt,keyword,,2026-09-03,convert kobo to epub,convert kobo to epub,,,,0,1,0%,4,,E:\一人公司\电子书格式转换站\ebook-converter\数据分析\bing_archive\www.bookconv.com_KeywordReport_2026_9_3.csv
bing_wmt,keyword,,2026-09-03,does kobo sync reading position as well as kindle does?,does kobo sync reading position as well as kindle does?,,,,0,1,0%,2,,E:\一人公司\电子书格式转换站\ebook-converter\数据分析\bing_archive\www.bookconv.com_KeywordReport_2026_9_3.csv
bing_wmt,keyword,,2026-09-03,kobo cant open converted epub,kobo cant open converted epub,,,,0,1,0%,8,,E:\一人公司\电子书格式转换站\ebook-converter\数据分析\bing_archive\www.bookconv.com_KeywordReport_2026_9_3.csv
bing_wmt,keyword,,2026-09-03,formato .epub y .mobi.,formato .epub y .mobi.,,,,0,1,0%,9,,E:\一人公司\电子书格式转换站\ebook-converter\数据分析\bing_archive\www.bookconv.com_KeywordReport_2026_9_3.csv
bing_wmt,keyword,,2026-09-03,mobi vs azw3 kindle,mobi vs azw3 kindle,,,,0,1,0%,4,,E:\一人公司\电子书格式转换站\ebook-converter\数据分析\bing_archive\www.bookconv.com_KeywordReport_2026_9_3.csv
bing_wmt,keyword,,2026-09-03,formato azw3 kindle,formato azw3 kindle,,,,0,1,0%,10,,E:\一人公司\电子书格式转换站\ebook-converter\数据分析\bing_archive\www.bookconv.com_KeywordReport_2026_9_3.csv
bing_wmt,keyword,,2026-09-03,what is the difference between azw and mobi formats?,what is the difference between azw and mobi formats?,,,,0,1,0%,3,,E:\一人公司\电子书格式转换站\ebook-converter\数据分析\bing_archive\www.bookconv.com_KeywordReport_2026_9_3.csv
bing_wmt,keyword,,2026-09-03,kindle kfx format,kindle kfx format,,,,0,1,0%,7,,E:\一人公司\电子书格式转换站\ebook-converter\数据分析\bing_archive\www.bookconv.com_KeywordReport_2026_9_3.csv
bing_wmt,keyword,,2026-09-03,"how to convert a book from kobo to pdf or epub for remarkable, on chromebook its downloaded as a .acsm","how to convert a book from kobo to pdf or epub for remarkable, on chromebook its downloaded as a .acsm",,,,0,1,0%,2,,E:\一人公司\电子书格式转换站\ebook-converter\数据分析\bing_archive\www.bookconv.com_KeywordReport_2026_9_3.csv
bing_wmt,keyword,,2026-09-03,what file to convert large book to,what file to convert large book to,,,,0,1,0%,1,,E:\一人公司\电子书格式转换站\ebook-converter\数据分析\bing_archive\www.bookconv.com_KeywordReport_2026_9_3.csv
bing_wmt,keyword,,2026-09-03,"azw3, epud, mobi pdf html file","azw3, epud, mobi pdf html file",,,,0,1,0%,1,,E:\一人公司\电子书格式转换站\ebook-converter\数据分析\bing_archive\www.bookconv.com_KeywordReport_2026_9_3.csv
bing_wmt,keyword,,2026-09-03,can i browse the azw3 container?,can i browse the azw3 container?,,,,0,1,0%,5,,E:\一人公司\电子书格式转换站\ebook-converter\数据分析\bing_archive\www.bookconv.com_KeywordReport_2026_9_3.csv
bing_wmt,keyword,,2026-09-03,htpps://ebook.online-convert.com/es/convertir.a.epub,htpps://ebook.online-convert.com/es/convertir.a.epub,,,,0,1,0%,5,,E:\一人公司\电子书格式转换站\ebook-converter\数据分析\bing_archive\www.bookconv.com_KeywordReport_2026_9_3.csv
bing_wmt,keyword,,2026-09-03,can amazon kindle fire read azw3,can amazon kindle fire read azw3,,,,0,1,0%,2,,E:\一人公司\电子书格式转换站\ebook-converter\数据分析\bing_archive\www.bookconv.com_KeywordReport_2026_9_3.csv
bing_wmt,keyword,,2026-09-03,azw3 es lo mismo ue epub?,azw3 es lo mismo ue epub?,,,,0,1,0%,1,,E:\一人公司\电子书格式转换站\ebook-converter\数据分析\bing_archive\www.bookconv.com_KeywordReport_2026_9_3.csv
bing_wmt,keyword,,2026-09-03,do i need a kebup for my kobo epub file?,do i need a kebup for my kobo epub file?,,,,0,1,0%,10,,E:\一人公司\电子书格式转换站\ebook-converter\数据分析\bing_archive\www.bookconv.com_KeywordReport_2026_9_3.csv
bing_wmt,keyword,,2026-09-03,kobo to epub converter online,kobo to epub converter online,,,,0,1,0%,9,,E:\一人公司\电子书格式转换站\ebook-converter\数据分析\bing_archive\www.bookconv.com_KeywordReport_2026_9_3.csv
bing_wmt,keyword,,2026-09-03,convertir epub mobi en lien,convertir epub mobi en lien,,,,0,1,0%,6,,E:\一人公司\电子书格式转换站\ebook-converter\数据分析\bing_archive\www.bookconv.com_KeywordReport_2026_9_3.csv
bing_wmt,keyword,,2026-09-03,best free ebook converter,best free ebook converter,,,,0,1,0%,3,,E:\一人公司\电子书格式转换站\ebook-converter\数据分析\bing_archive\www.bookconv.com_KeywordReport_2026_9_3.csv
bing_wmt,keyword,,2026-09-03,how to turn kobo epub to epub,how to turn kobo epub to epub,,,,0,1,0%,1,,E:\一人公司\电子书格式转换站\ebook-converter\数据分析\bing_archive\www.bookconv.com_KeywordReport_2026_9_3.csv
bing_wmt,keyword,,2026-09-03,is mobi a good ebook format,is mobi a good ebook format,,,,0,1,0%,8,,E:\一人公司\电子书格式转换站\ebook-converter\数据分析\bing_archive\www.bookconv.com_KeywordReport_2026_9_3.csv
bing_wmt,keyword,,2026-09-03,mobi kf8 azw3 format specification,mobi kf8 azw3 format specification,,,,0,1,0%,7,,E:\一人公司\电子书格式转换站\ebook-converter\数据分析\bing_archive\www.bookconv.com_KeywordReport_2026_9_3.csv
bing_wmt,keyword,,2026-09-03,should i convert epub to azw3 or kfx for kindle scribe calibre,should i convert epub to azw3 or kfx for kindle scribe calibre,,,,0,1,0%,1,,E:\一人公司\电子书格式转换站\ebook-converter\数据分析\bing_archive\www.bookconv.com_KeywordReport_2026_9_3.csv
bing_wmt,keyword,,2026-09-03,how to convert a .cbr into .pdf using sumatra pdf,how to convert a .cbr into .pdf using sumatra pdf,,,,0,1,0%,7,,E:\一人公司\电子书格式转换站\ebook-converter\数据分析\bing_archive\www.bookconv.com_KeywordReport_2026_9_3.csv
bing_wmt,keyword,,2026-09-03,best free ebook reader app,best free ebook reader app,,,,0,1,0%,5,,E:\一人公司\电子书格式转换站\ebook-converter\数据分析\bing_archive\www.bookconv.com_KeywordReport_2026_9_3.csv
bing_wmt,keyword,,2026-09-03,what format does kindle use,what format does kindle use,,,,0,1,0%,9,,E:\一人公司\电子书格式转换站\ebook-converter\数据分析\bing_archive\www.bookconv.com_KeywordReport_2026_9_3.csv
bing_wmt,keyword,,2026-09-03,kobo epub conversion,kobo epub conversion,,,,0,1,0%,6,,E:\一人公司\电子书格式转换站\ebook-converter\数据分析\bing_archive\www.bookconv.com_KeywordReport_2026_9_3.csv
bing_wmt,keyword,,2026-09-03,conversion booksnwritingofficial vers epub,conversion booksnwritingofficial vers epub,,,,0,1,0%,7,,E:\一人公司\电子书格式转换站\ebook-converter\数据分析\bing_archive\www.bookconv.com_KeywordReport_2026_9_3.csv
bing_wmt,keyword,,2026-09-03,current kindle format,current kindle format,,,,0,1,0%,6,,E:\一人公司\电子书格式转换站\ebook-converter\数据分析\bing_archive\www.bookconv.com_KeywordReport_2026_9_3.csv
bing_wmt,keyword,,2026-09-03,pdf epub mobi,pdf epub mobi,,,,0,1,0%,3,,E:\一人公司\电子书格式转换站\ebook-converter\数据分析\bing_archive\www.bookconv.com_KeywordReport_2026_9_3.csv
bing_wmt,keyword,,2026-09-03,can amazon kindle read azw3,can amazon kindle read azw3,,,,1,1,100%,1,,E:\一人公司\电子书格式转换站\ebook-converter\数据分析\bing_archive\www.bookconv.com_KeywordReport_2026_9_3.csv
bing_wmt,keyword,,2026-09-03,epub 2 vs epub 3,epub 2 vs epub 3,,,,0,1,0%,6,,E:\一人公司\电子书格式转换站\ebook-converter\数据分析\bing_archive\www.bookconv.com_KeywordReport_2026_9_3.csv
bing_wmt,keyword,,2026-09-03,convertidor epub azw3 mobi descarga,convertidor epub azw3 mobi descarga,,,,0,1,0%,5,,E:\一人公司\电子书格式转换站\ebook-converter\数据分析\bing_archive\www.bookconv.com_KeywordReport_2026_9_3.csv
bing_wmt,keyword,,2026-09-03,kindle available formats,kindle available formats,,,,0,1,0%,7,,E:\一人公司\电子书格式转换站\ebook-converter\数据分析\bing_archive\www.bookconv.com_KeywordReport_2026_9_3.csv
bing_wmt,keyword,,2026-09-03,kinlde azw files compatibility reader 2013,kinlde azw files compatibility reader 2013,,,,1,1,100%,2,,E:\一人公司\电子书格式转换站\ebook-converter\数据分析\bing_archive\www.bookconv.com_KeywordReport_2026_9_3.csv
bing_wmt,keyword,,2026-09-03,verschil tussen epub 2 en 3,verschil tussen epub 2 en 3,,,,0,1,0%,8,,E:\一人公司\电子书格式转换站\ebook-converter\数据分析\bing_archive\www.bookconv.com_KeywordReport_2026_9_3.csv
bing_wmt,keyword,,2026-09-03,can kobo read mobi,can kobo read mobi,,,,0,1,0%,3,,E:\一人公司\电子书格式转换站\ebook-converter\数据分析\bing_archive\www.bookconv.com_KeywordReport_2026_9_3.csv
bing_wmt,keyword,,2026-09-03,should i convert epub to azw3 or kfx for kindle scribe,should i convert epub to azw3 or kfx for kindle scribe,,,,1,1,100%,1,,E:\一人公司\电子书格式转换站\ebook-converter\数据分析\bing_archive\www.bookconv.com_KeywordReport_2026_9_3.csv
bing_wmt,keyword,,2026-09-03,elegir formato tomar epub celulares,elegir formato tomar epub celulares,,,,0,1,0%,7,,E:\一人公司\电子书格式转换站\ebook-converter\数据分析\bing_archive\www.bookconv.com_KeywordReport_2026_9_3.csv
bing_wmt,keyword,,2026-09-03,if i am trying to out my kidnle books.on my kobo will they just look like odf?,if i am trying to out my kidnle books.on my kobo will they just look like odf?,,,,0,1,0%,3,,E:\一人公司\电子书格式转换站\ebook-converter\数据分析\bing_archive\www.bookconv.com_KeywordReport_2026_9_3.csv
bing_wmt,keyword,,2026-09-03,"azw3 mobi epub, which is best?","azw3 mobi epub, which is best?",,,,0,1,0%,3,,E:\一人公司\电子书格式转换站\ebook-converter\数据分析\bing_archive\www.bookconv.com_KeywordReport_2026_9_3.csv
bing_wmt,keyword,,2026-09-03,can x3 read azw3,can x3 read azw3,,,,0,1,0%,3,,E:\一人公司\电子书格式转换站\ebook-converter\数据分析\bing_archive\www.bookconv.com_KeywordReport_2026_9_3.csv
bing_wmt,keyword,,2026-09-03,free online converter mobi to epub keep images and formatting,free online converter mobi to epub keep images and formatting,,,,0,1,0%,4,,E:\一人公司\电子书格式转换站\ebook-converter\数据分析\bing_archive\www.bookconv.com_KeywordReport_2026_9_3.csv
bing_wmt,keyword,,2026-09-03,convertidor epub,convertidor epub,,,,0,1,0%,7,,E:\一人公司\电子书格式转换站\ebook-converter\数据分析\bing_archive\www.bookconv.com_KeywordReport_2026_9_3.csv
bing_wmt,keyword,,2026-09-03,ebook format convetrer,ebook format convetrer,,,,0,1,0%,5,,E:\一人公司\电子书格式转换站\ebook-converter\数据分析\bing_archive\www.bookconv.com_KeywordReport_2026_9_3.csv
bing_wmt,keyword,,2026-09-03,convert azw3 doc to book on kindle fire,convert azw3 doc to book on kindle fire,,,,0,1,0%,7,,E:\一人公司\电子书格式转换站\ebook-converter\数据分析\bing_archive\www.bookconv.com_KeywordReport_2026_9_3.csv
bing_wmt,keyword,,2026-09-03,epub or mobi for kobo,epub or mobi for kobo,,,,0,1,0%,5,,E:\一人公司\电子书格式转换站\ebook-converter\数据分析\bing_archive\www.bookconv.com_KeywordReport_2026_9_3.csv
bing_wmt,keyword,,2026-09-03,"what formats works on kindle, does azw3 work?","what formats works on kindle, does azw3 work?",,,,0,1,0%,8,,E:\一人公司\电子书格式转换站\ebook-converter\数据分析\bing_archive\www.bookconv.com_KeywordReport_2026_9_3.csv
bing_wmt,keyword,,2026-09-03,"pdf,djvu,epub,fb2,mobi,azw3,doc,docx,rtf,cbr,cbz,,zip,rar,txt,odt,chm games","pdf,djvu,epub,fb2,mobi,azw3,doc,docx,rtf,cbr,cbz,,zip,rar,txt,odt,chm games",,,,0,1,0%,1,,E:\一人公司\电子书格式转换站\ebook-converter\数据分析\bing_archive\www.bookconv.com_KeywordReport_2026_9_3.csv
bing_wmt,keyword,,2026-09-03,convert awd doc to book on kindle fire,convert awd doc to book on kindle fire,,,,0,1,0%,5,,E:\一人公司\电子书格式转换站\ebook-converter\数据分析\bing_archive\www.bookconv.com_KeywordReport_2026_9_3.csv
bing_wmt,keyword,,2026-09-03,epub to pdf linux,epub to pdf linux,,,,0,1,0%,8,,E:\一人公司\电子书格式转换站\ebook-converter\数据分析\bing_archive\www.bookconv.com_KeywordReport_2026_9_3.csv
bing_wmt,keyword,,2026-09-03,"pdf,djvu,epub,fb2,mobi,azw3,doc,docx,rtf,cbr,cbz,,zip,rar,txt,odt,chm","pdf,djvu,epub,fb2,mobi,azw3,doc,docx,rtf,cbr,cbz,,zip,rar,txt,odt,chm",,,,0,1,0%,1,,E:\一人公司\电子书格式转换站\ebook-converter\数据分析\bing_archive\www.bookconv.com_KeywordReport_2026_9_3.csv
bing_wmt,keyword,,2026-09-03,kfx kindle,kfx kindle,,,,0,1,0%,4,,E:\一人公司\电子书格式转换站\ebook-converter\数据分析\bing_archive\www.bookconv.com_KeywordReport_2026_9_3.csv
bing_wmt,keyword,,2026-09-03,azw3 es.compatible.con kindle,azw3 es.compatible.con kindle,,,,0,1,0%,5,,E:\一人公司\电子书格式转换站\ebook-converter\数据分析\bing_archive\www.bookconv.com_KeywordReport_2026_9_3.csv
bing_wmt,keyword,,2026-09-03,+commandandconvertbook,+commandandconvertbook,,,,0,1,0%,4,,E:\一人公司\电子书格式转换站\ebook-converter\数据分析\bing_archive\www.bookconv.com_KeywordReport_2026_9_3.csv
bing_wmt,keyword,,2026-09-03,my epub is not opening in kindle preview how do i fix,my epub is not opening in kindle preview how do i fix,,,,0,1,0%,2,,E:\一人公司\电子书格式转换站\ebook-converter\数据分析\bing_archive\www.bookconv.com_KeywordReport_2026_9_3.csv
bing_wmt,keyword,,2026-09-03,kindle format mobi or epub,kindle format mobi or epub,,,,0,1,0%,10,,E:\一人公司\电子书格式转换站\ebook-converter\数据分析\bing_archive\www.bookconv.com_KeywordReport_2026_9_3.csv
bing_wmt,keyword,,2026-09-03,why does converting epub to pdf result in smaller viewing area?,why does converting epub to pdf result in smaller viewing area?,,,,1,1,100%,1,,E:\一人公司\电子书格式转换站\ebook-converter\数据分析\bing_archive\www.bookconv.com_KeywordReport_2026_9_3.csv
bing_wmt,keyword,,2026-09-03,azw3 vs mobi for kindle,azw3 vs mobi for kindle,,,,0,1,0%,3,,E:\一人公司\电子书格式转换站\ebook-converter\数据分析\bing_archive\www.bookconv.com_KeywordReport_2026_9_3.csv
bing_wmt,keyword,,2026-09-03,azw3 format,azw3 format,,,,0,1,0%,10,,E:\一人公司\电子书格式转换站\ebook-converter\数据分析\bing_archive\www.bookconv.com_KeywordReport_2026_9_3.csv
bing_wmt,keyword,,2026-09-03,convertidor epub gratis,convertidor epub gratis,,,,0,1,0%,7,,E:\一人公司\电子书格式转换站\ebook-converter\数据分析\bing_archive\www.bookconv.com_KeywordReport_2026_9_3.csv
bing_wmt,keyword,,2026-09-03,cbr to pdf scale so all pages are exactly the same,cbr to pdf scale so all pages are exactly the same,,,,0,1,0%,2,,E:\一人公司\电子书格式转换站\ebook-converter\数据分析\bing_archive\www.bookconv.com_KeywordReport_2026_9_3.csv
bing_wmt,keyword,,2026-09-03,2012 kindle black won't read azw file,2012 kindle black won't read azw file,,,,0,1,0%,1,,E:\一人公司\电子书格式转换站\ebook-converter\数据分析\bing_archive\www.bookconv.com_KeywordReport_2026_9_3.csv
bing_wmt,keyword,,2026-09-03,output .epub to plaintext,output .epub to plaintext,,,,0,1,0%,8,,E:\一人公司\电子书格式转换站\ebook-converter\数据分析\bing_archive\www.bookconv.com_KeywordReport_2026_9_3.csv
bing_wmt,keyword,,2026-09-03,not all books work in kindle format right yes no,not all books work in kindle format right yes no,,,,0,1,0%,3,,E:\一人公司\电子书格式转换站\ebook-converter\数据分析\bing_archive\www.bookconv.com_KeywordReport_2026_9_3.csv
bing_wmt,page_traffic,,2026-09-03,,,https://www.bookconv.com/blog/kindle-epub-azw3-mobi,https://www.bookconv.com/blog/kindle-epub-azw3-mobi,www.bookconv.com,1,29,3.45%,4.344831034482759,,E:\一人公司\电子书格式转换站\ebook-converter\数据分析\bing_archive\www.bookconv.com_PageTrafficReport_2026_9_3.csv
bing_wmt,page_traffic,,2026-09-03,,,https://www.bookconv.com/guide/kindle-formats,https://www.bookconv.com/guide/kindle-formats,www.bookconv.com,1,26,3.85%,5.8076923076923075,,E:\一人公司\电子书格式转换站\ebook-converter\数据分析\bing_archive\www.bookconv.com_PageTrafficReport_2026_9_3.csv
bing_wmt,page_traffic,,2026-09-03,,,https://www.bookconv.com/,https://www.bookconv.com/,www.bookconv.com,1,24,4.17%,12.125004166666665,,E:\一人公司\电子书格式转换站\ebook-converter\数据分析\bing_archive\www.bookconv.com_PageTrafficReport_2026_9_3.csv
bing_wmt,page_traffic,,2026-09-03,,,https://www.bookconv.com/blog/kobo-to-epub,https://www.bookconv.com/blog/kobo-to-epub,www.bookconv.com,1,21,4.76%,4.714285714285714,,E:\一人公司\电子书格式转换站\ebook-converter\数据分析\bing_archive\www.bookconv.com_PageTrafficReport_2026_9_3.csv
bing_wmt,page_traffic,,2026-09-03,,,https://www.bookconv.com/es,https://www.bookconv.com/es,www.bookconv.com,0,19,0%,5.2105263157894735,,E:\一人公司\电子书格式转换站\ebook-converter\数据分析\bing_archive\www.bookconv.com_PageTrafficReport_2026_9_3.csv
bing_wmt,page_traffic,,2026-09-03,,,https://www.bookconv.com/blog/azw3-epub-mobi-kindle-compatibility,https://www.bookconv.com/blog/azw3-epub-mobi-kindle-compatibility,www.bookconv.com,0,17,0%,4.411758823529412,,E:\一人公司\电子书格式转换站\ebook-converter\数据分析\bing_archive\www.bookconv.com_PageTrafficReport_2026_9_3.csv
bing_wmt,page_traffic,,2026-09-03,,,https://www.bookconv.com/blog/can-kindle-read-azw3,https://www.bookconv.com/blog/can-kindle-read-azw3,www.bookconv.com,2,14,14.290000000000001%,2.214292857142857,,E:\一人公司\电子书格式转换站\ebook-converter\数据分析\bing_archive\www.bookconv.com_PageTrafficReport_2026_9_3.csv
bing_wmt,page_traffic,,2026-09-03,,,https://www.bookconv.com/guide/mobi-vs-azw3,https://www.bookconv.com/guide/mobi-vs-azw3,www.bookconv.com,1,11,9.09%,3.9091000000000005,,E:\一人公司\电子书格式转换站\ebook-converter\数据分析\bing_archive\www.bookconv.com_PageTrafficReport_2026_9_3.csv
bing_wmt,page_traffic,,2026-09-03,,,https://www.bookconv.com/blog/azw3-epub-mobi-kindle,https://www.bookconv.com/blog/azw3-epub-mobi-kindle,www.bookconv.com,1,11,9.09%,4.363636363636363,,E:\一人公司\电子书格式转换站\ebook-converter\数据分析\bing_archive\www.bookconv.com_PageTrafficReport_2026_9_3.csv
bing_wmt,page_traffic,,2026-09-03,,,https://www.bookconv.com/blog/sync-reading-across-devices,https://www.bookconv.com/blog/sync-reading-across-devices,www.bookconv.com,0,11,0%,4.181818181818182,,E:\一人公司\电子书格式转换站\ebook-converter\数据分析\bing_archive\www.bookconv.com_PageTrafficReport_2026_9_3.csv
bing_wmt,page_traffic,,2026-09-03,,,https://www.bookconv.com/blog/ebook-formats-explained,https://www.bookconv.com/blog/ebook-formats-explained,www.bookconv.com,0,10,0%,6.500020000000001,,E:\一人公司\电子书格式转换站\ebook-converter\数据分析\bing_archive\www.bookconv.com_PageTrafficReport_2026_9_3.csv
bing_wmt,page_traffic,,2026-09-03,,,https://www.bookconv.com/es/blog/ebook-formats-explained,https://www.bookconv.com/es/blog/ebook-formats-explained,www.bookconv.com,0,6,0%,5.5,,E:\一人公司\电子书格式转换站\ebook-converter\数据分析\bing_archive\www.bookconv.com_PageTrafficReport_2026_9_3.csv
bing_wmt,page_traffic,,2026-09-03,,,https://www.bookconv.com/guide/mobi-to-epub-keep-formatting,https://www.bookconv.com/guide/mobi-to-epub-keep-formatting,www.bookconv.com,0,6,0%,2.1666666666666665,,E:\一人公司\电子书格式转换站\ebook-converter\数据分析\bing_archive\www.bookconv.com_PageTrafficReport_2026_9_3.csv
bing_wmt,page_traffic,,2026-09-03,,,https://www.bookconv.com/guide/epub-to-azw3-for-kindle,https://www.bookconv.com/guide/epub-to-azw3-for-kindle,www.bookconv.com,1,6,16.67%,3.5,,E:\一人公司\电子书格式转换站\ebook-converter\数据分析\bing_archive\www.bookconv.com_PageTrafficReport_2026_9_3.csv
bing_wmt,page_traffic,,2026-09-03,,,https://www.bookconv.com/blog/epub3-vs-epub2,https://www.bookconv.com/blog/epub3-vs-epub2,www.bookconv.com,0,5,0%,4.8,,E:\一人公司\电子书格式转换站\ebook-converter\数据分析\bing_archive\www.bookconv.com_PageTrafficReport_2026_9_3.csv
bing_wmt,page_traffic,,2026-09-03,,,https://www.bookconv.com/guide/txt-to-epub-build-ebook,https://www.bookconv.com/guide/txt-to-epub-build-ebook,www.bookconv.com,0,5,0%,6.8,,E:\一人公司\电子书格式转换站\ebook-converter\数据分析\bing_archive\www.bookconv.com_PageTrafficReport_2026_9_3.csv
bing_wmt,page_traffic,,2026-09-03,,,https://www.bookconv.com/guide/fix-epub-to-pdf-formatting,https://www.bookconv.com/guide/fix-epub-to-pdf-formatting,www.bookconv.com,1,5,20%,3.6,,E:\一人公司\电子书格式转换站\ebook-converter\数据分析\bing_archive\www.bookconv.com_PageTrafficReport_2026_9_3.csv
bing_wmt,page_traffic,,2026-09-03,,,https://www.bookconv.com/guide/epub-to-mobi-keep-formatting,https://www.bookconv.com/guide/epub-to-mobi-keep-formatting,www.bookconv.com,1,5,20%,3.59998,,E:\一人公司\电子书格式转换站\ebook-converter\数据分析\bing_archive\www.bookconv.com_PageTrafficReport_2026_9_3.csv
bing_wmt,page_traffic,,2026-09-03,,,https://www.bookconv.com/blog/why-ebook-wont-open-kindle,https://www.bookconv.com/blog/why-ebook-wont-open-kindle,www.bookconv.com,1,4,25%,4.25,,E:\一人公司\电子书格式转换站\ebook-converter\数据分析\bing_archive\www.bookconv.com_PageTrafficReport_2026_9_3.csv
bing_wmt,page_traffic,,2026-09-03,,,https://www.bookconv.com/es/blog/azw3-vs-mobi,https://www.bookconv.com/es/blog/azw3-vs-mobi,www.bookconv.com,0,4,0%,6.25,,E:\一人公司\电子书格式转换站\ebook-converter\数据分析\bing_archive\www.bookconv.com_PageTrafficReport_2026_9_3.csv
bing_wmt,page_traffic,,2026-09-03,,,https://www.bookconv.com/guide/pdf-to-epub-keep-formatting,https://www.bookconv.com/guide/pdf-to-epub-keep-formatting,www.bookconv.com,0,4,0%,4,,E:\一人公司\电子书格式转换站\ebook-converter\数据分析\bing_archive\www.bookconv.com_PageTrafficReport_2026_9_3.csv
bing_wmt,page_traffic,,2026-09-03,,,https://www.bookconv.com/es/blog/epub-to-pdf-linux,https://www.bookconv.com/es/blog/epub-to-pdf-linux,www.bookconv.com,1,4,25%,3.75,,E:\一人公司\电子书格式转换站\ebook-converter\数据分析\bing_archive\www.bookconv.com_PageTrafficReport_2026_9_3.csv
bing_wmt,page_traffic,,2026-09-03,,,https://www.bookconv.com/guide/calibre-alternative,https://www.bookconv.com/guide/calibre-alternative,www.bookconv.com,0,4,0%,7.25,,E:\一人公司\电子书格式转换站\ebook-converter\数据分析\bing_archive\www.bookconv.com_PageTrafficReport_2026_9_3.csv
bing_wmt,page_traffic,,2026-09-03,,,https://www.bookconv.com/guide/docx-to-epub-self-publish,https://www.bookconv.com/guide/docx-to-epub-self-publish,www.bookconv.com,0,3,0%,3.6666666666666665,,E:\一人公司\电子书格式转换站\ebook-converter\数据分析\bing_archive\www.bookconv.com_PageTrafficReport_2026_9_3.csv
bing_wmt,page_traffic,,2026-09-03,,,https://www.bookconv.com/es/blog/mobi-to-epub,https://www.bookconv.com/es/blog/mobi-to-epub,www.bookconv.com,0,3,0%,9,,E:\一人公司\电子书格式转换站\ebook-converter\数据分析\bing_archive\www.bookconv.com_PageTrafficReport_2026_9_3.csv
bing_wmt,page_traffic,,2026-09-03,,,https://www.bookconv.com/es/blog/epub-to-mobi-guide,https://www.bookconv.com/es/blog/epub-to-mobi-guide,www.bookconv.com,0,3,0%,7.333333333333333,,E:\一人公司\电子书格式转换站\ebook-converter\数据分析\bing_archive\www.bookconv.com_PageTrafficReport_2026_9_3.csv
bing_wmt,page_traffic,,2026-09-03,,,https://www.bookconv.com/guide/cbr-to-pdf,https://www.bookconv.com/guide/cbr-to-pdf,www.bookconv.com,0,3,0%,5.666666666666667,,E:\一人公司\电子书格式转换站\ebook-converter\数据分析\bing_archive\www.bookconv.com_PageTrafficReport_2026_9_3.csv
bing_wmt,page_traffic,,2026-09-03,,,https://www.bookconv.com/blog/epub-vs-mobi,https://www.bookconv.com/blog/epub-vs-mobi,www.bookconv.com,0,3,0%,6.666666666666667,,E:\一人公司\电子书格式转换站\ebook-converter\数据分析\bing_archive\www.bookconv.com_PageTrafficReport_2026_9_3.csv
bing_wmt,page_traffic,,2026-09-03,,,https://www.bookconv.com/convert/epub-to-zip,https://www.bookconv.com/convert/epub-to-zip,www.bookconv.com,0,2,0%,6.5,,E:\一人公司\电子书格式转换站\ebook-converter\数据分析\bing_archive\www.bookconv.com_PageTrafficReport_2026_9_3.csv
bing_wmt,page_traffic,,2026-09-03,,,https://www.bookconv.com/convert,https://www.bookconv.com/convert,www.bookconv.com,0,2,0%,4,,E:\一人公司\电子书格式转换站\ebook-converter\数据分析\bing_archive\www.bookconv.com_PageTrafficReport_2026_9_3.csv
bing_wmt,page_traffic,,2026-09-03,,,https://www.bookconv.com/es/blog/how-to-convert-epub-to-mobi,https://www.bookconv.com/es/blog/how-to-convert-epub-to-mobi,www.bookconv.com,0,2,0%,7,,E:\一人公司\电子书格式转换站\ebook-converter\数据分析\bing_archive\www.bookconv.com_PageTrafficReport_2026_9_3.csv
bing_wmt,page_traffic,,2026-09-03,,,https://www.bookconv.com/guide/azw3-to-mobi-keep-formatting,https://www.bookconv.com/guide/azw3-to-mobi-keep-formatting,www.bookconv.com,0,1,0%,8,,E:\一人公司\电子书格式转换站\ebook-converter\数据分析\bing_archive\www.bookconv.com_PageTrafficReport_2026_9_3.csv
bing_wmt,page_traffic,,2026-09-03,,,https://www.bookconv.com/help,https://www.bookconv.com/help,www.bookconv.com,0,1,0%,4,,E:\一人公司\电子书格式转换站\ebook-converter\数据分析\bing_archive\www.bookconv.com_PageTrafficReport_2026_9_3.csv
bing_wmt,page_traffic,,2026-09-03,,,https://www.bookconv.com/blog/best-ebook-reader-apps,https://www.bookconv.com/blog/best-ebook-reader-apps,www.bookconv.com,0,1,0%,5,,E:\一人公司\电子书格式转换站\ebook-converter\数据分析\bing_archive\www.bookconv.com_PageTrafficReport_2026_9_3.csv
bing_wmt,page_traffic,,2026-09-03,,,https://www.bookconv.com/guide,https://www.bookconv.com/guide,www.bookconv.com,0,1,0%,10,,E:\一人公司\电子书格式转换站\ebook-converter\数据分析\bing_archive\www.bookconv.com_PageTrafficReport_2026_9_3.csv
bing_wmt,page_traffic,,2026-09-03,,,https://www.bookconv.com/guide/lit-to-epub-keep-formatting,https://www.bookconv.com/guide/lit-to-epub-keep-formatting,www.bookconv.com,0,1,0%,3,,E:\一人公司\电子书格式转换站\ebook-converter\数据分析\bing_archive\www.bookconv.com_PageTrafficReport_2026_9_3.csv
bing_wmt,page_traffic,,2026-09-03,,,https://www.bookconv.com/guide/epub-to-txt-extract,https://www.bookconv.com/guide/epub-to-txt-extract,www.bookconv.com,0,1,0%,8,,E:\一人公司\电子书格式转换站\ebook-converter\数据分析\bing_archive\www.bookconv.com_PageTrafficReport_2026_9_3.csv
bing_wmt,page_traffic,,2026-09-03,,,https://www.bookconv.com/convert/lit-to-mobi,https://www.bookconv.com/convert/lit-to-mobi,www.bookconv.com,0,1,0%,5,,E:\一人公司\电子书格式转换站\ebook-converter\数据分析\bing_archive\www.bookconv.com_PageTrafficReport_2026_9_3.csv
bing_wmt,page_traffic,,2026-09-03,,,https://www.bookconv.com/guide/djvu-to-pdf,https://www.bookconv.com/guide/djvu-to-pdf,www.bookconv.com,0,1,0%,8,,E:\一人公司\电子书格式转换站\ebook-converter\数据分析\bing_archive\www.bookconv.com_PageTrafficReport_2026_9_3.csv
bing_wmt,overview_daily,2026-07-26,2026-09-03,,,,,,0,0,0,,,E:\一人公司\电子书格式转换站\ebook-converter\数据分析\bing_archive\www.bookconv.com_SearchPerformanceOverview_All_2026_9_3.csv
bing_wmt,overview_daily,2026-07-27,2026-09-03,,,,,,0,0,0,,,E:\一人公司\电子书格式转换站\ebook-converter\数据分析\bing_archive\www.bookconv.com_SearchPerformanceOverview_All_2026_9_3.csv
bing_wmt,overview_daily,2026-07-28,2026-09-03,,,,,,0,0,0,,,E:\一人公司\电子书格式转换站\ebook-converter\数据分析\bing_archive\www.bookconv.com_SearchPerformanceOverview_All_2026_9_3.csv
bing_wmt,overview_daily,2026-07-29,2026-09-03,,,,,,0,0,0,,,E:\一人公司\电子书格式转换站\ebook-converter\数据分析\bing_archive\www.bookconv.com_SearchPerformanceOverview_All_2026_9_3.csv
bing_wmt,overview_daily,2026-07-30,2026-09-03,,,,,,0,0,0,,,E:\一人公司\电子书格式转换站\ebook-converter\数据分析\bing_archive\www.bookconv.com_SearchPerformanceOverview_All_2026_9_3.csv
bing_wmt,overview_daily,2026-07-31,2026-09-03,,,,,,0,0,0,,,E:\一人公司\电子书格式转换站\ebook-converter\数据分析\bing_archive\www.bookconv.com_SearchPerformanceOverview_All_2026_9_3.csv
bing_wmt,overview_daily,2026-08-01,2026-09-03,,,,,,0,0,0,,,E:\一人公司\电子书格式转换站\ebook-converter\数据分析\bing_archive\www.bookconv.com_SearchPerformanceOverview_All_2026_9_3.csv
bing_wmt,overview_daily,2026-08-02,2026-09-03,,,,,,0,0,0,,,E:\一人公司\电子书格式转换站\ebook-converter\数据分析\bing_archive\www.bookconv.com_SearchPerformanceOverview_All_2026_9_3.csv
bing_wmt,overview_daily,2026-08-03,2026-09-03,,,,,,0,0,0,,,E:\一人公司\电子书格式转换站\ebook-converter\数据分析\bing_archive\www.bookconv.com_SearchPerformanceOverview_All_2026_9_3.csv
bing_wmt,overview_daily,2026-08-04,2026-09-03,,,,,,0,0,0,,,E:\一人公司\电子书格式转换站\ebook-converter\数据分析\bing_archive\www.bookconv.com_SearchPerformanceOverview_All_2026_9_3.csv
bing_wmt,overview_daily,2026-08-05,2026-09-03,,,,,,0,2,0,,,E:\一人公司\电子书格式转换站\ebook-converter\数据分析\bing_archive\www.bookconv.com_SearchPerformanceOverview_All_2026_9_3.csv
bing_wmt,overview_daily,2026-08-06,2026-09-03,,,,,,0,1,0,,,E:\一人公司\电子书格式转换站\ebook-converter\数据分析\bing_archive\www.bookconv.com_SearchPerformanceOverview_All_2026_9_3.csv
bing_wmt,overview_daily,2026-08-07,2026-09-03,,,,,,0,0,0,,,E:\一人公司\电子书格式转换站\ebook-converter\数据分析\bing_archive\www.bookconv.com_SearchPerformanceOverview_All_2026_9_3.csv
bing_wmt,overview_daily,2026-08-08,2026-09-03,,,,,,0,0,0,,,E:\一人公司\电子书格式转换站\ebook-converter\数据分析\bing_archive\www.bookconv.com_SearchPerformanceOverview_All_2026_9_3.csv
bing_wmt,overview_daily,2026-08-09,2026-09-03,,,,,,0,3,0,,,E:\一人公司\电子书格式转换站\ebook-converter\数据分析\bing_archive\www.bookconv.com_SearchPerformanceOverview_All_2026_9_3.csv
bing_wmt,overview_daily,2026-08-10,2026-09-03,,,,,,0,3,0,,,E:\一人公司\电子书格式转换站\ebook-converter\数据分析\bing_archive\www.bookconv.com_SearchPerformanceOverview_All_2026_9_3.csv
bing_wmt,overview_daily,2026-08-11,2026-09-03,,,,,,0,9,0,,,E:\一人公司\电子书格式转换站\ebook-converter\数据分析\bing_archive\www.bookconv.com_SearchPerformanceOverview_All_2026_9_3.csv
bing_wmt,overview_daily,2026-08-12,2026-09-03,,,,,,0,3,0,,,E:\一人公司\电子书格式转换站\ebook-converter\数据分析\bing_archive\www.bookconv.com_SearchPerformanceOverview_All_2026_9_3.csv
bing_wmt,overview_daily,2026-08-13,2026-09-03,,,,,,1,9,11.11,,,E:\一人公司\电子书格式转换站\ebook-converter\数据分析\bing_archive\www.bookconv.com_SearchPerformanceOverview_All_2026_9_3.csv
bing_wmt,overview_daily,2026-08-14,2026-09-03,,,,,,0,18,0,,,E:\一人公司\电子书格式转换站\ebook-converter\数据分析\bing_archive\www.bookconv.com_SearchPerformanceOverview_All_2026_9_3.csv
bing_wmt,overview_daily,2026-08-15,2026-09-03,,,,,,0,6,0,,,E:\一人公司\电子书格式转换站\ebook-converter\数据分析\bing_archive\www.bookconv.com_SearchPerformanceOverview_All_2026_9_3.csv
bing_wmt,overview_daily,2026-08-16,2026-09-03,,,,,,1,11,9.09,,,E:\一人公司\电子书格式转换站\ebook-converter\数据分析\bing_archive\www.bookconv.com_SearchPerformanceOverview_All_2026_9_3.csv
bing_wmt,overview_daily,2026-08-17,2026-09-03,,,,,,1,28,3.57,,,E:\一人公司\电子书格式转换站\ebook-converter\数据分析\bing_archive\www.bookconv.com_SearchPerformanceOverview_All_2026_9_3.csv
bing_wmt,overview_daily,2026-08-18,2026-09-03,,,,,,0,14,0,,,E:\一人公司\电子书格式转换站\ebook-converter\数据分析\bing_archive\www.bookconv.com_SearchPerformanceOverview_All_2026_9_3.csv
bing_wmt,overview_daily,2026-08-19,2026-09-03,,,,,,0,11,0,,,E:\一人公司\电子书格式转换站\ebook-converter\数据分析\bing_archive\www.bookconv.com_SearchPerformanceOverview_All_2026_9_3.csv
bing_wmt,overview_daily,2026-08-20,2026-09-03,,,,,,0,12,0,,,E:\一人公司\电子书格式转换站\ebook-converter\数据分析\bing_archive\www.bookconv.com_SearchPerformanceOverview_All_2026_9_3.csv
bing_wmt,overview_daily,2026-08-21,2026-09-03,,,,,,0,5,0,,,E:\一人公司\电子书格式转换站\ebook-converter\数据分析\bing_archive\www.bookconv.com_SearchPerformanceOverview_All_2026_9_3.csv
bing_wmt,overview_daily,2026-08-22,2026-09-03,,,,,,0,5,0,,,E:\一人公司\电子书格式转换站\ebook-converter\数据分析\bing_archive\www.bookconv.com_SearchPerformanceOverview_All_2026_9_3.csv
bing_wmt,overview_daily,2026-08-23,2026-09-03,,,,,,1,12,8.33,,,E:\一人公司\电子书格式转换站\ebook-converter\数据分析\bing_archive\www.bookconv.com_SearchPerformanceOverview_All_2026_9_3.csv
bing_wmt,overview_daily,2026-08-24,2026-09-03,,,,,,2,12,16.67,,,E:\一人公司\电子书格式转换站\ebook-converter\数据分析\bing_archive\www.bookconv.com_SearchPerformanceOverview_All_2026_9_3.csv
bing_wmt,overview_daily,2026-08-25,2026-09-03,,,,,,2,20,10,,,E:\一人公司\电子书格式转换站\ebook-converter\数据分析\bing_archive\www.bookconv.com_SearchPerformanceOverview_All_2026_9_3.csv
bing_wmt,overview_daily,2026-08-26,2026-09-03,,,,,,0,11,0,,,E:\一人公司\电子书格式转换站\ebook-converter\数据分析\bing_archive\www.bookconv.com_SearchPerformanceOverview_All_2026_9_3.csv
bing_wmt,overview_daily,2026-08-27,2026-09-03,,,,,,1,19,5.26,,,E:\一人公司\电子书格式转换站\ebook-converter\数据分析\bing_archive\www.bookconv.com_SearchPerformanceOverview_All_2026_9_3.csv
bing_wmt,overview_daily,2026-08-28,2026-09-03,,,,,,1,29,3.45,,,E:\一人公司\电子书格式转换站\ebook-converter\数据分析\bing_archive\www.bookconv.com_SearchPerformanceOverview_All_2026_9_3.csv
bing_wmt,overview_daily,2026-08-29,2026-09-03,,,,,,2,30,6.67,,,E:\一人公司\电子书格式转换站\ebook-converter\数据分析\bing_archive\www.bookconv.com_SearchPerformanceOverview_All_2026_9_3.csv
bing_wmt,overview_daily,2026-08-30,2026-09-03,,,,,,0,31,0,,,E:\一人公司\电子书格式转换站\ebook-converter\数据分析\bing_archive\www.bookconv.com_SearchPerformanceOverview_All_2026_9_3.csv
bing_wmt,overview_daily,2026-08-31,2026-09-03,,,,,,1,27,3.7,,,E:\一人公司\电子书格式转换站\ebook-converter\数据分析\bing_archive\www.bookconv.com_SearchPerformanceOverview_All_2026_9_3.csv
bing_wmt,overview_daily,2026-09-01,2026-09-03,,,,,,0,33,0,,,E:\一人公司\电子书格式转换站\ebook-converter\数据分析\bing_archive\www.bookconv.com_SearchPerformanceOverview_All_2026_9_3.csv
bing_wmt,keyword,,2026-08-30,bookconv,bookconv,,,,1,7,14.290000000000001%,3.571414285714286,,E:\一人公司\电子书格式转换站\ebook-converter\数据分析\www.bookconv.com_KeywordReport_2026_8_30.csv
bing_wmt,keyword,,2026-08-30,azw3 vs mobi,azw3 vs mobi,,,,1,4,25%,3.5,,E:\一人公司\电子书格式转换站\ebook-converter\数据分析\www.bookconv.com_KeywordReport_2026_8_30.csv
bing_wmt,keyword,,2026-08-30,txt+pdf+epub+mobi+azw3,txt+pdf+epub+mobi+azw3,,,,0,4,0%,2,,E:\一人公司\电子书格式转换站\ebook-converter\数据分析\www.bookconv.com_KeywordReport_2026_8_30.csv
bing_wmt,keyword,,2026-08-30,kindle edition format azw3 kfx mobi,kindle edition format azw3 kfx mobi,,,,0,4,0%,2.5,,E:\一人公司\电子书格式转换站\ebook-converter\数据分析\www.bookconv.com_KeywordReport_2026_8_30.csv
bing_wmt,keyword,,2026-08-30,лучший формат для kindle paperwhite 2 mobi vs azw3,лучший формат для kindle paperwhite 2 mobi vs azw3,,,,0,4,0%,2,,E:\一人公司\电子书格式转换站\ebook-converter\数据分析\www.bookconv.com_KeywordReport_2026_8_30.csv
bing_wmt,keyword,,2026-08-30,mejor formato para convertir a pdf azw3 epub mobiliario,mejor formato para convertir a pdf azw3 epub mobiliario,,,,0,4,0%,5.75,,E:\一人公司\电子书格式转换站\ebook-converter\数据分析\www.bookconv.com_KeywordReport_2026_8_30.csv
bing_wmt,keyword,,2026-08-30,how to convert mobi to epub keep format and images,how to convert mobi to epub keep format and images,,,,0,4,0%,1.75,,E:\一人公司\电子书格式转换站\ebook-converter\数据分析\www.bookconv.com_KeywordReport_2026_8_30.csv
bing_wmt,keyword,,2026-08-30,convert epub to azw3 for kindle 2025 2026,convert epub to azw3 for kindle 2025 2026,,,,0,4,0%,4.25,,E:\一人公司\电子书格式转换站\ebook-converter\数据分析\www.bookconv.com_KeywordReport_2026_8_30.csv
bing_wmt,keyword,,2026-08-30,any loss during epub convert to mobi,any loss during epub convert to mobi,,,,0,3,0%,5.3333,,E:\一人公司\电子书格式转换站\ebook-converter\数据分析\www.bookconv.com_KeywordReport_2026_8_30.csv
bing_wmt,keyword,,2026-08-30,how to preserve pdf order in epub,how to preserve pdf order in epub,,,,0,3,0%,4.3333,,E:\一人公司\电子书格式转换站\ebook-converter\数据分析\www.bookconv.com_KeywordReport_2026_8_30.csv
bing_wmt,keyword,,2026-08-30,kindle supported file formats 2025 2026 azw kfx mobi epub pdf,kindle supported file formats 2025 2026 azw kfx mobi epub pdf,,,,0,3,0%,6.6667,,E:\一人公司\电子书格式转换站\ebook-converter\数据分析\www.bookconv.com_KeywordReport_2026_8_30.csv
bing_wmt,keyword,,2026-08-30,epub vs cbz for kindle,epub vs cbz for kindle,,,,0,2,0%,4,,E:\一人公司\电子书格式转换站\ebook-converter\数据分析\www.bookconv.com_KeywordReport_2026_8_30.csv
bing_wmt,keyword,,2026-08-30,convertidor ebook,convertidor ebook,,,,0,2,0%,6,,E:\一人公司\电子书格式转换站\ebook-converter\数据分析\www.bookconv.com_KeywordReport_2026_8_30.csv
bing_wmt,keyword,,2026-08-30,convertidor de formatos epub,convertidor de formatos epub,,,,0,2,0%,7,,E:\一人公司\电子书格式转换站\ebook-converter\数据分析\www.bookconv.com_KeywordReport_2026_8_30.csv
bing_wmt,keyword,,2026-08-30,can a kindle scribe read azw3 files,can a kindle scribe read azw3 files,,,,0,2,0%,1,,E:\一人公司\电子书格式转换站\ebook-converter\数据分析\www.bookconv.com_KeywordReport_2026_8_30.csv
bing_wmt,keyword,,2026-08-30,calibre turn txt to epub,calibre turn txt to epub,,,,0,2,0%,9,,E:\一人公司\电子书格式转换站\ebook-converter\数据分析\www.bookconv.com_KeywordReport_2026_8_30.csv
bing_wmt,keyword,,2026-08-30,calibre online converter,calibre online converter,,,,0,2,0%,9,,E:\一人公司\电子书格式转换站\ebook-converter\数据分析\www.bookconv.com_KeywordReport_2026_8_30.csv
bing_wmt,keyword,,2026-08-30,kindle does it read mobi or azw3?,kindle does it read mobi or azw3?,,,,0,2,0%,2.5,,E:\一人公司\电子书格式转换站\ebook-converter\数据分析\www.bookconv.com_KeywordReport_2026_8_30.csv
bing_wmt,keyword,,2026-08-30,are azw3 appropriate for mondern kindle?,are azw3 appropriate for mondern kindle?,,,,0,2,0%,3,,E:\一人公司\电子书格式转换站\ebook-converter\数据分析\www.bookconv.com_KeywordReport_2026_8_30.csv
bing_wmt,keyword,,2026-08-30,convert kobo books to epub,convert kobo books to epub,,,,0,2,0%,4,,E:\一人公司\电子书格式转换站\ebook-converter\数据分析\www.bookconv.com_KeywordReport_2026_8_30.csv
bing_wmt,keyword,,2026-08-30,paso de epub a mobi,paso de epub a mobi,,,,0,2,0%,8.5,,E:\一人公司\电子书格式转换站\ebook-converter\数据分析\www.bookconv.com_KeywordReport_2026_8_30.csv
bing_wmt,keyword,,2026-08-30,epub to pdf for linux converter,epub to pdf for linux converter,,,,0,2,0%,1,,E:\一人公司\电子书格式转换站\ebook-converter\数据分析\www.bookconv.com_KeywordReport_2026_8_30.csv
bing_wmt,keyword,,2026-08-30,epub to zip,epub to zip,,,,0,2,0%,6,,E:\一人公司\电子书格式转换站\ebook-converter\数据分析\www.bookconv.com_KeywordReport_2026_8_30.csv
bing_wmt,keyword,,2026-08-30,how to preserve formatting of epub document when converting to pdf,how to preserve formatting of epub document when converting to pdf,,,,0,2,0%,6,,E:\一人公司\电子书格式转换站\ebook-converter\数据分析\www.bookconv.com_KeywordReport_2026_8_30.csv
bing_wmt,keyword,,2026-08-30,mobi vs epub in kindle master vs legacy format the difference,mobi vs epub in kindle master vs legacy format the difference,,,,0,1,0%,4,,E:\一人公司\电子书格式转换站\ebook-converter\数据分析\www.bookconv.com_KeywordReport_2026_8_30.csv
bing_wmt,keyword,,2026-08-30,convertidor onlin ebook,convertidor onlin ebook,,,,0,1,0%,6,,E:\一人公司\电子书格式转换站\ebook-converter\数据分析\www.bookconv.com_KeywordReport_2026_8_30.csv
bing_wmt,keyword,,2026-08-30,ebook converter online,ebook converter online,,,,0,1,0%,9,,E:\一人公司\电子书格式转换站\ebook-converter\数据分析\www.bookconv.com_KeywordReport_2026_8_30.csv
bing_wmt,keyword,,2026-08-30,epub to pdf linux command line,epub to pdf linux command line,,,,0,1,0%,4,,E:\一人公司\电子书格式转换站\ebook-converter\数据分析\www.bookconv.com_KeywordReport_2026_8_30.csv
bing_wmt,keyword,,2026-08-30,mobi vs azw3,mobi vs azw3,,,,0,1,0%,4,,E:\一人公司\电子书格式转换站\ebook-converter\数据分析\www.bookconv.com_KeywordReport_2026_8_30.csv
bing_wmt,keyword,,2026-08-30,how to turn kepub to epub,how to turn kepub to epub,,,,0,1,0%,4,,E:\一人公司\电子书格式转换站\ebook-converter\数据分析\www.bookconv.com_KeywordReport_2026_8_30.csv
bing_wmt,keyword,,2026-08-30,mobi vs epub which is better,mobi vs epub which is better,,,,0,1,0%,7,,E:\一人公司\电子书格式转换站\ebook-converter\数据分析\www.bookconv.com_KeywordReport_2026_8_30.csv
bing_wmt,keyword,,2026-08-30,new kindle books formats,new kindle books formats,,,,0,1,0%,8,,E:\一人公司\电子书格式转换站\ebook-converter\数据分析\www.bookconv.com_KeywordReport_2026_8_30.csv
bing_wmt,keyword,,2026-08-30,can kindle read azw3,can kindle read azw3,,,,0,1,0%,2,,E:\一人公司\电子书格式转换站\ebook-converter\数据分析\www.bookconv.com_KeywordReport_2026_8_30.csv
bing_wmt,keyword,,2026-08-30,kindle epub metadata compatible,kindle epub metadata compatible,,,,0,1,0%,8,,E:\一人公司\电子书格式转换站\ebook-converter\数据分析\www.bookconv.com_KeywordReport_2026_8_30.csv
bing_wmt,keyword,,2026-08-30,online ebook converter,online ebook converter,,,,0,1,0%,8,,E:\一人公司\电子书格式转换站\ebook-converter\数据分析\www.bookconv.com_KeywordReport_2026_8_30.csv
bing_wmt,keyword,,2026-08-30,kindle format az,kindle format az,,,,0,1,0%,6,,E:\一人公司\电子书格式转换站\ebook-converter\数据分析\www.bookconv.com_KeywordReport_2026_8_30.csv
bing_wmt,keyword,,2026-08-30,calibre epub to pdf missing images,calibre epub to pdf missing images,,,,0,1,0%,1,,E:\一人公司\电子书格式转换站\ebook-converter\数据分析\www.bookconv.com_KeywordReport_2026_8_30.csv
bing_wmt,keyword,,2026-08-30,how to sync my kindle and iphone to exavt reading pace,how to sync my kindle and iphone to exavt reading pace,,,,0,1,0%,4,,E:\一人公司\电子书格式转换站\ebook-converter\数据分析\www.bookconv.com_KeywordReport_2026_8_30.csv
bing_wmt,keyword,,2026-08-30,epub version 2 vs 3,epub version 2 vs 3,,,,0,1,0%,5,,E:\一人公司\电子书格式转换站\ebook-converter\数据分析\www.bookconv.com_KeywordReport_2026_8_30.csv
bing_wmt,keyword,,2026-08-30,convertir epub a mobi sin límite,convertir epub a mobi sin límite,,,,0,1,0%,6,,E:\一人公司\电子书格式转换站\ebook-converter\数据分析\www.bookconv.com_KeywordReport_2026_8_30.csv
bing_wmt,keyword,,2026-08-30,e pdf converter,e pdf converter,,,,0,1,0%,159,,E:\一人公司\电子书格式转换站\ebook-converter\数据分析\www.bookconv.com_KeywordReport_2026_8_30.csv
bing_wmt,keyword,,2026-08-30,se pueden pulir libros digitales en azw3 o epub,se pueden pulir libros digitales en azw3 o epub,,,,0,1,0%,4,,E:\一人公司\电子书格式转换站\ebook-converter\数据分析\www.bookconv.com_KeywordReport_2026_8_30.csv
bing_wmt,keyword,,2026-08-30,avs epub to mobi,avs epub to mobi,,,,0,1,0%,10,,E:\一人公司\电子书格式转换站\ebook-converter\数据分析\www.bookconv.com_KeywordReport_2026_8_30.csv
bing_wmt,keyword,,2026-08-30,"ebook form,ats .lit or .mobi","ebook form,ats .lit or .mobi",,,,0,1,0%,4,,E:\一人公司\电子书格式转换站\ebook-converter\数据分析\www.bookconv.com_KeywordReport_2026_8_30.csv
bing_wmt,keyword,,2026-08-30,cual es el formato que utilisa kindle azu3 o epub,cual es el formato que utilisa kindle azu3 o epub,,,,0,1,0%,9,,E:\一人公司\电子书格式转换站\ebook-converter\数据分析\www.bookconv.com_KeywordReport_2026_8_30.csv
bing_wmt,keyword,,2026-08-30,kobo azw3,kobo azw3,,,,0,1,0%,5,,E:\一人公司\电子书格式转换站\ebook-converter\数据分析\www.bookconv.com_KeywordReport_2026_8_30.csv
bing_wmt,keyword,,2026-08-30,epub book converter,epub book converter,,,,0,1,0%,8,,E:\一人公司\电子书格式转换站\ebook-converter\数据分析\www.bookconv.com_KeywordReport_2026_8_30.csv
bing_wmt,keyword,,2026-08-30,considering converting a txt file to epub,considering converting a txt file to epub,,,,0,1,0%,3,,E:\一人公司\电子书格式转换站\ebook-converter\数据分析\www.bookconv.com_KeywordReport_2026_8_30.csv
bing_wmt,keyword,,2026-08-30,convertidos online a ebook,convertidos online a ebook,,,,0,1,0%,10,,E:\一人公司\电子书格式转换站\ebook-converter\数据分析\www.bookconv.com_KeywordReport_2026_8_30.csv
bing_wmt,keyword,,2026-08-30,kfx vs azw3,kfx vs azw3,,,,0,1,0%,8,,E:\一人公司\电子书格式转换站\ebook-converter\数据分析\www.bookconv.com_KeywordReport_2026_8_30.csv
bing_wmt,keyword,,2026-08-30,azw3 vs kfx,azw3 vs kfx,,,,0,1,0%,10,,E:\一人公司\电子书格式转换站\ebook-converter\数据分析\www.bookconv.com_KeywordReport_2026_8_30.csv
bing_wmt,keyword,,2026-08-30,paso epub a movi,paso epub a movi,,,,0,1,0%,7,,E:\一人公司\电子书格式转换站\ebook-converter\数据分析\www.bookconv.com_KeywordReport_2026_8_30.csv
bing_wmt,keyword,,2026-08-30,linux epub to pdf,linux epub to pdf,,,,1,1,100%,9,,E:\一人公司\电子书格式转换站\ebook-converter\数据分析\www.bookconv.com_KeywordReport_2026_8_30.csv
bing_wmt,keyword,,2026-08-30,kfmonkobomobileread,kfmonkobomobileread,,,,0,1,0%,7,,E:\一人公司\电子书格式转换站\ebook-converter\数据分析\www.bookconv.com_KeywordReport_2026_8_30.csv
bing_wmt,keyword,,2026-08-30,can readera open azw3 files,can readera open azw3 files,,,,0,1,0%,4,,E:\一人公司\电子书格式转换站\ebook-converter\数据分析\www.bookconv.com_KeywordReport_2026_8_30.csv
bing_wmt,keyword,,2026-08-30,is kindle edition format book can read in ios books app,is kindle edition format book can read in ios books app,,,,0,1,0%,2,,E:\一人公司\电子书格式转换站\ebook-converter\数据分析\www.bookconv.com_KeywordReport_2026_8_30.csv
bing_wmt,keyword,,2026-08-30,app convert ebook size from kb to 750mb,app convert ebook size from kb to 750mb,,,,0,1,0%,9,,E:\一人公司\电子书格式转换站\ebook-converter\数据分析\www.bookconv.com_KeywordReport_2026_8_30.csv
bing_wmt,keyword,,2026-08-30,mobi oder azw3 format,mobi oder azw3 format,,,,0,1,0%,10,,E:\一人公司\电子书格式转换站\ebook-converter\数据分析\www.bookconv.com_KeywordReport_2026_8_30.csv
bing_wmt,keyword,,2026-08-30,can you convert kobo ebooks to pdf,can you convert kobo ebooks to pdf,,,,0,1,0%,10,,E:\一人公司\电子书格式转换站\ebook-converter\数据分析\www.bookconv.com_KeywordReport_2026_8_30.csv
bing_wmt,keyword,,2026-08-30,when converting epub file to pdf file pagination disappears how to fix,when converting epub file to pdf file pagination disappears how to fix,,,,0,1,0%,1,,E:\一人公司\电子书格式转换站\ebook-converter\数据分析\www.bookconv.com_KeywordReport_2026_8_30.csv
bing_wmt,keyword,,2026-08-30,tipos formatos e-book epub estándar abierto,tipos formatos e-book epub estándar abierto,,,,0,1,0%,7,,E:\一人公司\电子书格式转换站\ebook-converter\数据分析\www.bookconv.com_KeywordReport_2026_8_30.csv
bing_wmt,keyword,,2026-08-30,i have converted an e-book from mobi to epub but how do i get to read it now,i have converted an e-book from mobi to epub but how do i get to read it now,,,,0,1,0%,2,,E:\一人公司\电子书格式转换站\ebook-converter\数据分析\www.bookconv.com_KeywordReport_2026_8_30.csv
bing_wmt,keyword,,2026-08-30,can calibre convert djvu to pdf,can calibre convert djvu to pdf,,,,0,1,0%,8,,E:\一人公司\电子书格式转换站\ebook-converter\数据分析\www.bookconv.com_KeywordReport_2026_8_30.csv
bing_wmt,keyword,,2026-08-30,que es el formato azw3 - epub,que es el formato azw3 - epub,,,,0,1,0%,5,,E:\一人公司\电子书格式转换站\ebook-converter\数据分析\www.bookconv.com_KeywordReport_2026_8_30.csv
bing_wmt,keyword,,2026-08-30,my formatting is completely wack after converting from txt to epub,my formatting is completely wack after converting from txt to epub,,,,0,1,0%,4,,E:\一人公司\电子书格式转换站\ebook-converter\数据分析\www.bookconv.com_KeywordReport_2026_8_30.csv
bing_wmt,keyword,,2026-08-30,how to convert a book from kobo to pdf or epub for remarkable,how to convert a book from kobo to pdf or epub for remarkable,,,,0,1,0%,2,,E:\一人公司\电子书格式转换站\ebook-converter\数据分析\www.bookconv.com_KeywordReport_2026_8_30.csv
bing_wmt,keyword,,2026-08-30,epub 2 vs 3,epub 2 vs 3,,,,0,1,0%,5,,E:\一人公司\电子书格式转换站\ebook-converter\数据分析\www.bookconv.com_KeywordReport_2026_8_30.csv
bing_wmt,keyword,,2026-08-30,kobo to epub,kobo to epub,,,,1,1,100%,4,,E:\一人公司\电子书格式转换站\ebook-converter\数据分析\www.bookconv.com_KeywordReport_2026_8_30.csv
bing_wmt,keyword,,2026-08-30,does kindle support azw3?,does kindle support azw3?,,,,0,1,0%,3,,E:\一人公司\电子书格式转换站\ebook-converter\数据分析\www.bookconv.com_KeywordReport_2026_8_30.csv
bing_wmt,keyword,,2026-08-30,de lit (microsoft reader ebook a epubf+,de lit (microsoft reader ebook a epubf+,,,,0,1,0%,3,,E:\一人公司\电子书格式转换站\ebook-converter\数据分析\www.bookconv.com_KeywordReport_2026_8_30.csv
bing_wmt,keyword,,2026-08-30,"el kindle de microsof store en qué formato está, mobi o es de otro tipo?","el kindle de microsof store en qué formato está, mobi  o es de otro tipo?",,,,0,1,0%,3,,E:\一人公司\电子书格式转换站\ebook-converter\数据分析\www.bookconv.com_KeywordReport_2026_8_30.csv
bing_wmt,keyword,,2026-08-30,ebook convertidor,ebook convertidor,,,,0,1,0%,7,,E:\一人公司\电子书格式转换站\ebook-converter\数据分析\www.bookconv.com_KeywordReport_2026_8_30.csv
bing_wmt,keyword,,2026-08-30,how to convert a book from kobo to pdf or epub for remarkable. its downloaded as a .acsm,how to convert a book from kobo to pdf or epub for remarkable. its downloaded as a .acsm,,,,0,1,0%,2,,E:\一人公司\电子书格式转换站\ebook-converter\数据分析\www.bookconv.com_KeywordReport_2026_8_30.csv
bing_wmt,keyword,,2026-08-30,ebub to zip,ebub to zip,,,,0,1,0%,6,,E:\一人公司\电子书格式转换站\ebook-converter\数据分析\www.bookconv.com_KeywordReport_2026_8_30.csv
bing_wmt,keyword,,2026-08-30,can't convert kobo books to epub xteink,can't convert kobo books to epub xteink,,,,0,1,0%,6,,E:\一人公司\电子书格式转换站\ebook-converter\数据分析\www.bookconv.com_KeywordReport_2026_8_30.csv
bing_wmt,keyword,,2026-08-30,kobo interop compatibility wook,kobo interop compatibility wook,,,,0,1,0%,2,,E:\一人公司\电子书格式转换站\ebook-converter\数据分析\www.bookconv.com_KeywordReport_2026_8_30.csv
bing_wmt,keyword,,2026-08-30,kobo cant open converted epub,kobo cant open converted epub,,,,0,1,0%,8,,E:\一人公司\电子书格式转换站\ebook-converter\数据分析\www.bookconv.com_KeywordReport_2026_8_30.csv
bing_wmt,keyword,,2026-08-30,formato .epub y .mobi.,formato .epub y .mobi.,,,,0,1,0%,9,,E:\一人公司\电子书格式转换站\ebook-converter\数据分析\www.bookconv.com_KeywordReport_2026_8_30.csv
bing_wmt,keyword,,2026-08-30,mobi vs azw3 kindle,mobi vs azw3 kindle,,,,0,1,0%,4,,E:\一人公司\电子书格式转换站\ebook-converter\数据分析\www.bookconv.com_KeywordReport_2026_8_30.csv
bing_wmt,keyword,,2026-08-30,formato azw3 kindle,formato azw3 kindle,,,,0,1,0%,10,,E:\一人公司\电子书格式转换站\ebook-converter\数据分析\www.bookconv.com_KeywordReport_2026_8_30.csv
bing_wmt,keyword,,2026-08-30,what is the difference between azw and mobi formats?,what is the difference between azw and mobi formats?,,,,0,1,0%,3,,E:\一人公司\电子书格式转换站\ebook-converter\数据分析\www.bookconv.com_KeywordReport_2026_8_30.csv
bing_wmt,keyword,,2026-08-30,kindle kfx format,kindle kfx format,,,,0,1,0%,7,,E:\一人公司\电子书格式转换站\ebook-converter\数据分析\www.bookconv.com_KeywordReport_2026_8_30.csv
bing_wmt,keyword,,2026-08-30,"how to convert a book from kobo to pdf or epub for remarkable, on chromebook its downloaded as a .acsm","how to convert a book from kobo to pdf or epub for remarkable, on chromebook its downloaded as a .acsm",,,,0,1,0%,2,,E:\一人公司\电子书格式转换站\ebook-converter\数据分析\www.bookconv.com_KeywordReport_2026_8_30.csv
bing_wmt,keyword,,2026-08-30,can i browse the azw3 container?,can i browse the azw3 container?,,,,0,1,0%,5,,E:\一人公司\电子书格式转换站\ebook-converter\数据分析\www.bookconv.com_KeywordReport_2026_8_30.csv
bing_wmt,keyword,,2026-08-30,htpps://ebook.online-convert.com/es/convertir.a.epub,htpps://ebook.online-convert.com/es/convertir.a.epub,,,,0,1,0%,5,,E:\一人公司\电子书格式转换站\ebook-converter\数据分析\www.bookconv.com_KeywordReport_2026_8_30.csv
bing_wmt,keyword,,2026-08-30,can amazon kindle fire read azw3,can amazon kindle fire read azw3,,,,0,1,0%,2,,E:\一人公司\电子书格式转换站\ebook-converter\数据分析\www.bookconv.com_KeywordReport_2026_8_30.csv
bing_wmt,keyword,,2026-08-30,azw3 es lo mismo ue epub?,azw3 es lo mismo ue epub?,,,,0,1,0%,1,,E:\一人公司\电子书格式转换站\ebook-converter\数据分析\www.bookconv.com_KeywordReport_2026_8_30.csv
bing_wmt,keyword,,2026-08-30,do i need a kebup for my kobo epub file?,do i need a kebup for my kobo epub file?,,,,0,1,0%,10,,E:\一人公司\电子书格式转换站\ebook-converter\数据分析\www.bookconv.com_KeywordReport_2026_8_30.csv
bing_wmt,keyword,,2026-08-30,best free ebook converter,best free ebook converter,,,,0,1,0%,3,,E:\一人公司\电子书格式转换站\ebook-converter\数据分析\www.bookconv.com_KeywordReport_2026_8_30.csv
bing_wmt,keyword,,2026-08-30,how to turn kobo epub to epub,how to turn kobo epub to epub,,,,0,1,0%,1,,E:\一人公司\电子书格式转换站\ebook-converter\数据分析\www.bookconv.com_KeywordReport_2026_8_30.csv
bing_wmt,keyword,,2026-08-30,mobi kf8 azw3 format specification,mobi kf8 azw3 format specification,,,,0,1,0%,7,,E:\一人公司\电子书格式转换站\ebook-converter\数据分析\www.bookconv.com_KeywordReport_2026_8_30.csv
bing_wmt,keyword,,2026-08-30,should i convert epub to azw3 or kfx for kindle scribe calibre,should i convert epub to azw3 or kfx for kindle scribe calibre,,,,0,1,0%,1,,E:\一人公司\电子书格式转换站\ebook-converter\数据分析\www.bookconv.com_KeywordReport_2026_8_30.csv
bing_wmt,keyword,,2026-08-30,how to convert a .cbr into .pdf using sumatra pdf,how to convert a .cbr into .pdf using sumatra pdf,,,,0,1,0%,7,,E:\一人公司\电子书格式转换站\ebook-converter\数据分析\www.bookconv.com_KeywordReport_2026_8_30.csv
bing_wmt,keyword,,2026-08-30,kobo epub conversion,kobo epub conversion,,,,0,1,0%,6,,E:\一人公司\电子书格式转换站\ebook-converter\数据分析\www.bookconv.com_KeywordReport_2026_8_30.csv
bing_wmt,keyword,,2026-08-30,conversion booksnwritingofficial vers epub,conversion booksnwritingofficial vers epub,,,,0,1,0%,7,,E:\一人公司\电子书格式转换站\ebook-converter\数据分析\www.bookconv.com_KeywordReport_2026_8_30.csv
bing_wmt,keyword,,2026-08-30,current kindle format,current kindle format,,,,0,1,0%,6,,E:\一人公司\电子书格式转换站\ebook-converter\数据分析\www.bookconv.com_KeywordReport_2026_8_30.csv
bing_wmt,keyword,,2026-08-30,can amazon kindle read azw3,can amazon kindle read azw3,,,,1,1,100%,1,,E:\一人公司\电子书格式转换站\ebook-converter\数据分析\www.bookconv.com_KeywordReport_2026_8_30.csv
bing_wmt,keyword,,2026-08-30,convertidor epub azw3 mobi descarga,convertidor epub azw3 mobi descarga,,,,0,1,0%,5,,E:\一人公司\电子书格式转换站\ebook-converter\数据分析\www.bookconv.com_KeywordReport_2026_8_30.csv
bing_wmt,keyword,,2026-08-30,kinlde azw files compatibility reader 2013,kinlde azw files compatibility reader 2013,,,,1,1,100%,2,,E:\一人公司\电子书格式转换站\ebook-converter\数据分析\www.bookconv.com_KeywordReport_2026_8_30.csv
bing_wmt,keyword,,2026-08-30,should i convert epub to azw3 or kfx for kindle scribe,should i convert epub to azw3 or kfx for kindle scribe,,,,1,1,100%,1,,E:\一人公司\电子书格式转换站\ebook-converter\数据分析\www.bookconv.com_KeywordReport_2026_8_30.csv
bing_wmt,keyword,,2026-08-30,if i am trying to out my kidnle books.on my kobo will they just look like odf?,if i am trying to out my kidnle books.on my kobo will they just look like odf?,,,,0,1,0%,3,,E:\一人公司\电子书格式转换站\ebook-converter\数据分析\www.bookconv.com_KeywordReport_2026_8_30.csv
bing_wmt,keyword,,2026-08-30,"azw3 mobi epub, which is best?","azw3 mobi epub, which is best?",,,,0,1,0%,3,,E:\一人公司\电子书格式转换站\ebook-converter\数据分析\www.bookconv.com_KeywordReport_2026_8_30.csv
bing_wmt,keyword,,2026-08-30,can x3 read azw3,can x3 read azw3,,,,0,1,0%,3,,E:\一人公司\电子书格式转换站\ebook-converter\数据分析\www.bookconv.com_KeywordReport_2026_8_30.csv
bing_wmt,keyword,,2026-08-30,free online converter mobi to epub keep images and formatting,free online converter mobi to epub keep images and formatting,,,,0,1,0%,4,,E:\一人公司\电子书格式转换站\ebook-converter\数据分析\www.bookconv.com_KeywordReport_2026_8_30.csv
bing_wmt,keyword,,2026-08-30,convertidor epub,convertidor epub,,,,0,1,0%,7,,E:\一人公司\电子书格式转换站\ebook-converter\数据分析\www.bookconv.com_KeywordReport_2026_8_30.csv
bing_wmt,keyword,,2026-08-30,ebook format convetrer,ebook format convetrer,,,,0,1,0%,5,,E:\一人公司\电子书格式转换站\ebook-converter\数据分析\www.bookconv.com_KeywordReport_2026_8_30.csv
bing_wmt,keyword,,2026-08-30,"pdf,djvu,epub,fb2,mobi,azw3,doc,docx,rtf,cbr,cbz,,zip,rar,txt,odt,chm games","pdf,djvu,epub,fb2,mobi,azw3,doc,docx,rtf,cbr,cbz,,zip,rar,txt,odt,chm games",,,,0,1,0%,1,,E:\一人公司\电子书格式转换站\ebook-converter\数据分析\www.bookconv.com_KeywordReport_2026_8_30.csv
bing_wmt,keyword,,2026-08-30,epub to pdf linux,epub to pdf linux,,,,0,1,0%,8,,E:\一人公司\电子书格式转换站\ebook-converter\数据分析\www.bookconv.com_KeywordReport_2026_8_30.csv
bing_wmt,keyword,,2026-08-30,"pdf,djvu,epub,fb2,mobi,azw3,doc,docx,rtf,cbr,cbz,,zip,rar,txt,odt,chm","pdf,djvu,epub,fb2,mobi,azw3,doc,docx,rtf,cbr,cbz,,zip,rar,txt,odt,chm",,,,0,1,0%,1,,E:\一人公司\电子书格式转换站\ebook-converter\数据分析\www.bookconv.com_KeywordReport_2026_8_30.csv
bing_wmt,keyword,,2026-08-30,kfx kindle,kfx kindle,,,,0,1,0%,4,,E:\一人公司\电子书格式转换站\ebook-converter\数据分析\www.bookconv.com_KeywordReport_2026_8_30.csv
bing_wmt,keyword,,2026-08-30,+commandandconvertbook,+commandandconvertbook,,,,0,1,0%,4,,E:\一人公司\电子书格式转换站\ebook-converter\数据分析\www.bookconv.com_KeywordReport_2026_8_30.csv
bing_wmt,keyword,,2026-08-30,why does converting epub to pdf result in smaller viewing area?,why does converting epub to pdf result in smaller viewing area?,,,,1,1,100%,1,,E:\一人公司\电子书格式转换站\ebook-converter\数据分析\www.bookconv.com_KeywordReport_2026_8_30.csv
bing_wmt,keyword,,2026-08-30,azw3 vs mobi for kindle,azw3 vs mobi for kindle,,,,0,1,0%,3,,E:\一人公司\电子书格式转换站\ebook-converter\数据分析\www.bookconv.com_KeywordReport_2026_8_30.csv
bing_wmt,keyword,,2026-08-30,azw3 format,azw3 format,,,,0,1,0%,10,,E:\一人公司\电子书格式转换站\ebook-converter\数据分析\www.bookconv.com_KeywordReport_2026_8_30.csv
bing_wmt,keyword,,2026-08-30,convertidor epub gratis,convertidor epub gratis,,,,0,1,0%,7,,E:\一人公司\电子书格式转换站\ebook-converter\数据分析\www.bookconv.com_KeywordReport_2026_8_30.csv
bing_wmt,keyword,,2026-08-30,cbr to pdf scale so all pages are exactly the same,cbr to pdf scale so all pages are exactly the same,,,,0,1,0%,2,,E:\一人公司\电子书格式转换站\ebook-converter\数据分析\www.bookconv.com_KeywordReport_2026_8_30.csv
bing_wmt,keyword,,2026-08-30,2012 kindle black won't read azw file,2012 kindle black won't read azw file,,,,0,1,0%,1,,E:\一人公司\电子书格式转换站\ebook-converter\数据分析\www.bookconv.com_KeywordReport_2026_8_30.csv
bing_wmt,keyword,,2026-08-30,output .epub to plaintext,output .epub to plaintext,,,,0,1,0%,8,,E:\一人公司\电子书格式转换站\ebook-converter\数据分析\www.bookconv.com_KeywordReport_2026_8_30.csv
bing_wmt,keyword,,2026-08-30,not all books work in kindle format right yes no,not all books work in kindle format right yes no,,,,0,1,0%,3,,E:\一人公司\电子书格式转换站\ebook-converter\数据分析\www.bookconv.com_KeywordReport_2026_8_30.csv
bing_wmt,keyword,,2026-09-03,bookconv,bookconv,,,,1,7,14.290000000000001%,3.571414285714286,,E:\一人公司\电子书格式转换站\ebook-converter\数据分析\www.bookconv.com_KeywordReport_2026_9_3.csv
bing_wmt,keyword,,2026-09-03,azw3 vs mobi,azw3 vs mobi,,,,1,6,16.67%,4.5,,E:\一人公司\电子书格式转换站\ebook-converter\数据分析\www.bookconv.com_KeywordReport_2026_9_3.csv
bing_wmt,keyword,,2026-09-03,txt+pdf+epub+mobi+azw3,txt+pdf+epub+mobi+azw3,,,,0,4,0%,2,,E:\一人公司\电子书格式转换站\ebook-converter\数据分析\www.bookconv.com_KeywordReport_2026_9_3.csv
bing_wmt,keyword,,2026-09-03,kindle edition format azw3 kfx mobi,kindle edition format azw3 kfx mobi,,,,0,4,0%,2.5,,E:\一人公司\电子书格式转换站\ebook-converter\数据分析\www.bookconv.com_KeywordReport_2026_9_3.csv
bing_wmt,keyword,,2026-09-03,лучший формат для kindle paperwhite 2 mobi vs azw3,лучший формат для kindle paperwhite 2 mobi vs azw3,,,,0,4,0%,2,,E:\一人公司\电子书格式转换站\ebook-converter\数据分析\www.bookconv.com_KeywordReport_2026_9_3.csv
bing_wmt,keyword,,2026-09-03,mejor formato para convertir a pdf azw3 epub mobiliario,mejor formato para convertir a pdf azw3 epub mobiliario,,,,0,4,0%,5.75,,E:\一人公司\电子书格式转换站\ebook-converter\数据分析\www.bookconv.com_KeywordReport_2026_9_3.csv
bing_wmt,keyword,,2026-09-03,how to convert mobi to epub keep format and images,how to convert mobi to epub keep format and images,,,,0,4,0%,1.75,,E:\一人公司\电子书格式转换站\ebook-converter\数据分析\www.bookconv.com_KeywordReport_2026_9_3.csv
bing_wmt,keyword,,2026-09-03,convert epub to azw3 for kindle 2025 2026,convert epub to azw3 for kindle 2025 2026,,,,0,4,0%,4.25,,E:\一人公司\电子书格式转换站\ebook-converter\数据分析\www.bookconv.com_KeywordReport_2026_9_3.csv
bing_wmt,keyword,,2026-09-03,any loss during epub convert to mobi,any loss during epub convert to mobi,,,,0,3,0%,5.3333,,E:\一人公司\电子书格式转换站\ebook-converter\数据分析\www.bookconv.com_KeywordReport_2026_9_3.csv
bing_wmt,keyword,,2026-09-03,how to preserve pdf order in epub,how to preserve pdf order in epub,,,,0,3,0%,4.3333,,E:\一人公司\电子书格式转换站\ebook-converter\数据分析\www.bookconv.com_KeywordReport_2026_9_3.csv
bing_wmt,keyword,,2026-09-03,como convertir de mobi a epub,como convertir de mobi a epub,,,,0,3,0%,9,,E:\一人公司\电子书格式转换站\ebook-converter\数据分析\www.bookconv.com_KeywordReport_2026_9_3.csv
bing_wmt,keyword,,2026-09-03,kindle supported file formats 2025 2026 azw kfx mobi epub pdf,kindle supported file formats 2025 2026 azw kfx mobi epub pdf,,,,0,3,0%,6.6667,,E:\一人公司\电子书格式转换站\ebook-converter\数据分析\www.bookconv.com_KeywordReport_2026_9_3.csv
bing_wmt,keyword,,2026-09-03,is fire tablet usable with marcia mobi,is fire tablet usable with marcia mobi,,,,0,3,0%,1,,E:\一人公司\电子书格式转换站\ebook-converter\数据分析\www.bookconv.com_KeywordReport_2026_9_3.csv
bing_wmt,keyword,,2026-09-03,epub vs cbz for kindle,epub vs cbz for kindle,,,,0,2,0%,4,,E:\一人公司\电子书格式转换站\ebook-converter\数据分析\www.bookconv.com_KeywordReport_2026_9_3.csv
bing_wmt,keyword,,2026-09-03,what tyrpe of files can kindle open on fire mobi,what tyrpe of files can kindle open on fire mobi,,,,1,2,50%,3,,E:\一人公司\电子书格式转换站\ebook-converter\数据分析\www.bookconv.com_KeywordReport_2026_9_3.csv
bing_wmt,keyword,,2026-09-03,free full pdf ebook converter,free full pdf ebook converter,,,,0,2,0%,8,,E:\一人公司\电子书格式转换站\ebook-converter\数据分析\www.bookconv.com_KeywordReport_2026_9_3.csv
bing_wmt,keyword,,2026-09-03,convertidor ebook,convertidor ebook,,,,0,2,0%,6,,E:\一人公司\电子书格式转换站\ebook-converter\数据分析\www.bookconv.com_KeywordReport_2026_9_3.csv
bing_wmt,keyword,,2026-09-03,does kobo support the mobi format,does kobo support the mobi format,,,,0,2,0%,5,,E:\一人公司\电子书格式转换站\ebook-converter\数据分析\www.bookconv.com_KeywordReport_2026_9_3.csv
bing_wmt,keyword,,2026-09-03,convertidor de formatos epub,convertidor de formatos epub,,,,0,2,0%,7,,E:\一人公司\电子书格式转换站\ebook-converter\数据分析\www.bookconv.com_KeywordReport_2026_9_3.csv
bing_wmt,keyword,,2026-09-03,can a kindle scribe read azw3 files,can a kindle scribe read azw3 files,,,,0,2,0%,1,,E:\一人公司\电子书格式转换站\ebook-converter\数据分析\www.bookconv.com_KeywordReport_2026_9_3.csv
bing_wmt,keyword,,2026-09-03,calibre turn txt to epub,calibre turn txt to epub,,,,0,2,0%,9,,E:\一人公司\电子书格式转换站\ebook-converter\数据分析\www.bookconv.com_KeywordReport_2026_9_3.csv
bing_wmt,keyword,,2026-09-03,epub to azw3 keeping images,epub to azw3 keeping images,,,,1,2,50%,2,,E:\一人公司\电子书格式转换站\ebook-converter\数据分析\www.bookconv.com_KeywordReport_2026_9_3.csv
bing_wmt,keyword,,2026-09-03,calibre online converter,calibre online converter,,,,0,2,0%,9,,E:\一人公司\电子书格式转换站\ebook-converter\数据分析\www.bookconv.com_KeywordReport_2026_9_3.csv
bing_wmt,keyword,,2026-09-03,kindle does it read mobi or azw3?,kindle does it read mobi or azw3?,,,,0,2,0%,2.5,,E:\一人公司\电子书格式转换站\ebook-converter\数据分析\www.bookconv.com_KeywordReport_2026_9_3.csv
bing_wmt,keyword,,2026-09-03,convertidor libros on line,convertidor libros on line,,,,0,2,0%,6,,E:\一人公司\电子书格式转换站\ebook-converter\数据分析\www.bookconv.com_KeywordReport_2026_9_3.csv
bing_wmt,keyword,,2026-09-03,are azw3 appropriate for mondern kindle?,are azw3 appropriate for mondern kindle?,,,,0,2,0%,3,,E:\一人公司\电子书格式转换站\ebook-converter\数据分析\www.bookconv.com_KeywordReport_2026_9_3.csv
bing_wmt,keyword,,2026-09-03,convert kobo books to epub,convert kobo books to epub,,,,0,2,0%,4,,E:\一人公司\电子书格式转换站\ebook-converter\数据分析\www.bookconv.com_KeywordReport_2026_9_3.csv
bing_wmt,keyword,,2026-09-03,do kindles use epub or azw3,do kindles use epub or azw3,,,,0,2,0%,4,,E:\一人公司\电子书格式转换站\ebook-converter\数据分析\www.bookconv.com_KeywordReport_2026_9_3.csv
bing_wmt,keyword,,2026-09-03,online converter to epub with no limit on size and where you dont need to add any personal information ie email address,online converter to epub with no  limit on size and where you dont need to add any personal information ie email address,,,,0,2,0%,7,,E:\一人公司\电子书格式转换站\ebook-converter\数据分析\www.bookconv.com_KeywordReport_2026_9_3.csv
bing_wmt,keyword,,2026-09-03,epub to mobi keeping images,epub to mobi keeping images,,,,1,2,50%,1,,E:\一人公司\电子书格式转换站\ebook-converter\数据分析\www.bookconv.com_KeywordReport_2026_9_3.csv
bing_wmt,keyword,,2026-09-03,azw3 format kobo,azw3 format kobo,,,,0,2,0%,3,,E:\一人公司\电子书格式转换站\ebook-converter\数据分析\www.bookconv.com_KeywordReport_2026_9_3.csv
bing_wmt,keyword,,2026-09-03,kobo to epub converter,kobo to epub converter,,,,0,2,0%,5.5,,E:\一人公司\电子书格式转换站\ebook-converter\数据分析\www.bookconv.com_KeywordReport_2026_9_3.csv
bing_wmt,keyword,,2026-09-03,paso de epub a mobi,paso de epub a mobi,,,,0,2,0%,8.5,,E:\一人公司\电子书格式转换站\ebook-converter\数据分析\www.bookconv.com_KeywordReport_2026_9_3.csv
bing_wmt,keyword,,2026-09-03,kindle azw3 or mobi,kindle azw3 or mobi,,,,0,2,0%,6.5,,E:\一人公司\电子书格式转换站\ebook-converter\数据分析\www.bookconv.com_KeywordReport_2026_9_3.csv
bing_wmt,keyword,,2026-09-03,kobo supported file formats epub overdrive library vs kindle send to kindle epub support official,kobo supported file formats epub overdrive library vs kindle send to kindle epub support official,,,,0,2,0%,3,,E:\一人公司\电子书格式转换站\ebook-converter\数据分析\www.bookconv.com_KeywordReport_2026_9_3.csv
bing_wmt,keyword,,2026-09-03,mobi for kindle transfers to kobo,mobi for kindle transfers to kobo,,,,0,2,0%,2.5,,E:\一人公司\电子书格式转换站\ebook-converter\数据分析\www.bookconv.com_KeywordReport_2026_9_3.csv
bing_wmt,keyword,,2026-09-03,azw3 or epub for kindle paperwhite 6,azw3 or epub for kindle paperwhite 6,,,,0,2,0%,1.5,,E:\一人公司\电子书格式转换站\ebook-converter\数据分析\www.bookconv.com_KeywordReport_2026_9_3.csv
bing_wmt,keyword,,2026-09-03,can kobo use azw3 files,can kobo use azw3 files,,,,0,2,0%,5.5,,E:\一人公司\电子书格式转换站\ebook-converter\数据分析\www.bookconv.com_KeywordReport_2026_9_3.csv
bing_wmt,keyword,,2026-09-03,kindle azw3 or mobi which better,kindle azw3 or mobi which better,,,,0,2,0%,4,,E:\一人公司\电子书格式转换站\ebook-converter\数据分析\www.bookconv.com_KeywordReport_2026_9_3.csv
bing_wmt,keyword,,2026-09-03,epub to pdf for linux converter,epub to pdf for linux converter,,,,0,2,0%,1,,E:\一人公司\电子书格式转换站\ebook-converter\数据分析\www.bookconv.com_KeywordReport_2026_9_3.csv
bing_wmt,keyword,,2026-09-03,kindle paperwhite better version mobi or azw3,kindle paperwhite better version mobi or azw3,,,,0,2,0%,3,,E:\一人公司\电子书格式转换站\ebook-converter\数据分析\www.bookconv.com_KeywordReport_2026_9_3.csv
bing_wmt,keyword,,2026-09-03,epub to zip,epub to zip,,,,0,2,0%,6,,E:\一人公司\电子书格式转换站\ebook-converter\数据分析\www.bookconv.com_KeywordReport_2026_9_3.csv
bing_wmt,keyword,,2026-09-03,how to preserve formatting of epub document when converting to pdf,how to preserve formatting of epub document when converting to pdf,,,,0,2,0%,6,,E:\一人公司\电子书格式转换站\ebook-converter\数据分析\www.bookconv.com_KeywordReport_2026_9_3.csv
bing_wmt,keyword,,2026-09-03,kobo vs kindle format compatibility,kobo vs kindle format compatibility,,,,1,2,50%,2.5,,E:\一人公司\电子书格式转换站\ebook-converter\数据分析\www.bookconv.com_KeywordReport_2026_9_3.csv
bing_wmt,keyword,,2026-09-03,mobi vs epub in kindle master vs legacy format the difference,mobi vs epub in kindle master vs legacy format the difference,,,,0,1,0%,4,,E:\一人公司\电子书格式转换站\ebook-converter\数据分析\www.bookconv.com_KeywordReport_2026_9_3.csv
bing_wmt,keyword,,2026-09-03,convertidor onlin ebook,convertidor onlin ebook,,,,0,1,0%,6,,E:\一人公司\电子书格式转换站\ebook-converter\数据分析\www.bookconv.com_KeywordReport_2026_9_3.csv
bing_wmt,keyword,,2026-09-03,when did kindle start accepting azw3,when did kindle start accepting azw3,,,,0,1,0%,2,,E:\一人公司\电子书格式转换站\ebook-converter\数据分析\www.bookconv.com_KeywordReport_2026_9_3.csv
bing_wmt,keyword,,2026-09-03,ebook converter online,ebook converter online,,,,0,1,0%,9,,E:\一人公司\电子书格式转换站\ebook-converter\数据分析\www.bookconv.com_KeywordReport_2026_9_3.csv
bing_wmt,keyword,,2026-09-03,epub to pdf linux command line,epub to pdf linux command line,,,,0,1,0%,4,,E:\一人公司\电子书格式转换站\ebook-converter\数据分析\www.bookconv.com_KeywordReport_2026_9_3.csv
bing_wmt,keyword,,2026-09-03,what format are books on kindle,what format are books on kindle,,,,0,1,0%,6,,E:\一人公司\电子书格式转换站\ebook-converter\数据分析\www.bookconv.com_KeywordReport_2026_9_3.csv
bing_wmt,keyword,,2026-09-03,can kindle run aseprite,can kindle run aseprite,,,,0,1,0%,2,,E:\一人公司\电子书格式转换站\ebook-converter\数据分析\www.bookconv.com_KeywordReport_2026_9_3.csv
bing_wmt,keyword,,2026-09-03,is mobi compatible with kindle paperwhite,is mobi compatible with kindle paperwhite,,,,0,1,0%,5,,E:\一人公司\电子书格式转换站\ebook-converter\数据分析\www.bookconv.com_KeywordReport_2026_9_3.csv
bing_wmt,keyword,,2026-09-03,"azw, kfx ou mo","azw, kfx ou mo",,,,0,1,0%,7,,E:\一人公司\电子书格式转换站\ebook-converter\数据分析\www.bookconv.com_KeywordReport_2026_9_3.csv
bing_wmt,keyword,,2026-09-03,who formed the small file azw3 mobi or epub,who formed the small file azw3 mobi or epub,,,,0,1,0%,4,,E:\一人公司\电子书格式转换站\ebook-converter\数据分析\www.bookconv.com_KeywordReport_2026_9_3.csv
bing_wmt,keyword,,2026-09-03,mobi vs azw3,mobi vs azw3,,,,0,1,0%,4,,E:\一人公司\电子书格式转换站\ebook-converter\数据分析\www.bookconv.com_KeywordReport_2026_9_3.csv
bing_wmt,keyword,,2026-09-03,my ebook fails to open on kindle,my ebook fails to open on kindle,,,,1,1,100%,2,,E:\一人公司\电子书格式转换站\ebook-converter\数据分析\www.bookconv.com_KeywordReport_2026_9_3.csv
bing_wmt,keyword,,2026-09-03,how to turn kepub to epub,how to turn kepub to epub,,,,0,1,0%,4,,E:\一人公司\电子书格式转换站\ebook-converter\数据分析\www.bookconv.com_KeywordReport_2026_9_3.csv
bing_wmt,keyword,,2026-09-03,mobi vs epub which is better,mobi vs epub which is better,,,,0,1,0%,7,,E:\一人公司\电子书格式转换站\ebook-converter\数据分析\www.bookconv.com_KeywordReport_2026_9_3.csv
bing_wmt,keyword,,2026-09-03,new kindle books formats,new kindle books formats,,,,0,1,0%,8,,E:\一人公司\电子书格式转换站\ebook-converter\数据分析\www.bookconv.com_KeywordReport_2026_9_3.csv
bing_wmt,keyword,,2026-09-03,can kindle read azw3,can kindle read azw3,,,,0,1,0%,2,,E:\一人公司\电子书格式转换站\ebook-converter\数据分析\www.bookconv.com_KeywordReport_2026_9_3.csv
bing_wmt,keyword,,2026-09-03,kindle epub metadata compatible,kindle epub metadata compatible,,,,0,1,0%,8,,E:\一人公司\电子书格式转换站\ebook-converter\数据分析\www.bookconv.com_KeywordReport_2026_9_3.csv
bing_wmt,keyword,,2026-09-03,convert azw3 to mobi on calibre,convert azw3 to mobi on calibre,,,,0,1,0%,8,,E:\一人公司\电子书格式转换站\ebook-converter\数据分析\www.bookconv.com_KeywordReport_2026_9_3.csv
bing_wmt,keyword,,2026-09-03,why is kindle not accepting azw3,why is kindle not accepting azw3,,,,0,1,0%,3,,E:\一人公司\电子书格式转换站\ebook-converter\数据分析\www.bookconv.com_KeywordReport_2026_9_3.csv
bing_wmt,keyword,,2026-09-03,online ebook converter,online ebook converter,,,,0,1,0%,8,,E:\一人公司\电子书格式转换站\ebook-converter\数据分析\www.bookconv.com_KeywordReport_2026_9_3.csv
bing_wmt,keyword,,2026-09-03,kindle format az,kindle format az,,,,0,1,0%,6,,E:\一人公司\电子书格式转换站\ebook-converter\数据分析\www.bookconv.com_KeywordReport_2026_9_3.csv
bing_wmt,keyword,,2026-09-03,calibre epub to pdf missing images,calibre epub to pdf missing images,,,,0,1,0%,1,,E:\一人公司\电子书格式转换站\ebook-converter\数据分析\www.bookconv.com_KeywordReport_2026_9_3.csv
bing_wmt,keyword,,2026-09-03,what is an fb2 file and can it be converted to epub?,what is an fb2 file and can it be converted to epub?,,,,0,1,0%,4,,E:\一人公司\电子书格式转换站\ebook-converter\数据分析\www.bookconv.com_KeywordReport_2026_9_3.csv
bing_wmt,keyword,,2026-09-03,how to sync my kindle and iphone to exavt reading pace,how to sync my kindle and iphone to exavt reading pace,,,,0,1,0%,4,,E:\一人公司\电子书格式转换站\ebook-converter\数据分析\www.bookconv.com_KeywordReport_2026_9_3.csv
bing_wmt,keyword,,2026-09-03,epub version 2 vs 3,epub version 2 vs 3,,,,0,1,0%,5,,E:\一人公司\电子书格式转换站\ebook-converter\数据分析\www.bookconv.com_KeywordReport_2026_9_3.csv
bing_wmt,keyword,,2026-09-03,convertir epub a mobi sin límite,convertir epub a mobi sin límite,,,,0,1,0%,6,,E:\一人公司\电子书格式转换站\ebook-converter\数据分析\www.bookconv.com_KeywordReport_2026_9_3.csv
bing_wmt,keyword,,2026-09-03,e pdf converter,e pdf converter,,,,0,1,0%,159,,E:\一人公司\电子书格式转换站\ebook-converter\数据分析\www.bookconv.com_KeywordReport_2026_9_3.csv
bing_wmt,keyword,,2026-09-03,se pueden pulir libros digitales en azw3 o epub,se pueden pulir libros digitales en azw3 o epub,,,,0,1,0%,4,,E:\一人公司\电子书格式转换站\ebook-converter\数据分析\www.bookconv.com_KeywordReport_2026_9_3.csv
bing_wmt,keyword,,2026-09-03,avs epub to mobi,avs epub to mobi,,,,0,1,0%,10,,E:\一人公司\电子书格式转换站\ebook-converter\数据分析\www.bookconv.com_KeywordReport_2026_9_3.csv
bing_wmt,keyword,,2026-09-03,"ebook form,ats .lit or .mobi","ebook form,ats .lit or .mobi",,,,0,1,0%,4,,E:\一人公司\电子书格式转换站\ebook-converter\数据分析\www.bookconv.com_KeywordReport_2026_9_3.csv
bing_wmt,keyword,,2026-09-03,cual es el formato que utilisa kindle azu3 o epub,cual es el formato que utilisa kindle azu3 o epub,,,,0,1,0%,9,,E:\一人公司\电子书格式转换站\ebook-converter\数据分析\www.bookconv.com_KeywordReport_2026_9_3.csv
bing_wmt,keyword,,2026-09-03,free pdf converter starts with calibra no adds,free pdf converter starts with calibra no adds,,,,0,1,0%,3,,E:\一人公司\电子书格式转换站\ebook-converter\数据分析\www.bookconv.com_KeywordReport_2026_9_3.csv
bing_wmt,keyword,,2026-09-03,kobo azw3,kobo azw3,,,,0,1,0%,5,,E:\一人公司\电子书格式转换站\ebook-converter\数据分析\www.bookconv.com_KeywordReport_2026_9_3.csv
bing_wmt,keyword,,2026-09-03,mobi/send to kindle not supported for non-kindle profiles,mobi/send to kindle not supported for non-kindle profiles,,,,0,1,0%,4,,E:\一人公司\电子书格式转换站\ebook-converter\数据分析\www.bookconv.com_KeywordReport_2026_9_3.csv
bing_wmt,keyword,,2026-09-03,epub book converter,epub book converter,,,,0,1,0%,8,,E:\一人公司\电子书格式转换站\ebook-converter\数据分析\www.bookconv.com_KeywordReport_2026_9_3.csv
bing_wmt,keyword,,2026-09-03,considering converting a txt file to epub,considering converting a txt file to epub,,,,0,1,0%,3,,E:\一人公司\电子书格式转换站\ebook-converter\数据分析\www.bookconv.com_KeywordReport_2026_9_3.csv
bing_wmt,keyword,,2026-09-03,convertidos online a ebook,convertidos online a ebook,,,,0,1,0%,10,,E:\一人公司\电子书格式转换站\ebook-converter\数据分析\www.bookconv.com_KeywordReport_2026_9_3.csv
bing_wmt,keyword,,2026-09-03,knigi v mobi format,knigi v mobi format,,,,0,1,0%,1,,E:\一人公司\电子书格式转换站\ebook-converter\数据分析\www.bookconv.com_KeywordReport_2026_9_3.csv
bing_wmt,keyword,,2026-09-03,kfx vs azw3,kfx vs azw3,,,,0,1,0%,8,,E:\一人公司\电子书格式转换站\ebook-converter\数据分析\www.bookconv.com_KeywordReport_2026_9_3.csv
bing_wmt,keyword,,2026-09-03,free pdf converter starts with calibre no ads,free pdf converter starts with calibre no ads,,,,0,1,0%,8,,E:\一人公司\电子书格式转换站\ebook-converter\数据分析\www.bookconv.com_KeywordReport_2026_9_3.csv
bing_wmt,keyword,,2026-09-03,azw3 vs kfx,azw3 vs kfx,,,,0,1,0%,10,,E:\一人公司\电子书格式转换站\ebook-converter\数据分析\www.bookconv.com_KeywordReport_2026_9_3.csv
bing_wmt,keyword,,2026-09-03,paso epub a movi,paso epub a movi,,,,0,1,0%,7,,E:\一人公司\电子书格式转换站\ebook-converter\数据分析\www.bookconv.com_KeywordReport_2026_9_3.csv
bing_wmt,keyword,,2026-09-03,what is is the kindle format,what is is the kindle format,,,,0,1,0%,7,,E:\一人公司\电子书格式转换站\ebook-converter\数据分析\www.bookconv.com_KeywordReport_2026_9_3.csv
bing_wmt,keyword,,2026-09-03,linux epub to pdf,linux epub to pdf,,,,1,1,100%,9,,E:\一人公司\电子书格式转换站\ebook-converter\数据分析\www.bookconv.com_KeywordReport_2026_9_3.csv
bing_wmt,keyword,,2026-09-03,why can't i convert kobo plus books to epub,why can't i convert kobo plus books to epub,,,,0,1,0%,2,,E:\一人公司\电子书格式转换站\ebook-converter\数据分析\www.bookconv.com_KeywordReport_2026_9_3.csv
bing_wmt,keyword,,2026-09-03,can i use calibre online without installing,can i use calibre online without installing,,,,0,1,0%,9,,E:\一人公司\电子书格式转换站\ebook-converter\数据分析\www.bookconv.com_KeywordReport_2026_9_3.csv
bing_wmt,keyword,,2026-09-03,should i be concerned about converting my story from word document into epub file,should i be concerned about converting my story from word document into epub file,,,,0,1,0%,4,,E:\一人公司\电子书格式转换站\ebook-converter\数据分析\www.bookconv.com_KeywordReport_2026_9_3.csv
bing_wmt,keyword,,2026-09-03,kfmonkobomobileread,kfmonkobomobileread,,,,0,1,0%,7,,E:\一人公司\电子书格式转换站\ebook-converter\数据分析\www.bookconv.com_KeywordReport_2026_9_3.csv
bing_wmt,keyword,,2026-09-03,can readera open azw3 files,can readera open azw3 files,,,,0,1,0%,4,,E:\一人公司\电子书格式转换站\ebook-converter\数据分析\www.bookconv.com_KeywordReport_2026_9_3.csv
bing_wmt,keyword,,2026-09-03,is kindle edition format book can read in ios books app,is kindle edition format book can read in ios books app,,,,0,1,0%,2,,E:\一人公司\电子书格式转换站\ebook-converter\数据分析\www.bookconv.com_KeywordReport_2026_9_3.csv
bing_wmt,keyword,,2026-09-03,app convert ebook size from kb to 750mb,app convert ebook size from kb to 750mb,,,,0,1,0%,9,,E:\一人公司\电子书格式转换站\ebook-converter\数据分析\www.bookconv.com_KeywordReport_2026_9_3.csv
bing_wmt,keyword,,2026-09-03,mobi oder azw3 format,mobi oder azw3 format,,,,0,1,0%,10,,E:\一人公司\电子书格式转换站\ebook-converter\数据分析\www.bookconv.com_KeywordReport_2026_9_3.csv
bing_wmt,keyword,,2026-09-03,can you convert kobo ebooks to pdf,can you convert kobo ebooks to pdf,,,,0,1,0%,10,,E:\一人公司\电子书格式转换站\ebook-converter\数据分析\www.bookconv.com_KeywordReport_2026_9_3.csv
bing_wmt,keyword,,2026-09-03,lit file to mobi,lit file to mobi,,,,0,1,0%,5,,E:\一人公司\电子书格式转换站\ebook-converter\数据分析\www.bookconv.com_KeywordReport_2026_9_3.csv
bing_wmt,keyword,,2026-09-03,how to sync my book i'm reading,how to sync my book i'm reading,,,,0,1,0%,5,,E:\一人公司\电子书格式转换站\ebook-converter\数据分析\www.bookconv.com_KeywordReport_2026_9_3.csv
bing_wmt,keyword,,2026-09-03,when converting epub file to pdf file pagination disappears how to fix,when converting epub file to pdf file pagination disappears how to fix,,,,0,1,0%,1,,E:\一人公司\电子书格式转换站\ebook-converter\数据分析\www.bookconv.com_KeywordReport_2026_9_3.csv
bing_wmt,keyword,,2026-09-03,tipos formatos e-book epub estándar abierto,tipos formatos e-book epub estándar abierto,,,,0,1,0%,7,,E:\一人公司\电子书格式转换站\ebook-converter\数据分析\www.bookconv.com_KeywordReport_2026_9_3.csv
bing_wmt,keyword,,2026-09-03,i have converted an e-book from mobi to epub but how do i get to read it now,i have converted an e-book from mobi to epub but how do i get to read it now,,,,0,1,0%,2,,E:\一人公司\电子书格式转换站\ebook-converter\数据分析\www.bookconv.com_KeywordReport_2026_9_3.csv
bing_wmt,keyword,,2026-09-03,can calibre convert djvu to pdf,can calibre convert djvu to pdf,,,,0,1,0%,8,,E:\一人公司\电子书格式转换站\ebook-converter\数据分析\www.bookconv.com_KeywordReport_2026_9_3.csv
bing_wmt,keyword,,2026-09-03,que es el formato azw3 - epub,que es el formato azw3 - epub,,,,0,1,0%,5,,E:\一人公司\电子书格式转换站\ebook-converter\数据分析\www.bookconv.com_KeywordReport_2026_9_3.csv
bing_wmt,keyword,,2026-09-03,my formatting is completely wack after converting from txt to epub,my formatting is completely wack after converting from txt to epub,,,,0,1,0%,4,,E:\一人公司\电子书格式转换站\ebook-converter\数据分析\www.bookconv.com_KeywordReport_2026_9_3.csv
bing_wmt,keyword,,2026-09-03,how to convert a book from kobo to pdf or epub for remarkable,how to convert a book from kobo to pdf or epub for remarkable,,,,0,1,0%,2,,E:\一人公司\电子书格式转换站\ebook-converter\数据分析\www.bookconv.com_KeywordReport_2026_9_3.csv
bing_wmt,keyword,,2026-09-03,epub 2 vs 3,epub 2 vs 3,,,,0,1,0%,5,,E:\一人公司\电子书格式转换站\ebook-converter\数据分析\www.bookconv.com_KeywordReport_2026_9_3.csv
bing_wmt,keyword,,2026-09-03,kobo to epub,kobo to epub,,,,1,1,100%,4,,E:\一人公司\电子书格式转换站\ebook-converter\数据分析\www.bookconv.com_KeywordReport_2026_9_3.csv
bing_wmt,keyword,,2026-09-03,does kindle support azw3?,does kindle support azw3?,,,,0,1,0%,3,,E:\一人公司\电子书格式转换站\ebook-converter\数据分析\www.bookconv.com_KeywordReport_2026_9_3.csv
bing_wmt,keyword,,2026-09-03,de lit (microsoft reader ebook a epubf+,de lit (microsoft reader ebook a epubf+,,,,0,1,0%,3,,E:\一人公司\电子书格式转换站\ebook-converter\数据分析\www.bookconv.com_KeywordReport_2026_9_3.csv
bing_wmt,keyword,,2026-09-03,"el kindle de microsof store en qué formato está, mobi o es de otro tipo?","el kindle de microsof store en qué formato está, mobi  o es de otro tipo?",,,,0,1,0%,3,,E:\一人公司\电子书格式转换站\ebook-converter\数据分析\www.bookconv.com_KeywordReport_2026_9_3.csv
bing_wmt,keyword,,2026-09-03,ebook convertidor,ebook convertidor,,,,0,1,0%,7,,E:\一人公司\电子书格式转换站\ebook-converter\数据分析\www.bookconv.com_KeywordReport_2026_9_3.csv
bing_wmt,keyword,,2026-09-03,how to convert a book from kobo to pdf or epub for remarkable. its downloaded as a .acsm,how to convert a book from kobo to pdf or epub for remarkable. its downloaded as a .acsm,,,,0,1,0%,2,,E:\一人公司\电子书格式转换站\ebook-converter\数据分析\www.bookconv.com_KeywordReport_2026_9_3.csv
bing_wmt,keyword,,2026-09-03,i converted pdf to epub but the math and physics symbols are messed up how can i fix it?,i converted pdf to epub but the math and physics symbols are messed up how can i fix it?,,,,0,1,0%,1,,E:\一人公司\电子书格式转换站\ebook-converter\数据分析\www.bookconv.com_KeywordReport_2026_9_3.csv
bing_wmt,keyword,,2026-09-03,ebub to zip,ebub to zip,,,,0,1,0%,6,,E:\一人公司\电子书格式转换站\ebook-converter\数据分析\www.bookconv.com_KeywordReport_2026_9_3.csv
bing_wmt,keyword,,2026-09-03,azw3 epub mobi pdf html is any of these format editable,azw3 epub mobi pdf html is any of these format editable,,,,0,1,0%,8,,E:\一人公司\电子书格式转换站\ebook-converter\数据分析\www.bookconv.com_KeywordReport_2026_9_3.csv
bing_wmt,keyword,,2026-09-03,can't convert kobo books to epub xteink,can't convert kobo books to epub xteink,,,,0,1,0%,6,,E:\一人公司\电子书格式转换站\ebook-converter\数据分析\www.bookconv.com_KeywordReport_2026_9_3.csv
bing_wmt,keyword,,2026-09-03,kobo interop compatibility wook,kobo interop compatibility wook,,,,0,1,0%,2,,E:\一人公司\电子书格式转换站\ebook-converter\数据分析\www.bookconv.com_KeywordReport_2026_9_3.csv
bing_wmt,keyword,,2026-09-03,convert kobo to epub,convert kobo to epub,,,,0,1,0%,4,,E:\一人公司\电子书格式转换站\ebook-converter\数据分析\www.bookconv.com_KeywordReport_2026_9_3.csv
bing_wmt,keyword,,2026-09-03,does kobo sync reading position as well as kindle does?,does kobo sync reading position as well as kindle does?,,,,0,1,0%,2,,E:\一人公司\电子书格式转换站\ebook-converter\数据分析\www.bookconv.com_KeywordReport_2026_9_3.csv
bing_wmt,keyword,,2026-09-03,kobo cant open converted epub,kobo cant open converted epub,,,,0,1,0%,8,,E:\一人公司\电子书格式转换站\ebook-converter\数据分析\www.bookconv.com_KeywordReport_2026_9_3.csv
bing_wmt,keyword,,2026-09-03,formato .epub y .mobi.,formato .epub y .mobi.,,,,0,1,0%,9,,E:\一人公司\电子书格式转换站\ebook-converter\数据分析\www.bookconv.com_KeywordReport_2026_9_3.csv
bing_wmt,keyword,,2026-09-03,mobi vs azw3 kindle,mobi vs azw3 kindle,,,,0,1,0%,4,,E:\一人公司\电子书格式转换站\ebook-converter\数据分析\www.bookconv.com_KeywordReport_2026_9_3.csv
bing_wmt,keyword,,2026-09-03,formato azw3 kindle,formato azw3 kindle,,,,0,1,0%,10,,E:\一人公司\电子书格式转换站\ebook-converter\数据分析\www.bookconv.com_KeywordReport_2026_9_3.csv
bing_wmt,keyword,,2026-09-03,what is the difference between azw and mobi formats?,what is the difference between azw and mobi formats?,,,,0,1,0%,3,,E:\一人公司\电子书格式转换站\ebook-converter\数据分析\www.bookconv.com_KeywordReport_2026_9_3.csv
bing_wmt,keyword,,2026-09-03,kindle kfx format,kindle kfx format,,,,0,1,0%,7,,E:\一人公司\电子书格式转换站\ebook-converter\数据分析\www.bookconv.com_KeywordReport_2026_9_3.csv
bing_wmt,keyword,,2026-09-03,"how to convert a book from kobo to pdf or epub for remarkable, on chromebook its downloaded as a .acsm","how to convert a book from kobo to pdf or epub for remarkable, on chromebook its downloaded as a .acsm",,,,0,1,0%,2,,E:\一人公司\电子书格式转换站\ebook-converter\数据分析\www.bookconv.com_KeywordReport_2026_9_3.csv
bing_wmt,keyword,,2026-09-03,what file to convert large book to,what file to convert large book to,,,,0,1,0%,1,,E:\一人公司\电子书格式转换站\ebook-converter\数据分析\www.bookconv.com_KeywordReport_2026_9_3.csv
bing_wmt,keyword,,2026-09-03,"azw3, epud, mobi pdf html file","azw3, epud, mobi pdf html file",,,,0,1,0%,1,,E:\一人公司\电子书格式转换站\ebook-converter\数据分析\www.bookconv.com_KeywordReport_2026_9_3.csv
bing_wmt,keyword,,2026-09-03,can i browse the azw3 container?,can i browse the azw3 container?,,,,0,1,0%,5,,E:\一人公司\电子书格式转换站\ebook-converter\数据分析\www.bookconv.com_KeywordReport_2026_9_3.csv
bing_wmt,keyword,,2026-09-03,htpps://ebook.online-convert.com/es/convertir.a.epub,htpps://ebook.online-convert.com/es/convertir.a.epub,,,,0,1,0%,5,,E:\一人公司\电子书格式转换站\ebook-converter\数据分析\www.bookconv.com_KeywordReport_2026_9_3.csv
bing_wmt,keyword,,2026-09-03,can amazon kindle fire read azw3,can amazon kindle fire read azw3,,,,0,1,0%,2,,E:\一人公司\电子书格式转换站\ebook-converter\数据分析\www.bookconv.com_KeywordReport_2026_9_3.csv
bing_wmt,keyword,,2026-09-03,azw3 es lo mismo ue epub?,azw3 es lo mismo ue epub?,,,,0,1,0%,1,,E:\一人公司\电子书格式转换站\ebook-converter\数据分析\www.bookconv.com_KeywordReport_2026_9_3.csv
bing_wmt,keyword,,2026-09-03,do i need a kebup for my kobo epub file?,do i need a kebup for my kobo epub file?,,,,0,1,0%,10,,E:\一人公司\电子书格式转换站\ebook-converter\数据分析\www.bookconv.com_KeywordReport_2026_9_3.csv
bing_wmt,keyword,,2026-09-03,kobo to epub converter online,kobo to epub converter online,,,,0,1,0%,9,,E:\一人公司\电子书格式转换站\ebook-converter\数据分析\www.bookconv.com_KeywordReport_2026_9_3.csv
bing_wmt,keyword,,2026-09-03,convertir epub mobi en lien,convertir epub mobi en lien,,,,0,1,0%,6,,E:\一人公司\电子书格式转换站\ebook-converter\数据分析\www.bookconv.com_KeywordReport_2026_9_3.csv
bing_wmt,keyword,,2026-09-03,best free ebook converter,best free ebook converter,,,,0,1,0%,3,,E:\一人公司\电子书格式转换站\ebook-converter\数据分析\www.bookconv.com_KeywordReport_2026_9_3.csv
bing_wmt,keyword,,2026-09-03,how to turn kobo epub to epub,how to turn kobo epub to epub,,,,0,1,0%,1,,E:\一人公司\电子书格式转换站\ebook-converter\数据分析\www.bookconv.com_KeywordReport_2026_9_3.csv
bing_wmt,keyword,,2026-09-03,is mobi a good ebook format,is mobi a good ebook format,,,,0,1,0%,8,,E:\一人公司\电子书格式转换站\ebook-converter\数据分析\www.bookconv.com_KeywordReport_2026_9_3.csv
bing_wmt,keyword,,2026-09-03,mobi kf8 azw3 format specification,mobi kf8 azw3 format specification,,,,0,1,0%,7,,E:\一人公司\电子书格式转换站\ebook-converter\数据分析\www.bookconv.com_KeywordReport_2026_9_3.csv
bing_wmt,keyword,,2026-09-03,should i convert epub to azw3 or kfx for kindle scribe calibre,should i convert epub to azw3 or kfx for kindle scribe calibre,,,,0,1,0%,1,,E:\一人公司\电子书格式转换站\ebook-converter\数据分析\www.bookconv.com_KeywordReport_2026_9_3.csv
bing_wmt,keyword,,2026-09-03,how to convert a .cbr into .pdf using sumatra pdf,how to convert a .cbr into .pdf using sumatra pdf,,,,0,1,0%,7,,E:\一人公司\电子书格式转换站\ebook-converter\数据分析\www.bookconv.com_KeywordReport_2026_9_3.csv
bing_wmt,keyword,,2026-09-03,best free ebook reader app,best free ebook reader app,,,,0,1,0%,5,,E:\一人公司\电子书格式转换站\ebook-converter\数据分析\www.bookconv.com_KeywordReport_2026_9_3.csv
bing_wmt,keyword,,2026-09-03,what format does kindle use,what format does kindle use,,,,0,1,0%,9,,E:\一人公司\电子书格式转换站\ebook-converter\数据分析\www.bookconv.com_KeywordReport_2026_9_3.csv
bing_wmt,keyword,,2026-09-03,kobo epub conversion,kobo epub conversion,,,,0,1,0%,6,,E:\一人公司\电子书格式转换站\ebook-converter\数据分析\www.bookconv.com_KeywordReport_2026_9_3.csv
bing_wmt,keyword,,2026-09-03,conversion booksnwritingofficial vers epub,conversion booksnwritingofficial vers epub,,,,0,1,0%,7,,E:\一人公司\电子书格式转换站\ebook-converter\数据分析\www.bookconv.com_KeywordReport_2026_9_3.csv
bing_wmt,keyword,,2026-09-03,current kindle format,current kindle format,,,,0,1,0%,6,,E:\一人公司\电子书格式转换站\ebook-converter\数据分析\www.bookconv.com_KeywordReport_2026_9_3.csv
bing_wmt,keyword,,2026-09-03,pdf epub mobi,pdf epub mobi,,,,0,1,0%,3,,E:\一人公司\电子书格式转换站\ebook-converter\数据分析\www.bookconv.com_KeywordReport_2026_9_3.csv
bing_wmt,keyword,,2026-09-03,can amazon kindle read azw3,can amazon kindle read azw3,,,,1,1,100%,1,,E:\一人公司\电子书格式转换站\ebook-converter\数据分析\www.bookconv.com_KeywordReport_2026_9_3.csv
bing_wmt,keyword,,2026-09-03,epub 2 vs epub 3,epub 2 vs epub 3,,,,0,1,0%,6,,E:\一人公司\电子书格式转换站\ebook-converter\数据分析\www.bookconv.com_KeywordReport_2026_9_3.csv
bing_wmt,keyword,,2026-09-03,convertidor epub azw3 mobi descarga,convertidor epub azw3 mobi descarga,,,,0,1,0%,5,,E:\一人公司\电子书格式转换站\ebook-converter\数据分析\www.bookconv.com_KeywordReport_2026_9_3.csv
bing_wmt,keyword,,2026-09-03,kindle available formats,kindle available formats,,,,0,1,0%,7,,E:\一人公司\电子书格式转换站\ebook-converter\数据分析\www.bookconv.com_KeywordReport_2026_9_3.csv
bing_wmt,keyword,,2026-09-03,kinlde azw files compatibility reader 2013,kinlde azw files compatibility reader 2013,,,,1,1,100%,2,,E:\一人公司\电子书格式转换站\ebook-converter\数据分析\www.bookconv.com_KeywordReport_2026_9_3.csv
bing_wmt,keyword,,2026-09-03,verschil tussen epub 2 en 3,verschil tussen epub 2 en 3,,,,0,1,0%,8,,E:\一人公司\电子书格式转换站\ebook-converter\数据分析\www.bookconv.com_KeywordReport_2026_9_3.csv
bing_wmt,keyword,,2026-09-03,can kobo read mobi,can kobo read mobi,,,,0,1,0%,3,,E:\一人公司\电子书格式转换站\ebook-converter\数据分析\www.bookconv.com_KeywordReport_2026_9_3.csv
bing_wmt,keyword,,2026-09-03,should i convert epub to azw3 or kfx for kindle scribe,should i convert epub to azw3 or kfx for kindle scribe,,,,1,1,100%,1,,E:\一人公司\电子书格式转换站\ebook-converter\数据分析\www.bookconv.com_KeywordReport_2026_9_3.csv
bing_wmt,keyword,,2026-09-03,elegir formato tomar epub celulares,elegir formato tomar epub celulares,,,,0,1,0%,7,,E:\一人公司\电子书格式转换站\ebook-converter\数据分析\www.bookconv.com_KeywordReport_2026_9_3.csv
bing_wmt,keyword,,2026-09-03,if i am trying to out my kidnle books.on my kobo will they just look like odf?,if i am trying to out my kidnle books.on my kobo will they just look like odf?,,,,0,1,0%,3,,E:\一人公司\电子书格式转换站\ebook-converter\数据分析\www.bookconv.com_KeywordReport_2026_9_3.csv
bing_wmt,keyword,,2026-09-03,"azw3 mobi epub, which is best?","azw3 mobi epub, which is best?",,,,0,1,0%,3,,E:\一人公司\电子书格式转换站\ebook-converter\数据分析\www.bookconv.com_KeywordReport_2026_9_3.csv
bing_wmt,keyword,,2026-09-03,can x3 read azw3,can x3 read azw3,,,,0,1,0%,3,,E:\一人公司\电子书格式转换站\ebook-converter\数据分析\www.bookconv.com_KeywordReport_2026_9_3.csv
bing_wmt,keyword,,2026-09-03,free online converter mobi to epub keep images and formatting,free online converter mobi to epub keep images and formatting,,,,0,1,0%,4,,E:\一人公司\电子书格式转换站\ebook-converter\数据分析\www.bookconv.com_KeywordReport_2026_9_3.csv
bing_wmt,keyword,,2026-09-03,convertidor epub,convertidor epub,,,,0,1,0%,7,,E:\一人公司\电子书格式转换站\ebook-converter\数据分析\www.bookconv.com_KeywordReport_2026_9_3.csv
bing_wmt,keyword,,2026-09-03,ebook format convetrer,ebook format convetrer,,,,0,1,0%,5,,E:\一人公司\电子书格式转换站\ebook-converter\数据分析\www.bookconv.com_KeywordReport_2026_9_3.csv
bing_wmt,keyword,,2026-09-03,convert azw3 doc to book on kindle fire,convert azw3 doc to book on kindle fire,,,,0,1,0%,7,,E:\一人公司\电子书格式转换站\ebook-converter\数据分析\www.bookconv.com_KeywordReport_2026_9_3.csv
bing_wmt,keyword,,2026-09-03,epub or mobi for kobo,epub or mobi for kobo,,,,0,1,0%,5,,E:\一人公司\电子书格式转换站\ebook-converter\数据分析\www.bookconv.com_KeywordReport_2026_9_3.csv
bing_wmt,keyword,,2026-09-03,"what formats works on kindle, does azw3 work?","what formats works on kindle, does azw3 work?",,,,0,1,0%,8,,E:\一人公司\电子书格式转换站\ebook-converter\数据分析\www.bookconv.com_KeywordReport_2026_9_3.csv
bing_wmt,keyword,,2026-09-03,"pdf,djvu,epub,fb2,mobi,azw3,doc,docx,rtf,cbr,cbz,,zip,rar,txt,odt,chm games","pdf,djvu,epub,fb2,mobi,azw3,doc,docx,rtf,cbr,cbz,,zip,rar,txt,odt,chm games",,,,0,1,0%,1,,E:\一人公司\电子书格式转换站\ebook-converter\数据分析\www.bookconv.com_KeywordReport_2026_9_3.csv
bing_wmt,keyword,,2026-09-03,convert awd doc to book on kindle fire,convert awd doc to book on kindle fire,,,,0,1,0%,5,,E:\一人公司\电子书格式转换站\ebook-converter\数据分析\www.bookconv.com_KeywordReport_2026_9_3.csv
bing_wmt,keyword,,2026-09-03,epub to pdf linux,epub to pdf linux,,,,0,1,0%,8,,E:\一人公司\电子书格式转换站\ebook-converter\数据分析\www.bookconv.com_KeywordReport_2026_9_3.csv
bing_wmt,keyword,,2026-09-03,"pdf,djvu,epub,fb2,mobi,azw3,doc,docx,rtf,cbr,cbz,,zip,rar,txt,odt,chm","pdf,djvu,epub,fb2,mobi,azw3,doc,docx,rtf,cbr,cbz,,zip,rar,txt,odt,chm",,,,0,1,0%,1,,E:\一人公司\电子书格式转换站\ebook-converter\数据分析\www.bookconv.com_KeywordReport_2026_9_3.csv
bing_wmt,keyword,,2026-09-03,kfx kindle,kfx kindle,,,,0,1,0%,4,,E:\一人公司\电子书格式转换站\ebook-converter\数据分析\www.bookconv.com_KeywordReport_2026_9_3.csv
bing_wmt,keyword,,2026-09-03,azw3 es.compatible.con kindle,azw3 es.compatible.con kindle,,,,0,1,0%,5,,E:\一人公司\电子书格式转换站\ebook-converter\数据分析\www.bookconv.com_KeywordReport_2026_9_3.csv
bing_wmt,keyword,,2026-09-03,+commandandconvertbook,+commandandconvertbook,,,,0,1,0%,4,,E:\一人公司\电子书格式转换站\ebook-converter\数据分析\www.bookconv.com_KeywordReport_2026_9_3.csv
bing_wmt,keyword,,2026-09-03,my epub is not opening in kindle preview how do i fix,my epub is not opening in kindle preview how do i fix,,,,0,1,0%,2,,E:\一人公司\电子书格式转换站\ebook-converter\数据分析\www.bookconv.com_KeywordReport_2026_9_3.csv
bing_wmt,keyword,,2026-09-03,kindle format mobi or epub,kindle format mobi or epub,,,,0,1,0%,10,,E:\一人公司\电子书格式转换站\ebook-converter\数据分析\www.bookconv.com_KeywordReport_2026_9_3.csv
bing_wmt,keyword,,2026-09-03,why does converting epub to pdf result in smaller viewing area?,why does converting epub to pdf result in smaller viewing area?,,,,1,1,100%,1,,E:\一人公司\电子书格式转换站\ebook-converter\数据分析\www.bookconv.com_KeywordReport_2026_9_3.csv
bing_wmt,keyword,,2026-09-03,azw3 vs mobi for kindle,azw3 vs mobi for kindle,,,,0,1,0%,3,,E:\一人公司\电子书格式转换站\ebook-converter\数据分析\www.bookconv.com_KeywordReport_2026_9_3.csv
bing_wmt,keyword,,2026-09-03,azw3 format,azw3 format,,,,0,1,0%,10,,E:\一人公司\电子书格式转换站\ebook-converter\数据分析\www.bookconv.com_KeywordReport_2026_9_3.csv
bing_wmt,keyword,,2026-09-03,convertidor epub gratis,convertidor epub gratis,,,,0,1,0%,7,,E:\一人公司\电子书格式转换站\ebook-converter\数据分析\www.bookconv.com_KeywordReport_2026_9_3.csv
bing_wmt,keyword,,2026-09-03,cbr to pdf scale so all pages are exactly the same,cbr to pdf scale so all pages are exactly the same,,,,0,1,0%,2,,E:\一人公司\电子书格式转换站\ebook-converter\数据分析\www.bookconv.com_KeywordReport_2026_9_3.csv
bing_wmt,keyword,,2026-09-03,2012 kindle black won't read azw file,2012 kindle black won't read azw file,,,,0,1,0%,1,,E:\一人公司\电子书格式转换站\ebook-converter\数据分析\www.bookconv.com_KeywordReport_2026_9_3.csv
bing_wmt,keyword,,2026-09-03,output .epub to plaintext,output .epub to plaintext,,,,0,1,0%,8,,E:\一人公司\电子书格式转换站\ebook-converter\数据分析\www.bookconv.com_KeywordReport_2026_9_3.csv
bing_wmt,keyword,,2026-09-03,not all books work in kindle format right yes no,not all books work in kindle format right yes no,,,,0,1,0%,3,,E:\一人公司\电子书格式转换站\ebook-converter\数据分析\www.bookconv.com_KeywordReport_2026_9_3.csv
bing_wmt,keyword,,2026-09-07,bookconv,bookconv,,,,2,12,16.67%,3.583325,,E:\一人公司\电子书格式转换站\ebook-converter\数据分析\www.bookconv.com_KeywordReport_2026_9_7.csv
bing_wmt,keyword,,2026-09-07,azw3 vs mobi,azw3 vs mobi,,,,1,8,12.5%,5,,E:\一人公司\电子书格式转换站\ebook-converter\数据分析\www.bookconv.com_KeywordReport_2026_9_7.csv
bing_wmt,keyword,,2026-09-07,unlimited epub converter,unlimited epub converter,,,,0,5,0%,4,,E:\一人公司\电子书格式转换站\ebook-converter\数据分析\www.bookconv.com_KeywordReport_2026_9_7.csv
bing_wmt,keyword,,2026-09-07,txt+pdf+epub+mobi+azw3,txt+pdf+epub+mobi+azw3,,,,0,5,0%,1.8,,E:\一人公司\电子书格式转换站\ebook-converter\数据分析\www.bookconv.com_KeywordReport_2026_9_7.csv
bing_wmt,keyword,,2026-09-07,epub 2 vs epub 3,epub 2 vs epub 3,,,,0,5,0%,6.79998,,E:\一人公司\电子书格式转换站\ebook-converter\数据分析\www.bookconv.com_KeywordReport_2026_9_7.csv
bing_wmt,keyword,,2026-09-07,kindle edition format azw3 kfx mobi,kindle edition format azw3 kfx mobi,,,,0,4,0%,2.5,,E:\一人公司\电子书格式转换站\ebook-converter\数据分析\www.bookconv.com_KeywordReport_2026_9_7.csv
bing_wmt,keyword,,2026-09-07,лучший формат для kindle paperwhite 2 mobi vs azw3,лучший формат для kindle paperwhite 2 mobi vs azw3,,,,0,4,0%,2,,E:\一人公司\电子书格式转换站\ebook-converter\数据分析\www.bookconv.com_KeywordReport_2026_9_7.csv
bing_wmt,keyword,,2026-09-07,mejor formato para convertir a pdf azw3 epub mobiliario,mejor formato para convertir a pdf azw3 epub mobiliario,,,,0,4,0%,5.75,,E:\一人公司\电子书格式转换站\ebook-converter\数据分析\www.bookconv.com_KeywordReport_2026_9_7.csv
bing_wmt,keyword,,2026-09-07,kindle 10 gen uese mobi and azw3,kindle 10 gen uese mobi and azw3,,,,0,4,0%,3,,E:\一人公司\电子书格式转换站\ebook-converter\数据分析\www.bookconv.com_KeywordReport_2026_9_7.csv
bing_wmt,keyword,,2026-09-07,how to convert mobi to epub keep format and images,how to convert mobi to epub keep format and images,,,,0,4,0%,1.75,,E:\一人公司\电子书格式转换站\ebook-converter\数据分析\www.bookconv.com_KeywordReport_2026_9_7.csv
bing_wmt,keyword,,2026-09-07,convert epub to azw3 for kindle 2025 2026,convert epub to azw3 for kindle 2025 2026,,,,0,4,0%,4.25,,E:\一人公司\电子书格式转换站\ebook-converter\数据分析\www.bookconv.com_KeywordReport_2026_9_7.csv
bing_wmt,keyword,,2026-09-07,azw3 to kindle book,azw3 to kindle book,,,,0,3,0%,9,,E:\一人公司\电子书格式转换站\ebook-converter\数据分析\www.bookconv.com_KeywordReport_2026_9_7.csv
bing_wmt,keyword,,2026-09-07,any loss during epub convert to mobi,any loss during epub convert to mobi,,,,0,3,0%,5.3333,,E:\一人公司\电子书格式转换站\ebook-converter\数据分析\www.bookconv.com_KeywordReport_2026_9_7.csv
bing_wmt,keyword,,2026-09-07,how to preserve pdf order in epub,how to preserve pdf order in epub,,,,0,3,0%,4.3333,,E:\一人公司\电子书格式转换站\ebook-converter\数据分析\www.bookconv.com_KeywordReport_2026_9_7.csv
bing_wmt,keyword,,2026-09-07,convertidos online a ebook,convertidos online a ebook,,,,0,3,0%,8.666666666666666,,E:\一人公司\电子书格式转换站\ebook-converter\数据分析\www.bookconv.com_KeywordReport_2026_9_7.csv
bing_wmt,keyword,,2026-09-07,como convertir de mobi a epub,como convertir de mobi a epub,,,,0,3,0%,9,,E:\一人公司\电子书格式转换站\ebook-converter\数据分析\www.bookconv.com_KeywordReport_2026_9_7.csv
bing_wmt,keyword,,2026-09-07,kindle supported file formats 2025 2026 azw kfx mobi epub pdf,kindle supported file formats 2025 2026 azw kfx mobi epub pdf,,,,0,3,0%,6.6667,,E:\一人公司\电子书格式转换站\ebook-converter\数据分析\www.bookconv.com_KeywordReport_2026_9_7.csv
bing_wmt,keyword,,2026-09-07,is fire tablet usable with marcia mobi,is fire tablet usable with marcia mobi,,,,0,3,0%,1,,E:\一人公司\电子书格式转换站\ebook-converter\数据分析\www.bookconv.com_KeywordReport_2026_9_7.csv
bing_wmt,keyword,,2026-09-07,ebook converter online,ebook converter online,,,,0,2,0%,9.5,,E:\一人公司\电子书格式转换站\ebook-converter\数据分析\www.bookconv.com_KeywordReport_2026_9_7.csv
bing_wmt,keyword,,2026-09-07,epub vs cbz for kindle,epub vs cbz for kindle,,,,0,2,0%,4,,E:\一人公司\电子书格式转换站\ebook-converter\数据分析\www.bookconv.com_KeywordReport_2026_9_7.csv
bing_wmt,keyword,,2026-09-07,que diferencia hay entre mobi y azw3,que diferencia hay entre mobi y azw3,,,,0,2,0%,3.5,,E:\一人公司\电子书格式转换站\ebook-converter\数据分析\www.bookconv.com_KeywordReport_2026_9_7.csv
bing_wmt,keyword,,2026-09-07,what tyrpe of files can kindle open on fire mobi,what tyrpe of files can kindle open on fire mobi,,,,1,2,50%,3,,E:\一人公司\电子书格式转换站\ebook-converter\数据分析\www.bookconv.com_KeywordReport_2026_9_7.csv
bing_wmt,keyword,,2026-09-07,free full pdf ebook converter,free full pdf ebook converter,,,,0,2,0%,8,,E:\一人公司\电子书格式转换站\ebook-converter\数据分析\www.bookconv.com_KeywordReport_2026_9_7.csv
bing_wmt,keyword,,2026-09-07,convertidor ebook,convertidor ebook,,,,0,2,0%,6,,E:\一人公司\电子书格式转换站\ebook-converter\数据分析\www.bookconv.com_KeywordReport_2026_9_7.csv
bing_wmt,keyword,,2026-09-07,convertir+epub+en+word,convertir+epub+en+word,,,,0,2,0%,5.5,,E:\一人公司\电子书格式转换站\ebook-converter\数据分析\www.bookconv.com_KeywordReport_2026_9_7.csv
bing_wmt,keyword,,2026-09-07,kindle 3 supported file formats epub mobi azw,kindle 3 supported file formats epub mobi azw,,,,0,2,0%,1.5,,E:\一人公司\电子书格式转换站\ebook-converter\数据分析\www.bookconv.com_KeywordReport_2026_9_7.csv
bing_wmt,keyword,,2026-09-07,does kobo support the mobi format,does kobo support the mobi format,,,,0,2,0%,5,,E:\一人公司\电子书格式转换站\ebook-converter\数据分析\www.bookconv.com_KeywordReport_2026_9_7.csv
bing_wmt,keyword,,2026-09-07,convertidor de formatos epub,convertidor de formatos epub,,,,0,2,0%,7,,E:\一人公司\电子书格式转换站\ebook-converter\数据分析\www.bookconv.com_KeywordReport_2026_9_7.csv
bing_wmt,keyword,,2026-09-07,can a kindle scribe read azw3 files,can a kindle scribe read azw3 files,,,,0,2,0%,1,,E:\一人公司\电子书格式转换站\ebook-converter\数据分析\www.bookconv.com_KeywordReport_2026_9_7.csv
bing_wmt,keyword,,2026-09-07,calibre turn txt to epub,calibre turn txt to epub,,,,0,2,0%,9,,E:\一人公司\电子书格式转换站\ebook-converter\数据分析\www.bookconv.com_KeywordReport_2026_9_7.csv
bing_wmt,keyword,,2026-09-07,epub zip,epub zip,,,,0,2,0%,10,,E:\一人公司\电子书格式转换站\ebook-converter\数据分析\www.bookconv.com_KeywordReport_2026_9_7.csv
bing_wmt,keyword,,2026-09-07,epub to azw3 keeping images,epub to azw3 keeping images,,,,1,2,50%,2,,E:\一人公司\电子书格式转换站\ebook-converter\数据分析\www.bookconv.com_KeywordReport_2026_9_7.csv
bing_wmt,keyword,,2026-09-07,convert books into epub,convert books into epub,,,,0,2,0%,8,,E:\一人公司\电子书格式转换站\ebook-converter\数据分析\www.bookconv.com_KeywordReport_2026_9_7.csv
bing_wmt,keyword,,2026-09-07,calibre online converter,calibre online converter,,,,0,2,0%,9,,E:\一人公司\电子书格式转换站\ebook-converter\数据分析\www.bookconv.com_KeywordReport_2026_9_7.csv
bing_wmt,keyword,,2026-09-07,azw3 and mobi formats,azw3 and mobi formats,,,,0,2,0%,6,,E:\一人公司\电子书格式转换站\ebook-converter\数据分析\www.bookconv.com_KeywordReport_2026_9_7.csv
bing_wmt,keyword,,2026-09-07,kindle does it read mobi or azw3?,kindle does it read mobi or azw3?,,,,0,2,0%,2.5,,E:\一人公司\电子书格式转换站\ebook-converter\数据分析\www.bookconv.com_KeywordReport_2026_9_7.csv
bing_wmt,keyword,,2026-09-07,can you copy kobo book to pdf,can you copy kobo book to pdf,,,,0,2,0%,10,,E:\一人公司\电子书格式转换站\ebook-converter\数据分析\www.bookconv.com_KeywordReport_2026_9_7.csv
bing_wmt,keyword,,2026-09-07,convertidor libros on line,convertidor libros on line,,,,0,2,0%,6,,E:\一人公司\电子书格式转换站\ebook-converter\数据分析\www.bookconv.com_KeywordReport_2026_9_7.csv
bing_wmt,keyword,,2026-09-07,are azw3 appropriate for mondern kindle?,are azw3 appropriate for mondern kindle?,,,,0,2,0%,3,,E:\一人公司\电子书格式转换站\ebook-converter\数据分析\www.bookconv.com_KeywordReport_2026_9_7.csv
bing_wmt,keyword,,2026-09-07,convert kobo books to epub,convert kobo books to epub,,,,0,2,0%,4,,E:\一人公司\电子书格式转换站\ebook-converter\数据分析\www.bookconv.com_KeywordReport_2026_9_7.csv
bing_wmt,keyword,,2026-09-07,my book won't open on kindle,my book won't open on kindle,,,,0,2,0%,8,,E:\一人公司\电子书格式转换站\ebook-converter\数据分析\www.bookconv.com_KeywordReport_2026_9_7.csv
bing_wmt,keyword,,2026-09-07,is azw3 compatible with kindle,is azw3 compatible with kindle,,,,0,2,0%,2.5,,E:\一人公司\电子书格式转换站\ebook-converter\数据分析\www.bookconv.com_KeywordReport_2026_9_7.csv
bing_wmt,keyword,,2026-09-07,do kindles use epub or azw3,do kindles use epub or azw3,,,,0,2,0%,4,,E:\一人公司\电子书格式转换站\ebook-converter\数据分析\www.bookconv.com_KeywordReport_2026_9_7.csv
bing_wmt,keyword,,2026-09-07,my ebook reader wont recognise epub file,my ebook reader wont recognise epub file,,,,0,2,0%,7,,E:\一人公司\电子书格式转换站\ebook-converter\数据分析\www.bookconv.com_KeywordReport_2026_9_7.csv
bing_wmt,keyword,,2026-09-07,kindle formats,kindle formats,,,,0,2,0%,7,,E:\一人公司\电子书格式转换站\ebook-converter\数据分析\www.bookconv.com_KeywordReport_2026_9_7.csv
bing_wmt,keyword,,2026-09-07,online converter to epub with no limit on size and where you dont need to add any personal information ie email address,online converter to epub with no  limit on size and where you dont need to add any personal information ie email address,,,,0,2,0%,7,,E:\一人公司\电子书格式转换站\ebook-converter\数据分析\www.bookconv.com_KeywordReport_2026_9_7.csv
bing_wmt,keyword,,2026-09-07,epub to mobi keeping images,epub to mobi keeping images,,,,1,2,50%,1,,E:\一人公司\电子书格式转换站\ebook-converter\数据分析\www.bookconv.com_KeywordReport_2026_9_7.csv
bing_wmt,keyword,,2026-09-07,azw3 format kobo,azw3 format kobo,,,,0,2,0%,3,,E:\一人公司\电子书格式转换站\ebook-converter\数据分析\www.bookconv.com_KeywordReport_2026_9_7.csv
bing_wmt,keyword,,2026-09-07,kobo to epub converter,kobo to epub converter,,,,0,2,0%,5.5,,E:\一人公司\电子书格式转换站\ebook-converter\数据分析\www.bookconv.com_KeywordReport_2026_9_7.csv
bing_wmt,keyword,,2026-09-07,paso de epub a mobi,paso de epub a mobi,,,,0,2,0%,8.5,,E:\一人公司\电子书格式转换站\ebook-converter\数据分析\www.bookconv.com_KeywordReport_2026_9_7.csv
bing_wmt,keyword,,2026-09-07,can you sync kindle with apple books,can you sync kindle with apple books,,,,0,2,0%,6,,E:\一人公司\电子书格式转换站\ebook-converter\数据分析\www.bookconv.com_KeywordReport_2026_9_7.csv
bing_wmt,keyword,,2026-09-07,kindle azw3 mobi corrupt file fix,kindle azw3 mobi corrupt file fix,,,,0,2,0%,4.5,,E:\一人公司\电子书格式转换站\ebook-converter\数据分析\www.bookconv.com_KeywordReport_2026_9_7.csv
bing_wmt,keyword,,2026-09-07,kindle azw3 vs epub compatibility features,kindle azw3 vs epub compatibility features,,,,0,2,0%,5,,E:\一人公司\电子书格式转换站\ebook-converter\数据分析\www.bookconv.com_KeywordReport_2026_9_7.csv
bing_wmt,keyword,,2026-09-07,kindle azw3 or mobi,kindle azw3 or mobi,,,,0,2,0%,6.5,,E:\一人公司\电子书格式转换站\ebook-converter\数据分析\www.bookconv.com_KeywordReport_2026_9_7.csv
bing_wmt,keyword,,2026-09-07,kobo supported file formats epub overdrive library vs kindle send to kindle epub support official,kobo supported file formats epub overdrive library vs kindle send to kindle epub support official,,,,0,2,0%,3,,E:\一人公司\电子书格式转换站\ebook-converter\数据分析\www.bookconv.com_KeywordReport_2026_9_7.csv
bing_wmt,keyword,,2026-09-07,mobi for kindle transfers to kobo,mobi for kindle transfers to kobo,,,,0,2,0%,2.5,,E:\一人公司\电子书格式转换站\ebook-converter\数据分析\www.bookconv.com_KeywordReport_2026_9_7.csv
bing_wmt,keyword,,2026-09-07,does azw3 work on kindle,does azw3 work on kindle,,,,0,2,0%,3,,E:\一人公司\电子书格式转换站\ebook-converter\数据分析\www.bookconv.com_KeywordReport_2026_9_7.csv
bing_wmt,keyword,,2026-09-07,azw3 or epub for kindle paperwhite 6,azw3 or epub for kindle paperwhite 6,,,,0,2,0%,1.5,,E:\一人公司\电子书格式转换站\ebook-converter\数据分析\www.bookconv.com_KeywordReport_2026_9_7.csv
bing_wmt,keyword,,2026-09-07,microsoft’s lit format on kindle,microsoft’s lit format on kindle,,,,0,2,0%,5.5,,E:\一人公司\电子书格式转换站\ebook-converter\数据分析\www.bookconv.com_KeywordReport_2026_9_7.csv
bing_wmt,keyword,,2026-09-07,what are websites that turn a txt file into a book,what are websites that turn a txt file into a book,,,,0,2,0%,2,,E:\一人公司\电子书格式转换站\ebook-converter\数据分析\www.bookconv.com_KeywordReport_2026_9_7.csv
bing_wmt,keyword,,2026-09-07,can kobo use azw3 files,can kobo use azw3 files,,,,0,2,0%,5.5,,E:\一人公司\电子书格式转换站\ebook-converter\数据分析\www.bookconv.com_KeywordReport_2026_9_7.csv
bing_wmt,keyword,,2026-09-07,kobo lit format kindle azw,kobo lit format kindle azw,,,,0,2,0%,1.5,,E:\一人公司\电子书格式转换站\ebook-converter\数据分析\www.bookconv.com_KeywordReport_2026_9_7.csv
bing_wmt,keyword,,2026-09-07,kindle azw3 or mobi which better,kindle azw3 or mobi which better,,,,0,2,0%,4,,E:\一人公司\电子书格式转换站\ebook-converter\数据分析\www.bookconv.com_KeywordReport_2026_9_7.csv
bing_wmt,keyword,,2026-09-07,docx to epub and add cover,docx to epub and add cover,,,,0,2,0%,1,,E:\一人公司\电子书格式转换站\ebook-converter\数据分析\www.bookconv.com_KeywordReport_2026_9_7.csv
bing_wmt,keyword,,2026-09-07,epub to pdf for linux converter,epub to pdf for linux converter,,,,0,2,0%,1,,E:\一人公司\电子书格式转换站\ebook-converter\数据分析\www.bookconv.com_KeywordReport_2026_9_7.csv
bing_wmt,keyword,,2026-09-07,kindle paperwhite better version mobi or azw3,kindle paperwhite better version mobi or azw3,,,,0,2,0%,3,,E:\一人公司\电子书格式转换站\ebook-converter\数据分析\www.bookconv.com_KeywordReport_2026_9_7.csv
bing_wmt,keyword,,2026-09-07,epub to zip,epub to zip,,,,0,2,0%,6,,E:\一人公司\电子书格式转换站\ebook-converter\数据分析\www.bookconv.com_KeywordReport_2026_9_7.csv
bing_wmt,keyword,,2026-09-07,how to preserve formatting of epub document when converting to pdf,how to preserve formatting of epub document when converting to pdf,,,,0,2,0%,6,,E:\一人公司\电子书格式转换站\ebook-converter\数据分析\www.bookconv.com_KeywordReport_2026_9_7.csv
bing_wmt,keyword,,2026-09-07,kobo vs kindle format compatibility,kobo vs kindle format compatibility,,,,1,2,50%,2.5,,E:\一人公司\电子书格式转换站\ebook-converter\数据分析\www.bookconv.com_KeywordReport_2026_9_7.csv
bing_wmt,keyword,,2026-09-07,mobi vs epub in kindle master vs legacy format the difference,mobi vs epub in kindle master vs legacy format the difference,,,,0,1,0%,4,,E:\一人公司\电子书格式转换站\ebook-converter\数据分析\www.bookconv.com_KeywordReport_2026_9_7.csv
bing_wmt,keyword,,2026-09-07,convertidor onlin ebook,convertidor onlin ebook,,,,0,1,0%,6,,E:\一人公司\电子书格式转换站\ebook-converter\数据分析\www.bookconv.com_KeywordReport_2026_9_7.csv
bing_wmt,keyword,,2026-09-07,when did kindle start accepting azw3,when did kindle start accepting azw3,,,,0,1,0%,2,,E:\一人公司\电子书格式转换站\ebook-converter\数据分析\www.bookconv.com_KeywordReport_2026_9_7.csv
bing_wmt,keyword,,2026-09-07,epub to pdf linux command line,epub to pdf linux command line,,,,0,1,0%,4,,E:\一人公司\电子书格式转换站\ebook-converter\数据分析\www.bookconv.com_KeywordReport_2026_9_7.csv
bing_wmt,keyword,,2026-09-07,what format are books on kindle,what format are books on kindle,,,,0,1,0%,6,,E:\一人公司\电子书格式转换站\ebook-converter\数据分析\www.bookconv.com_KeywordReport_2026_9_7.csv
bing_wmt,keyword,,2026-09-07,can kindle run aseprite,can kindle run aseprite,,,,0,1,0%,2,,E:\一人公司\电子书格式转换站\ebook-converter\数据分析\www.bookconv.com_KeywordReport_2026_9_7.csv
bing_wmt,keyword,,2026-09-07,is mobi compatible with kindle paperwhite,is mobi compatible with kindle paperwhite,,,,0,1,0%,5,,E:\一人公司\电子书格式转换站\ebook-converter\数据分析\www.bookconv.com_KeywordReport_2026_9_7.csv
bing_wmt,keyword,,2026-09-07,"azw, kfx ou mo","azw, kfx ou mo",,,,0,1,0%,7,,E:\一人公司\电子书格式转换站\ebook-converter\数据分析\www.bookconv.com_KeywordReport_2026_9_7.csv
bing_wmt,keyword,,2026-09-07,who formed the small file azw3 mobi or epub,who formed the small file azw3 mobi or epub,,,,0,1,0%,4,,E:\一人公司\电子书格式转换站\ebook-converter\数据分析\www.bookconv.com_KeywordReport_2026_9_7.csv
bing_wmt,keyword,,2026-09-07,mobi vs azw3,mobi vs azw3,,,,0,1,0%,4,,E:\一人公司\电子书格式转换站\ebook-converter\数据分析\www.bookconv.com_KeywordReport_2026_9_7.csv
bing_wmt,keyword,,2026-09-07,my ebook fails to open on kindle,my ebook fails to open on kindle,,,,1,1,100%,2,,E:\一人公司\电子书格式转换站\ebook-converter\数据分析\www.bookconv.com_KeywordReport_2026_9_7.csv
bing_wmt,keyword,,2026-09-07,how to turn kepub to epub,how to turn kepub to epub,,,,0,1,0%,4,,E:\一人公司\电子书格式转换站\ebook-converter\数据分析\www.bookconv.com_KeywordReport_2026_9_7.csv
bing_wmt,keyword,,2026-09-07,mobi vs epub which is better,mobi vs epub which is better,,,,0,1,0%,7,,E:\一人公司\电子书格式转换站\ebook-converter\数据分析\www.bookconv.com_KeywordReport_2026_9_7.csv
bing_wmt,keyword,,2026-09-07,new kindle books formats,new kindle books formats,,,,0,1,0%,8,,E:\一人公司\电子书格式转换站\ebook-converter\数据分析\www.bookconv.com_KeywordReport_2026_9_7.csv
bing_wmt,keyword,,2026-09-07,can kindle read azw3,can kindle read azw3,,,,0,1,0%,2,,E:\一人公司\电子书格式转换站\ebook-converter\数据分析\www.bookconv.com_KeywordReport_2026_9_7.csv
bing_wmt,keyword,,2026-09-07,kindle epub metadata compatible,kindle epub metadata compatible,,,,0,1,0%,8,,E:\一人公司\电子书格式转换站\ebook-converter\数据分析\www.bookconv.com_KeywordReport_2026_9_7.csv
bing_wmt,keyword,,2026-09-07,epub will not open on kindle,epub will not open on kindle,,,,0,1,0%,1,,E:\一人公司\电子书格式转换站\ebook-converter\数据分析\www.bookconv.com_KeywordReport_2026_9_7.csv
bing_wmt,keyword,,2026-09-07,convert azw3 to mobi on calibre,convert azw3 to mobi on calibre,,,,0,1,0%,8,,E:\一人公司\电子书格式转换站\ebook-converter\数据分析\www.bookconv.com_KeywordReport_2026_9_7.csv
bing_wmt,keyword,,2026-09-07,why is kindle not accepting azw3,why is kindle not accepting azw3,,,,0,1,0%,3,,E:\一人公司\电子书格式转换站\ebook-converter\数据分析\www.bookconv.com_KeywordReport_2026_9_7.csv
bing_wmt,keyword,,2026-09-07,online ebook converter,online ebook converter,,,,0,1,0%,8,,E:\一人公司\电子书格式转换站\ebook-converter\数据分析\www.bookconv.com_KeywordReport_2026_9_7.csv
bing_wmt,keyword,,2026-09-07,my ebook reader wont recognise epub,my ebook reader wont recognise epub,,,,0,1,0%,4,,E:\一人公司\电子书格式转换站\ebook-converter\数据分析\www.bookconv.com_KeywordReport_2026_9_7.csv
bing_wmt,keyword,,2026-09-07,kindle format az,kindle format az,,,,0,1,0%,6,,E:\一人公司\电子书格式转换站\ebook-converter\数据分析\www.bookconv.com_KeywordReport_2026_9_7.csv
bing_wmt,keyword,,2026-09-07,calibre epub to pdf missing images,calibre epub to pdf missing images,,,,0,1,0%,1,,E:\一人公司\电子书格式转换站\ebook-converter\数据分析\www.bookconv.com_KeywordReport_2026_9_7.csv
bing_wmt,keyword,,2026-09-07,epub format converter,epub format converter,,,,0,1,0%,7,,E:\一人公司\电子书格式转换站\ebook-converter\数据分析\www.bookconv.com_KeywordReport_2026_9_7.csv
bing_wmt,keyword,,2026-09-07,what is an fb2 file and can it be converted to epub?,what is an fb2 file and can it be converted to epub?,,,,0,1,0%,4,,E:\一人公司\电子书格式转换站\ebook-converter\数据分析\www.bookconv.com_KeywordReport_2026_9_7.csv
bing_wmt,keyword,,2026-09-07,how to sync my kindle and iphone to exavt reading pace,how to sync my kindle and iphone to exavt reading pace,,,,0,1,0%,4,,E:\一人公司\电子书格式转换站\ebook-converter\数据分析\www.bookconv.com_KeywordReport_2026_9_7.csv
bing_wmt,keyword,,2026-09-07,epub version 2 vs 3,epub version 2 vs 3,,,,0,1,0%,5,,E:\一人公司\电子书格式转换站\ebook-converter\数据分析\www.bookconv.com_KeywordReport_2026_9_7.csv
bing_wmt,keyword,,2026-09-07,por qué mobi consume más kb que ebup,por qué mobi consume más kb que ebup,,,,0,1,0%,6,,E:\一人公司\电子书格式转换站\ebook-converter\数据分析\www.bookconv.com_KeywordReport_2026_9_7.csv
bing_wmt,keyword,,2026-09-07,convertir epub a mobi sin límite,convertir epub a mobi sin límite,,,,0,1,0%,6,,E:\一人公司\电子书格式转换站\ebook-converter\数据分析\www.bookconv.com_KeywordReport_2026_9_7.csv
bing_wmt,keyword,,2026-09-07,can youread a .mobi file on a kobo ereader,can youread a .mobi file on a kobo ereader,,,,0,1,0%,2,,E:\一人公司\电子书格式转换站\ebook-converter\数据分析\www.bookconv.com_KeywordReport_2026_9_7.csv
bing_wmt,keyword,,2026-09-07,e pdf converter,e pdf converter,,,,0,1,0%,159,,E:\一人公司\电子书格式转换站\ebook-converter\数据分析\www.bookconv.com_KeywordReport_2026_9_7.csv
bing_wmt,keyword,,2026-09-07,se pueden pulir libros digitales en azw3 o epub,se pueden pulir libros digitales en azw3 o epub,,,,0,1,0%,4,,E:\一人公司\电子书格式转换站\ebook-converter\数据分析\www.bookconv.com_KeywordReport_2026_9_7.csv
bing_wmt,keyword,,2026-09-07,avs epub to mobi,avs epub to mobi,,,,0,1,0%,10,,E:\一人公司\电子书格式转换站\ebook-converter\数据分析\www.bookconv.com_KeywordReport_2026_9_7.csv
bing_wmt,keyword,,2026-09-07,azw3 is it kindle does it read i?on amz fire tablet,azw3 is it kindle does it read i?on amz fire tablet,,,,0,1,0%,1,,E:\一人公司\电子书格式转换站\ebook-converter\数据分析\www.bookconv.com_KeywordReport_2026_9_7.csv
bing_wmt,keyword,,2026-09-07,"ebook form,ats .lit or .mobi","ebook form,ats .lit or .mobi",,,,0,1,0%,4,,E:\一人公司\电子书格式转换站\ebook-converter\数据分析\www.bookconv.com_KeywordReport_2026_9_7.csv
bing_wmt,keyword,,2026-09-07,cual es el formato que utilisa kindle azu3 o epub,cual es el formato que utilisa kindle azu3 o epub,,,,0,1,0%,9,,E:\一人公司\电子书格式转换站\ebook-converter\数据分析\www.bookconv.com_KeywordReport_2026_9_7.csv
bing_wmt,keyword,,2026-09-07,free pdf converter starts with calibra no adds,free pdf converter starts with calibra no adds,,,,0,1,0%,3,,E:\一人公司\电子书格式转换站\ebook-converter\数据分析\www.bookconv.com_KeywordReport_2026_9_7.csv
bing_wmt,keyword,,2026-09-07,kobo azw3,kobo azw3,,,,0,1,0%,5,,E:\一人公司\电子书格式转换站\ebook-converter\数据分析\www.bookconv.com_KeywordReport_2026_9_7.csv
bing_wmt,keyword,,2026-09-07,mobi/send to kindle not supported for non-kindle profiles,mobi/send to kindle not supported for non-kindle profiles,,,,0,1,0%,4,,E:\一人公司\电子书格式转换站\ebook-converter\数据分析\www.bookconv.com_KeywordReport_2026_9_7.csv
bing_wmt,keyword,,2026-09-07,epub book converter,epub book converter,,,,0,1,0%,8,,E:\一人公司\电子书格式转换站\ebook-converter\数据分析\www.bookconv.com_KeywordReport_2026_9_7.csv
bing_wmt,keyword,,2026-09-07,considering converting a txt file to epub,considering converting a txt file to epub,,,,0,1,0%,3,,E:\一人公司\电子书格式转换站\ebook-converter\数据分析\www.bookconv.com_KeywordReport_2026_9_7.csv
bing_wmt,keyword,,2026-09-07,kindle to epub without losing formatting,kindle to epub without losing formatting,,,,0,1,0%,10,,E:\一人公司\电子书格式转换站\ebook-converter\数据分析\www.bookconv.com_KeywordReport_2026_9_7.csv
bing_wmt,keyword,,2026-09-07,knigi v mobi format,knigi v mobi format,,,,0,1,0%,1,,E:\一人公司\电子书格式转换站\ebook-converter\数据分析\www.bookconv.com_KeywordReport_2026_9_7.csv
bing_wmt,keyword,,2026-09-07,kfx vs azw3,kfx vs azw3,,,,0,1,0%,8,,E:\一人公司\电子书格式转换站\ebook-converter\数据分析\www.bookconv.com_KeywordReport_2026_9_7.csv
bing_wmt,keyword,,2026-09-07,free pdf converter starts with calibre no ads,free pdf converter starts with calibre no ads,,,,0,1,0%,8,,E:\一人公司\电子书格式转换站\ebook-converter\数据分析\www.bookconv.com_KeywordReport_2026_9_7.csv
bing_wmt,keyword,,2026-09-07,azw3 vs kfx,azw3 vs kfx,,,,0,1,0%,10,,E:\一人公司\电子书格式转换站\ebook-converter\数据分析\www.bookconv.com_KeywordReport_2026_9_7.csv
bing_wmt,keyword,,2026-09-07,paso epub a movi,paso epub a movi,,,,0,1,0%,7,,E:\一人公司\电子书格式转换站\ebook-converter\数据分析\www.bookconv.com_KeywordReport_2026_9_7.csv
bing_wmt,keyword,,2026-09-07,what is is the kindle format,what is is the kindle format,,,,0,1,0%,7,,E:\一人公司\电子书格式转换站\ebook-converter\数据分析\www.bookconv.com_KeywordReport_2026_9_7.csv
bing_wmt,keyword,,2026-09-07,linux epub to pdf,linux epub to pdf,,,,1,1,100%,9,,E:\一人公司\电子书格式转换站\ebook-converter\数据分析\www.bookconv.com_KeywordReport_2026_9_7.csv
bing_wmt,keyword,,2026-09-07,why can't i convert kobo plus books to epub,why can't i convert kobo plus books to epub,,,,0,1,0%,2,,E:\一人公司\电子书格式转换站\ebook-converter\数据分析\www.bookconv.com_KeywordReport_2026_9_7.csv
bing_wmt,keyword,,2026-09-07,does kobo readi mobi file,does kobo readi mobi file,,,,1,1,100%,3,,E:\一人公司\电子书格式转换站\ebook-converter\数据分析\www.bookconv.com_KeywordReport_2026_9_7.csv
bing_wmt,keyword,,2026-09-07,can i change and epub file back to a docx file,can i change and epub file back to a docx file,,,,0,1,0%,3,,E:\一人公司\电子书格式转换站\ebook-converter\数据分析\www.bookconv.com_KeywordReport_2026_9_7.csv
bing_wmt,keyword,,2026-09-07,can i use calibre online without installing,can i use calibre online without installing,,,,0,1,0%,9,,E:\一人公司\电子书格式转换站\ebook-converter\数据分析\www.bookconv.com_KeywordReport_2026_9_7.csv
bing_wmt,keyword,,2026-09-07,should i be concerned about converting my story from word document into epub file,should i be concerned about converting my story from word document into epub file,,,,0,1,0%,4,,E:\一人公司\电子书格式转换站\ebook-converter\数据分析\www.bookconv.com_KeywordReport_2026_9_7.csv
bing_wmt,keyword,,2026-09-07,kfmonkobomobileread,kfmonkobomobileread,,,,0,1,0%,7,,E:\一人公司\电子书格式转换站\ebook-converter\数据分析\www.bookconv.com_KeywordReport_2026_9_7.csv
bing_wmt,keyword,,2026-09-07,can readera open azw3 files,can readera open azw3 files,,,,0,1,0%,4,,E:\一人公司\电子书格式转换站\ebook-converter\数据分析\www.bookconv.com_KeywordReport_2026_9_7.csv
bing_wmt,keyword,,2026-09-07,is kindle edition format book can read in ios books app,is kindle edition format book can read in ios books app,,,,0,1,0%,2,,E:\一人公司\电子书格式转换站\ebook-converter\数据分析\www.bookconv.com_KeywordReport_2026_9_7.csv
bing_wmt,keyword,,2026-09-07,app convert ebook size from kb to 750mb,app convert ebook size from kb to 750mb,,,,0,1,0%,9,,E:\一人公司\电子书格式转换站\ebook-converter\数据分析\www.bookconv.com_KeywordReport_2026_9_7.csv
bing_wmt,keyword,,2026-09-07,mobi oder azw3 format,mobi oder azw3 format,,,,0,1,0%,10,,E:\一人公司\电子书格式转换站\ebook-converter\数据分析\www.bookconv.com_KeywordReport_2026_9_7.csv
bing_wmt,keyword,,2026-09-07,can you convert kobo ebooks to pdf,can you convert kobo ebooks to pdf,,,,0,1,0%,10,,E:\一人公司\电子书格式转换站\ebook-converter\数据分析\www.bookconv.com_KeywordReport_2026_9_7.csv
bing_wmt,keyword,,2026-09-07,amazon kindle format,amazon kindle format,,,,0,1,0%,10,,E:\一人公司\电子书格式转换站\ebook-converter\数据分析\www.bookconv.com_KeywordReport_2026_9_7.csv
bing_wmt,keyword,,2026-09-07,lit file to mobi,lit file to mobi,,,,0,1,0%,5,,E:\一人公司\电子书格式转换站\ebook-converter\数据分析\www.bookconv.com_KeywordReport_2026_9_7.csv
bing_wmt,keyword,,2026-09-07,how to sync my book i'm reading,how to sync my book i'm reading,,,,0,1,0%,5,,E:\一人公司\电子书格式转换站\ebook-converter\数据分析\www.bookconv.com_KeywordReport_2026_9_7.csv
bing_wmt,keyword,,2026-09-07,when converting epub file to pdf file pagination disappears how to fix,when converting epub file to pdf file pagination disappears how to fix,,,,0,1,0%,1,,E:\一人公司\电子书格式转换站\ebook-converter\数据分析\www.bookconv.com_KeywordReport_2026_9_7.csv
bing_wmt,keyword,,2026-09-07,tipos formatos e-book epub estándar abierto,tipos formatos e-book epub estándar abierto,,,,0,1,0%,7,,E:\一人公司\电子书格式转换站\ebook-converter\数据分析\www.bookconv.com_KeywordReport_2026_9_7.csv
bing_wmt,keyword,,2026-09-07,i have converted an e-book from mobi to epub but how do i get to read it now,i have converted an e-book from mobi to epub but how do i get to read it now,,,,0,1,0%,2,,E:\一人公司\电子书格式转换站\ebook-converter\数据分析\www.bookconv.com_KeywordReport_2026_9_7.csv
bing_wmt,keyword,,2026-09-07,how to publish epub from docx word,how to publish epub from docx word,,,,0,1,0%,4,,E:\一人公司\电子书格式转换站\ebook-converter\数据分析\www.bookconv.com_KeywordReport_2026_9_7.csv
bing_wmt,keyword,,2026-09-07,can calibre convert djvu to pdf,can calibre convert djvu to pdf,,,,0,1,0%,8,,E:\一人公司\电子书格式转换站\ebook-converter\数据分析\www.bookconv.com_KeywordReport_2026_9_7.csv
bing_wmt,keyword,,2026-09-07,que es el formato azw3 - epub,que es el formato azw3 - epub,,,,0,1,0%,5,,E:\一人公司\电子书格式转换站\ebook-converter\数据分析\www.bookconv.com_KeywordReport_2026_9_7.csv
bing_wmt,keyword,,2026-09-07,my formatting is completely wack after converting from txt to epub,my formatting is completely wack after converting from txt to epub,,,,0,1,0%,4,,E:\一人公司\电子书格式转换站\ebook-converter\数据分析\www.bookconv.com_KeywordReport_2026_9_7.csv
bing_wmt,keyword,,2026-09-07,how to convert a book from kobo to pdf or epub for remarkable,how to convert a book from kobo to pdf or epub for remarkable,,,,0,1,0%,2,,E:\一人公司\电子书格式转换站\ebook-converter\数据分析\www.bookconv.com_KeywordReport_2026_9_7.csv
bing_wmt,keyword,,2026-09-07,epub 2 vs 3,epub 2 vs 3,,,,0,1,0%,5,,E:\一人公司\电子书格式转换站\ebook-converter\数据分析\www.bookconv.com_KeywordReport_2026_9_7.csv
bing_wmt,keyword,,2026-09-07,epubs appear as booksconvert to azw3/kfx,epubs appear as booksconvert to azw3/kfx,,,,0,1,0%,10,,E:\一人公司\电子书格式转换站\ebook-converter\数据分析\www.bookconv.com_KeywordReport_2026_9_7.csv
bing_wmt,keyword,,2026-09-07,kobo to epub,kobo to epub,,,,1,1,100%,4,,E:\一人公司\电子书格式转换站\ebook-converter\数据分析\www.bookconv.com_KeywordReport_2026_9_7.csv
bing_wmt,keyword,,2026-09-07,does kindle support azw3?,does kindle support azw3?,,,,0,1,0%,3,,E:\一人公司\电子书格式转换站\ebook-converter\数据分析\www.bookconv.com_KeywordReport_2026_9_7.csv
bing_wmt,keyword,,2026-09-07,de lit (microsoft reader ebook a epubf+,de lit (microsoft reader ebook a epubf+,,,,0,1,0%,3,,E:\一人公司\电子书格式转换站\ebook-converter\数据分析\www.bookconv.com_KeywordReport_2026_9_7.csv
bing_wmt,keyword,,2026-09-07,"el kindle de microsof store en qué formato está, mobi o es de otro tipo?","el kindle de microsof store en qué formato está, mobi  o es de otro tipo?",,,,0,1,0%,3,,E:\一人公司\电子书格式转换站\ebook-converter\数据分析\www.bookconv.com_KeywordReport_2026_9_7.csv
bing_wmt,keyword,,2026-09-07,ebook convertidor,ebook convertidor,,,,0,1,0%,7,,E:\一人公司\电子书格式转换站\ebook-converter\数据分析\www.bookconv.com_KeywordReport_2026_9_7.csv
bing_wmt,keyword,,2026-09-07,how to convert a book from kobo to pdf or epub for remarkable. its downloaded as a .acsm,how to convert a book from kobo to pdf or epub for remarkable. its downloaded as a .acsm,,,,0,1,0%,2,,E:\一人公司\电子书格式转换站\ebook-converter\数据分析\www.bookconv.com_KeywordReport_2026_9_7.csv
bing_wmt,keyword,,2026-09-07,i converted pdf to epub but the math and physics symbols are messed up how can i fix it?,i converted pdf to epub but the math and physics symbols are messed up how can i fix it?,,,,0,1,0%,1,,E:\一人公司\电子书格式转换站\ebook-converter\数据分析\www.bookconv.com_KeywordReport_2026_9_7.csv
bing_wmt,keyword,,2026-09-07,can you sync kobo devices so they have the same books if they are downloaded,can you sync kobo devices so they have the same books if they are downloaded,,,,0,1,0%,10,,E:\一人公司\电子书格式转换站\ebook-converter\数据分析\www.bookconv.com_KeywordReport_2026_9_7.csv
bing_wmt,keyword,,2026-09-07,ebub to zip,ebub to zip,,,,0,1,0%,6,,E:\一人公司\电子书格式转换站\ebook-converter\数据分析\www.bookconv.com_KeywordReport_2026_9_7.csv
bing_wmt,keyword,,2026-09-07,azw3 epub mobi pdf html is any of these format editable,azw3 epub mobi pdf html is any of these format editable,,,,0,1,0%,8,,E:\一人公司\电子书格式转换站\ebook-converter\数据分析\www.bookconv.com_KeywordReport_2026_9_7.csv
bing_wmt,keyword,,2026-09-07,can't convert kobo books to epub xteink,can't convert kobo books to epub xteink,,,,0,1,0%,6,,E:\一人公司\电子书格式转换站\ebook-converter\数据分析\www.bookconv.com_KeywordReport_2026_9_7.csv
bing_wmt,keyword,,2026-09-07,kobo interop compatibility wook,kobo interop compatibility wook,,,,0,1,0%,2,,E:\一人公司\电子书格式转换站\ebook-converter\数据分析\www.bookconv.com_KeywordReport_2026_9_7.csv
bing_wmt,keyword,,2026-09-07,convert kobo to epub,convert kobo to epub,,,,0,1,0%,4,,E:\一人公司\电子书格式转换站\ebook-converter\数据分析\www.bookconv.com_KeywordReport_2026_9_7.csv
bing_wmt,keyword,,2026-09-07,does kobo sync reading position as well as kindle does?,does kobo sync reading position as well as kindle does?,,,,0,1,0%,2,,E:\一人公司\电子书格式转换站\ebook-converter\数据分析\www.bookconv.com_KeywordReport_2026_9_7.csv
bing_wmt,keyword,,2026-09-07,kobo cant open converted epub,kobo cant open converted epub,,,,0,1,0%,8,,E:\一人公司\电子书格式转换站\ebook-converter\数据分析\www.bookconv.com_KeywordReport_2026_9_7.csv
bing_wmt,keyword,,2026-09-07,formato .epub y .mobi.,formato .epub y .mobi.,,,,0,1,0%,9,,E:\一人公司\电子书格式转换站\ebook-converter\数据分析\www.bookconv.com_KeywordReport_2026_9_7.csv
bing_wmt,keyword,,2026-09-07,mobi vs azw3 kindle,mobi vs azw3 kindle,,,,0,1,0%,4,,E:\一人公司\电子书格式转换站\ebook-converter\数据分析\www.bookconv.com_KeywordReport_2026_9_7.csv
bing_wmt,keyword,,2026-09-07,formato azw3 kindle,formato azw3 kindle,,,,0,1,0%,10,,E:\一人公司\电子书格式转换站\ebook-converter\数据分析\www.bookconv.com_KeywordReport_2026_9_7.csv
bing_wmt,keyword,,2026-09-07,para pasar un libro a un kindle antiguo tiene que ser formato mobi?,para pasar un libro a un kindle antiguo tiene que ser formato mobi?,,,,0,1,0%,3,,E:\一人公司\电子书格式转换站\ebook-converter\数据分析\www.bookconv.com_KeywordReport_2026_9_7.csv
bing_wmt,keyword,,2026-09-07,what is the difference between azw and mobi formats?,what is the difference between azw and mobi formats?,,,,0,1,0%,3,,E:\一人公司\电子书格式转换站\ebook-converter\数据分析\www.bookconv.com_KeywordReport_2026_9_7.csv
bing_wmt,keyword,,2026-09-07,biblioteca invalid conversion error fix,biblioteca invalid conversion error fix,,,,1,1,100%,1,,E:\一人公司\电子书格式转换站\ebook-converter\数据分析\www.bookconv.com_KeywordReport_2026_9_7.csv
bing_wmt,keyword,,2026-09-07,kindle kfx format,kindle kfx format,,,,0,1,0%,7,,E:\一人公司\电子书格式转换站\ebook-converter\数据分析\www.bookconv.com_KeywordReport_2026_9_7.csv
bing_wmt,keyword,,2026-09-07,"how to convert a book from kobo to pdf or epub for remarkable, on chromebook its downloaded as a .acsm","how to convert a book from kobo to pdf or epub for remarkable, on chromebook its downloaded as a .acsm",,,,0,1,0%,2,,E:\一人公司\电子书格式转换站\ebook-converter\数据分析\www.bookconv.com_KeywordReport_2026_9_7.csv
bing_wmt,keyword,,2026-09-07,what file to convert large book to,what file to convert large book to,,,,0,1,0%,1,,E:\一人公司\电子书格式转换站\ebook-converter\数据分析\www.bookconv.com_KeywordReport_2026_9_7.csv
bing_wmt,keyword,,2026-09-07,"azw3, epud, mobi pdf html file","azw3, epud, mobi pdf html file",,,,0,1,0%,1,,E:\一人公司\电子书格式转换站\ebook-converter\数据分析\www.bookconv.com_KeywordReport_2026_9_7.csv
bing_wmt,keyword,,2026-09-07,can i browse the azw3 container?,can i browse the azw3 container?,,,,0,1,0%,5,,E:\一人公司\电子书格式转换站\ebook-converter\数据分析\www.bookconv.com_KeywordReport_2026_9_7.csv
bing_wmt,keyword,,2026-09-07,htpps://ebook.online-convert.com/es/convertir.a.epub,htpps://ebook.online-convert.com/es/convertir.a.epub,,,,0,1,0%,5,,E:\一人公司\电子书格式转换站\ebook-converter\数据分析\www.bookconv.com_KeywordReport_2026_9_7.csv
bing_wmt,keyword,,2026-09-07,how to publish epub from docx word using calibre,how to publish epub from docx word using calibre,,,,0,1,0%,10,,E:\一人公司\电子书格式转换站\ebook-converter\数据分析\www.bookconv.com_KeywordReport_2026_9_7.csv
bing_wmt,keyword,,2026-09-07,can amazon kindle fire read azw3,can amazon kindle fire read azw3,,,,0,1,0%,2,,E:\一人公司\电子书格式转换站\ebook-converter\数据分析\www.bookconv.com_KeywordReport_2026_9_7.csv
bing_wmt,keyword,,2026-09-07,azw3 es lo mismo ue epub?,azw3 es lo mismo ue epub?,,,,0,1,0%,1,,E:\一人公司\电子书格式转换站\ebook-converter\数据分析\www.bookconv.com_KeywordReport_2026_9_7.csv
bing_wmt,keyword,,2026-09-07,do i need a kebup for my kobo epub file?,do i need a kebup for my kobo epub file?,,,,0,1,0%,10,,E:\一人公司\电子书格式转换站\ebook-converter\数据分析\www.bookconv.com_KeywordReport_2026_9_7.csv
bing_wmt,keyword,,2026-09-07,can kindle read azw,can kindle read azw,,,,0,1,0%,2,,E:\一人公司\电子书格式转换站\ebook-converter\数据分析\www.bookconv.com_KeywordReport_2026_9_7.csv
bing_wmt,keyword,,2026-09-07,kobo to epub converter online,kobo to epub converter online,,,,0,1,0%,9,,E:\一人公司\电子书格式转换站\ebook-converter\数据分析\www.bookconv.com_KeywordReport_2026_9_7.csv
bing_wmt,keyword,,2026-09-07,convertir epub mobi en lien,convertir epub mobi en lien,,,,0,1,0%,6,,E:\一人公司\电子书格式转换站\ebook-converter\数据分析\www.bookconv.com_KeywordReport_2026_9_7.csv
bing_wmt,keyword,,2026-09-07,best free ebook converter,best free ebook converter,,,,0,1,0%,3,,E:\一人公司\电子书格式转换站\ebook-converter\数据分析\www.bookconv.com_KeywordReport_2026_9_7.csv
bing_wmt,keyword,,2026-09-07,how to turn kobo epub to epub,how to turn kobo epub to epub,,,,0,1,0%,1,,E:\一人公司\电子书格式转换站\ebook-converter\数据分析\www.bookconv.com_KeywordReport_2026_9_7.csv
bing_wmt,keyword,,2026-09-07,is mobi a good ebook format,is mobi a good ebook format,,,,0,1,0%,8,,E:\一人公司\电子书格式转换站\ebook-converter\数据分析\www.bookconv.com_KeywordReport_2026_9_7.csv
bing_wmt,keyword,,2026-09-07,mobi kf8 azw3 format specification,mobi kf8 azw3 format specification,,,,0,1,0%,7,,E:\一人公司\电子书格式转换站\ebook-converter\数据分析\www.bookconv.com_KeywordReport_2026_9_7.csv
bing_wmt,keyword,,2026-09-07,should i convert epub to azw3 or kfx for kindle scribe calibre,should i convert epub to azw3 or kfx for kindle scribe calibre,,,,0,1,0%,1,,E:\一人公司\电子书格式转换站\ebook-converter\数据分析\www.bookconv.com_KeywordReport_2026_9_7.csv
bing_wmt,keyword,,2026-09-07,how to convert a .cbr into .pdf using sumatra pdf,how to convert a .cbr into .pdf using sumatra pdf,,,,0,1,0%,7,,E:\一人公司\电子书格式转换站\ebook-converter\数据分析\www.bookconv.com_KeywordReport_2026_9_7.csv
bing_wmt,keyword,,2026-09-07,best free ebook reader app,best free ebook reader app,,,,0,1,0%,5,,E:\一人公司\电子书格式转换站\ebook-converter\数据分析\www.bookconv.com_KeywordReport_2026_9_7.csv
bing_wmt,keyword,,2026-09-07,what format does kindle use,what format does kindle use,,,,0,1,0%,9,,E:\一人公司\电子书格式转换站\ebook-converter\数据分析\www.bookconv.com_KeywordReport_2026_9_7.csv
bing_wmt,keyword,,2026-09-07,kobo epub conversion,kobo epub conversion,,,,0,1,0%,6,,E:\一人公司\电子书格式转换站\ebook-converter\数据分析\www.bookconv.com_KeywordReport_2026_9_7.csv
bing_wmt,keyword,,2026-09-07,conversion booksnwritingofficial vers epub,conversion booksnwritingofficial vers epub,,,,0,1,0%,7,,E:\一人公司\电子书格式转换站\ebook-converter\数据分析\www.bookconv.com_KeywordReport_2026_9_7.csv
bing_wmt,keyword,,2026-09-07,current kindle format,current kindle format,,,,0,1,0%,6,,E:\一人公司\电子书格式转换站\ebook-converter\数据分析\www.bookconv.com_KeywordReport_2026_9_7.csv
bing_wmt,keyword,,2026-09-07,convertir archivos mobi a cbr,convertir archivos mobi  a cbr,,,,0,1,0%,5,,E:\一人公司\电子书格式转换站\ebook-converter\数据分析\www.bookconv.com_KeywordReport_2026_9_7.csv
bing_wmt,keyword,,2026-09-07,pdf epub mobi,pdf epub mobi,,,,0,1,0%,3,,E:\一人公司\电子书格式转换站\ebook-converter\数据分析\www.bookconv.com_KeywordReport_2026_9_7.csv
bing_wmt,keyword,,2026-09-07,can amazon kindle read azw3,can amazon kindle read azw3,,,,1,1,100%,1,,E:\一人公司\电子书格式转换站\ebook-converter\数据分析\www.bookconv.com_KeywordReport_2026_9_7.csv
bing_wmt,keyword,,2026-09-07,convertidor epub azw3 mobi descarga,convertidor epub azw3 mobi descarga,,,,0,1,0%,5,,E:\一人公司\电子书格式转换站\ebook-converter\数据分析\www.bookconv.com_KeywordReport_2026_9_7.csv
bing_wmt,keyword,,2026-09-07,epub to pdf linux command,epub to pdf linux command,,,,0,1,0%,2,,E:\一人公司\电子书格式转换站\ebook-converter\数据分析\www.bookconv.com_KeywordReport_2026_9_7.csv
bing_wmt,keyword,,2026-09-07,kindle available formats,kindle available formats,,,,0,1,0%,7,,E:\一人公司\电子书格式转换站\ebook-converter\数据分析\www.bookconv.com_KeywordReport_2026_9_7.csv
bing_wmt,keyword,,2026-09-07,kinlde azw files compatibility reader 2013,kinlde azw files compatibility reader 2013,,,,1,1,100%,2,,E:\一人公司\电子书格式转换站\ebook-converter\数据分析\www.bookconv.com_KeywordReport_2026_9_7.csv
bing_wmt,keyword,,2026-09-07,verschil tussen epub 2 en 3,verschil tussen epub 2 en 3,,,,0,1,0%,8,,E:\一人公司\电子书格式转换站\ebook-converter\数据分析\www.bookconv.com_KeywordReport_2026_9_7.csv
bing_wmt,keyword,,2026-09-07,can kobo read mobi,can kobo read mobi,,,,0,1,0%,3,,E:\一人公司\电子书格式转换站\ebook-converter\数据分析\www.bookconv.com_KeywordReport_2026_9_7.csv
bing_wmt,keyword,,2026-09-07,should i convert epub to azw3 or kfx for kindle scribe,should i convert epub to azw3 or kfx for kindle scribe,,,,1,1,100%,1,,E:\一人公司\电子书格式转换站\ebook-converter\数据分析\www.bookconv.com_KeywordReport_2026_9_7.csv
bing_wmt,keyword,,2026-09-07,elegir formato tomar epub celulares,elegir formato tomar epub celulares,,,,0,1,0%,7,,E:\一人公司\电子书格式转换站\ebook-converter\数据分析\www.bookconv.com_KeywordReport_2026_9_7.csv
bing_wmt,keyword,,2026-09-07,how to connect apple books with kobo,how to connect apple books with kobo,,,,0,1,0%,4,,E:\一人公司\电子书格式转换站\ebook-converter\数据分析\www.bookconv.com_KeywordReport_2026_9_7.csv
bing_wmt,keyword,,2026-09-07,if i am trying to out my kidnle books.on my kobo will they just look like odf?,if i am trying to out my kidnle books.on my kobo will they just look like odf?,,,,0,1,0%,3,,E:\一人公司\电子书格式转换站\ebook-converter\数据分析\www.bookconv.com_KeywordReport_2026_9_7.csv
bing_wmt,keyword,,2026-09-07,"azw3 mobi epub, which is best?","azw3 mobi epub, which is best?",,,,0,1,0%,3,,E:\一人公司\电子书格式转换站\ebook-converter\数据分析\www.bookconv.com_KeywordReport_2026_9_7.csv
bing_wmt,keyword,,2026-09-07,can x3 read azw3,can x3 read azw3,,,,0,1,0%,3,,E:\一人公司\电子书格式转换站\ebook-converter\数据分析\www.bookconv.com_KeywordReport_2026_9_7.csv
bing_wmt,keyword,,2026-09-07,free online converter mobi to epub keep images and formatting,free online converter mobi to epub keep images and formatting,,,,0,1,0%,4,,E:\一人公司\电子书格式转换站\ebook-converter\数据分析\www.bookconv.com_KeywordReport_2026_9_7.csv
bing_wmt,keyword,,2026-09-07,convertidor epub,convertidor epub,,,,0,1,0%,7,,E:\一人公司\电子书格式转换站\ebook-converter\数据分析\www.bookconv.com_KeywordReport_2026_9_7.csv
bing_wmt,keyword,,2026-09-07,ebook format convetrer,ebook format convetrer,,,,0,1,0%,5,,E:\一人公司\电子书格式转换站\ebook-converter\数据分析\www.bookconv.com_KeywordReport_2026_9_7.csv
bing_wmt,keyword,,2026-09-07,what format ebook to read on kindle,what format ebook to read on kindle,,,,0,1,0%,5,,E:\一人公司\电子书格式转换站\ebook-converter\数据分析\www.bookconv.com_KeywordReport_2026_9_7.csv
bing_wmt,keyword,,2026-09-07,convert azw3 doc to book on kindle fire,convert azw3 doc to book on kindle fire,,,,0,1,0%,7,,E:\一人公司\电子书格式转换站\ebook-converter\数据分析\www.bookconv.com_KeywordReport_2026_9_7.csv
bing_wmt,keyword,,2026-09-07,epub or mobi for kobo,epub or mobi for kobo,,,,0,1,0%,5,,E:\一人公司\电子书格式转换站\ebook-converter\数据分析\www.bookconv.com_KeywordReport_2026_9_7.csv
bing_wmt,keyword,,2026-09-07,"what formats works on kindle, does azw3 work?","what formats works on kindle, does azw3 work?",,,,0,1,0%,8,,E:\一人公司\电子书格式转换站\ebook-converter\数据分析\www.bookconv.com_KeywordReport_2026_9_7.csv
bing_wmt,keyword,,2026-09-07,"pdf,djvu,epub,fb2,mobi,azw3,doc,docx,rtf,cbr,cbz,,zip,rar,txt,odt,chm games","pdf,djvu,epub,fb2,mobi,azw3,doc,docx,rtf,cbr,cbz,,zip,rar,txt,odt,chm games",,,,0,1,0%,1,,E:\一人公司\电子书格式转换站\ebook-converter\数据分析\www.bookconv.com_KeywordReport_2026_9_7.csv
bing_wmt,keyword,,2026-09-07,convert awd doc to book on kindle fire,convert awd doc to book on kindle fire,,,,0,1,0%,5,,E:\一人公司\电子书格式转换站\ebook-converter\数据分析\www.bookconv.com_KeywordReport_2026_9_7.csv
bing_wmt,keyword,,2026-09-07,epub to pdf linux,epub to pdf linux,,,,0,1,0%,8,,E:\一人公司\电子书格式转换站\ebook-converter\数据分析\www.bookconv.com_KeywordReport_2026_9_7.csv
bing_wmt,keyword,,2026-09-07,free convert lit to mobi,free convert lit to mobi,,,,0,1,0%,7,,E:\一人公司\电子书格式转换站\ebook-converter\数据分析\www.bookconv.com_KeywordReport_2026_9_7.csv
bing_wmt,keyword,,2026-09-07,"pdf,djvu,epub,fb2,mobi,azw3,doc,docx,rtf,cbr,cbz,,zip,rar,txt,odt,chm","pdf,djvu,epub,fb2,mobi,azw3,doc,docx,rtf,cbr,cbz,,zip,rar,txt,odt,chm",,,,0,1,0%,1,,E:\一人公司\电子书格式转换站\ebook-converter\数据分析\www.bookconv.com_KeywordReport_2026_9_7.csv
bing_wmt,keyword,,2026-09-07,kfx kindle,kfx kindle,,,,0,1,0%,4,,E:\一人公司\电子书格式转换站\ebook-converter\数据分析\www.bookconv.com_KeywordReport_2026_9_7.csv
bing_wmt,keyword,,2026-09-07,what is the best format to convert an ebook to read for free,what is the best format to convert an ebook to read for free,,,,0,1,0%,5,,E:\一人公司\电子书格式转换站\ebook-converter\数据分析\www.bookconv.com_KeywordReport_2026_9_7.csv
bing_wmt,keyword,,2026-09-07,azw3 es.compatible.con kindle,azw3 es.compatible.con kindle,,,,0,1,0%,5,,E:\一人公司\电子书格式转换站\ebook-converter\数据分析\www.bookconv.com_KeywordReport_2026_9_7.csv
bing_wmt,keyword,,2026-09-07,+commandandconvertbook,+commandandconvertbook,,,,0,1,0%,4,,E:\一人公司\电子书格式转换站\ebook-converter\数据分析\www.bookconv.com_KeywordReport_2026_9_7.csv
bing_wmt,keyword,,2026-09-07,my epub is not opening in kindle preview how do i fix,my epub is not opening in kindle preview how do i fix,,,,0,1,0%,2,,E:\一人公司\电子书格式转换站\ebook-converter\数据分析\www.bookconv.com_KeywordReport_2026_9_7.csv
bing_wmt,keyword,,2026-09-07,kindle format mobi or epub,kindle format mobi or epub,,,,0,1,0%,10,,E:\一人公司\电子书格式转换站\ebook-converter\数据分析\www.bookconv.com_KeywordReport_2026_9_7.csv
bing_wmt,keyword,,2026-09-07,why does converting epub to pdf result in smaller viewing area?,why does converting epub to pdf result in smaller viewing area?,,,,1,1,100%,1,,E:\一人公司\电子书格式转换站\ebook-converter\数据分析\www.bookconv.com_KeywordReport_2026_9_7.csv
bing_wmt,keyword,,2026-09-07,azw3 vs mobi for kindle,azw3 vs mobi for kindle,,,,0,1,0%,3,,E:\一人公司\电子书格式转换站\ebook-converter\数据分析\www.bookconv.com_KeywordReport_2026_9_7.csv
bing_wmt,keyword,,2026-09-07,azw3 format,azw3 format,,,,0,1,0%,10,,E:\一人公司\电子书格式转换站\ebook-converter\数据分析\www.bookconv.com_KeywordReport_2026_9_7.csv
bing_wmt,keyword,,2026-09-07,convertidor epub gratis,convertidor epub gratis,,,,0,1,0%,7,,E:\一人公司\电子书格式转换站\ebook-converter\数据分析\www.bookconv.com_KeywordReport_2026_9_7.csv
bing_wmt,keyword,,2026-09-07,amazon kindle scribe reading formats azw3 kfx epub official,amazon kindle scribe reading formats azw3 kfx epub official,,,,0,1,0%,3,,E:\一人公司\电子书格式转换站\ebook-converter\数据分析\www.bookconv.com_KeywordReport_2026_9_7.csv
bing_wmt,keyword,,2026-09-07,which is the native format of kindle - opf or kfx,which is the native format of kindle - opf or kfx,,,,0,1,0%,2,,E:\一人公司\电子书格式转换站\ebook-converter\数据分析\www.bookconv.com_KeywordReport_2026_9_7.csv
bing_wmt,keyword,,2026-09-07,cambio de epub a mobi,cambio de epub a mobi,,,,0,1,0%,9,,E:\一人公司\电子书格式转换站\ebook-converter\数据分析\www.bookconv.com_KeywordReport_2026_9_7.csv
bing_wmt,keyword,,2026-09-07,what is the best format of files for kobo readeers,what is the best format of files for kobo readeers,,,,0,1,0%,8,,E:\一人公司\电子书格式转换站\ebook-converter\数据分析\www.bookconv.com_KeywordReport_2026_9_7.csv
bing_wmt,keyword,,2026-09-07,cbr to pdf scale so all pages are exactly the same,cbr to pdf scale so all pages are exactly the same,,,,0,1,0%,2,,E:\一人公司\电子书格式转换站\ebook-converter\数据分析\www.bookconv.com_KeywordReport_2026_9_7.csv
bing_wmt,keyword,,2026-09-07,e\book converter,e\book converter,,,,1,1,100%,7,,E:\一人公司\电子书格式转换站\ebook-converter\数据分析\www.bookconv.com_KeywordReport_2026_9_7.csv
bing_wmt,keyword,,2026-09-07,2012 kindle black won't read azw file,2012 kindle black won't read azw file,,,,0,1,0%,1,,E:\一人公司\电子书格式转换站\ebook-converter\数据分析\www.bookconv.com_KeywordReport_2026_9_7.csv
bing_wmt,keyword,,2026-09-07,output .epub to plaintext,output .epub to plaintext,,,,0,1,0%,8,,E:\一人公司\电子书格式转换站\ebook-converter\数据分析\www.bookconv.com_KeywordReport_2026_9_7.csv
bing_wmt,keyword,,2026-09-07,not all books work in kindle format right yes no,not all books work in kindle format right yes no,,,,0,1,0%,3,,E:\一人公司\电子书格式转换站\ebook-converter\数据分析\www.bookconv.com_KeywordReport_2026_9_7.csv
bing_wmt,page_traffic,,2026-09-03,,,https://www.bookconv.com/blog/kindle-epub-azw3-mobi,https://www.bookconv.com/blog/kindle-epub-azw3-mobi,www.bookconv.com,1,29,3.45%,4.344831034482759,,E:\一人公司\电子书格式转换站\ebook-converter\数据分析\www.bookconv.com_PageTrafficReport_2026_9_3.csv
bing_wmt,page_traffic,,2026-09-03,,,https://www.bookconv.com/guide/kindle-formats,https://www.bookconv.com/guide/kindle-formats,www.bookconv.com,1,26,3.85%,5.8076923076923075,,E:\一人公司\电子书格式转换站\ebook-converter\数据分析\www.bookconv.com_PageTrafficReport_2026_9_3.csv
bing_wmt,page_traffic,,2026-09-03,,,https://www.bookconv.com/,https://www.bookconv.com/,www.bookconv.com,1,24,4.17%,12.125004166666665,,E:\一人公司\电子书格式转换站\ebook-converter\数据分析\www.bookconv.com_PageTrafficReport_2026_9_3.csv
bing_wmt,page_traffic,,2026-09-03,,,https://www.bookconv.com/blog/kobo-to-epub,https://www.bookconv.com/blog/kobo-to-epub,www.bookconv.com,1,21,4.76%,4.714285714285714,,E:\一人公司\电子书格式转换站\ebook-converter\数据分析\www.bookconv.com_PageTrafficReport_2026_9_3.csv
bing_wmt,page_traffic,,2026-09-03,,,https://www.bookconv.com/es,https://www.bookconv.com/es,www.bookconv.com,0,19,0%,5.2105263157894735,,E:\一人公司\电子书格式转换站\ebook-converter\数据分析\www.bookconv.com_PageTrafficReport_2026_9_3.csv
bing_wmt,page_traffic,,2026-09-03,,,https://www.bookconv.com/blog/azw3-epub-mobi-kindle-compatibility,https://www.bookconv.com/blog/azw3-epub-mobi-kindle-compatibility,www.bookconv.com,0,17,0%,4.411758823529412,,E:\一人公司\电子书格式转换站\ebook-converter\数据分析\www.bookconv.com_PageTrafficReport_2026_9_3.csv
bing_wmt,page_traffic,,2026-09-03,,,https://www.bookconv.com/blog/can-kindle-read-azw3,https://www.bookconv.com/blog/can-kindle-read-azw3,www.bookconv.com,2,14,14.290000000000001%,2.214292857142857,,E:\一人公司\电子书格式转换站\ebook-converter\数据分析\www.bookconv.com_PageTrafficReport_2026_9_3.csv
bing_wmt,page_traffic,,2026-09-03,,,https://www.bookconv.com/guide/mobi-vs-azw3,https://www.bookconv.com/guide/mobi-vs-azw3,www.bookconv.com,1,11,9.09%,3.9091000000000005,,E:\一人公司\电子书格式转换站\ebook-converter\数据分析\www.bookconv.com_PageTrafficReport_2026_9_3.csv
bing_wmt,page_traffic,,2026-09-03,,,https://www.bookconv.com/blog/azw3-epub-mobi-kindle,https://www.bookconv.com/blog/azw3-epub-mobi-kindle,www.bookconv.com,1,11,9.09%,4.363636363636363,,E:\一人公司\电子书格式转换站\ebook-converter\数据分析\www.bookconv.com_PageTrafficReport_2026_9_3.csv
bing_wmt,page_traffic,,2026-09-03,,,https://www.bookconv.com/blog/sync-reading-across-devices,https://www.bookconv.com/blog/sync-reading-across-devices,www.bookconv.com,0,11,0%,4.181818181818182,,E:\一人公司\电子书格式转换站\ebook-converter\数据分析\www.bookconv.com_PageTrafficReport_2026_9_3.csv
bing_wmt,page_traffic,,2026-09-03,,,https://www.bookconv.com/blog/ebook-formats-explained,https://www.bookconv.com/blog/ebook-formats-explained,www.bookconv.com,0,10,0%,6.500020000000001,,E:\一人公司\电子书格式转换站\ebook-converter\数据分析\www.bookconv.com_PageTrafficReport_2026_9_3.csv
bing_wmt,page_traffic,,2026-09-03,,,https://www.bookconv.com/es/blog/ebook-formats-explained,https://www.bookconv.com/es/blog/ebook-formats-explained,www.bookconv.com,0,6,0%,5.5,,E:\一人公司\电子书格式转换站\ebook-converter\数据分析\www.bookconv.com_PageTrafficReport_2026_9_3.csv
bing_wmt,page_traffic,,2026-09-03,,,https://www.bookconv.com/guide/mobi-to-epub-keep-formatting,https://www.bookconv.com/guide/mobi-to-epub-keep-formatting,www.bookconv.com,0,6,0%,2.1666666666666665,,E:\一人公司\电子书格式转换站\ebook-converter\数据分析\www.bookconv.com_PageTrafficReport_2026_9_3.csv
bing_wmt,page_traffic,,2026-09-03,,,https://www.bookconv.com/guide/epub-to-azw3-for-kindle,https://www.bookconv.com/guide/epub-to-azw3-for-kindle,www.bookconv.com,1,6,16.67%,3.5,,E:\一人公司\电子书格式转换站\ebook-converter\数据分析\www.bookconv.com_PageTrafficReport_2026_9_3.csv
bing_wmt,page_traffic,,2026-09-03,,,https://www.bookconv.com/blog/epub3-vs-epub2,https://www.bookconv.com/blog/epub3-vs-epub2,www.bookconv.com,0,5,0%,4.8,,E:\一人公司\电子书格式转换站\ebook-converter\数据分析\www.bookconv.com_PageTrafficReport_2026_9_3.csv
bing_wmt,page_traffic,,2026-09-03,,,https://www.bookconv.com/guide/txt-to-epub-build-ebook,https://www.bookconv.com/guide/txt-to-epub-build-ebook,www.bookconv.com,0,5,0%,6.8,,E:\一人公司\电子书格式转换站\ebook-converter\数据分析\www.bookconv.com_PageTrafficReport_2026_9_3.csv
bing_wmt,page_traffic,,2026-09-03,,,https://www.bookconv.com/guide/fix-epub-to-pdf-formatting,https://www.bookconv.com/guide/fix-epub-to-pdf-formatting,www.bookconv.com,1,5,20%,3.6,,E:\一人公司\电子书格式转换站\ebook-converter\数据分析\www.bookconv.com_PageTrafficReport_2026_9_3.csv
bing_wmt,page_traffic,,2026-09-03,,,https://www.bookconv.com/guide/epub-to-mobi-keep-formatting,https://www.bookconv.com/guide/epub-to-mobi-keep-formatting,www.bookconv.com,1,5,20%,3.59998,,E:\一人公司\电子书格式转换站\ebook-converter\数据分析\www.bookconv.com_PageTrafficReport_2026_9_3.csv
bing_wmt,page_traffic,,2026-09-03,,,https://www.bookconv.com/blog/why-ebook-wont-open-kindle,https://www.bookconv.com/blog/why-ebook-wont-open-kindle,www.bookconv.com,1,4,25%,4.25,,E:\一人公司\电子书格式转换站\ebook-converter\数据分析\www.bookconv.com_PageTrafficReport_2026_9_3.csv
bing_wmt,page_traffic,,2026-09-03,,,https://www.bookconv.com/es/blog/azw3-vs-mobi,https://www.bookconv.com/es/blog/azw3-vs-mobi,www.bookconv.com,0,4,0%,6.25,,E:\一人公司\电子书格式转换站\ebook-converter\数据分析\www.bookconv.com_PageTrafficReport_2026_9_3.csv
bing_wmt,page_traffic,,2026-09-03,,,https://www.bookconv.com/guide/pdf-to-epub-keep-formatting,https://www.bookconv.com/guide/pdf-to-epub-keep-formatting,www.bookconv.com,0,4,0%,4,,E:\一人公司\电子书格式转换站\ebook-converter\数据分析\www.bookconv.com_PageTrafficReport_2026_9_3.csv
bing_wmt,page_traffic,,2026-09-03,,,https://www.bookconv.com/es/blog/epub-to-pdf-linux,https://www.bookconv.com/es/blog/epub-to-pdf-linux,www.bookconv.com,1,4,25%,3.75,,E:\一人公司\电子书格式转换站\ebook-converter\数据分析\www.bookconv.com_PageTrafficReport_2026_9_3.csv
bing_wmt,page_traffic,,2026-09-03,,,https://www.bookconv.com/guide/calibre-alternative,https://www.bookconv.com/guide/calibre-alternative,www.bookconv.com,0,4,0%,7.25,,E:\一人公司\电子书格式转换站\ebook-converter\数据分析\www.bookconv.com_PageTrafficReport_2026_9_3.csv
bing_wmt,page_traffic,,2026-09-03,,,https://www.bookconv.com/guide/docx-to-epub-self-publish,https://www.bookconv.com/guide/docx-to-epub-self-publish,www.bookconv.com,0,3,0%,3.6666666666666665,,E:\一人公司\电子书格式转换站\ebook-converter\数据分析\www.bookconv.com_PageTrafficReport_2026_9_3.csv
bing_wmt,page_traffic,,2026-09-03,,,https://www.bookconv.com/es/blog/mobi-to-epub,https://www.bookconv.com/es/blog/mobi-to-epub,www.bookconv.com,0,3,0%,9,,E:\一人公司\电子书格式转换站\ebook-converter\数据分析\www.bookconv.com_PageTrafficReport_2026_9_3.csv
bing_wmt,page_traffic,,2026-09-03,,,https://www.bookconv.com/es/blog/epub-to-mobi-guide,https://www.bookconv.com/es/blog/epub-to-mobi-guide,www.bookconv.com,0,3,0%,7.333333333333333,,E:\一人公司\电子书格式转换站\ebook-converter\数据分析\www.bookconv.com_PageTrafficReport_2026_9_3.csv
bing_wmt,page_traffic,,2026-09-03,,,https://www.bookconv.com/guide/cbr-to-pdf,https://www.bookconv.com/guide/cbr-to-pdf,www.bookconv.com,0,3,0%,5.666666666666667,,E:\一人公司\电子书格式转换站\ebook-converter\数据分析\www.bookconv.com_PageTrafficReport_2026_9_3.csv
bing_wmt,page_traffic,,2026-09-03,,,https://www.bookconv.com/blog/epub-vs-mobi,https://www.bookconv.com/blog/epub-vs-mobi,www.bookconv.com,0,3,0%,6.666666666666667,,E:\一人公司\电子书格式转换站\ebook-converter\数据分析\www.bookconv.com_PageTrafficReport_2026_9_3.csv
bing_wmt,page_traffic,,2026-09-03,,,https://www.bookconv.com/convert/epub-to-zip,https://www.bookconv.com/convert/epub-to-zip,www.bookconv.com,0,2,0%,6.5,,E:\一人公司\电子书格式转换站\ebook-converter\数据分析\www.bookconv.com_PageTrafficReport_2026_9_3.csv
bing_wmt,page_traffic,,2026-09-03,,,https://www.bookconv.com/convert,https://www.bookconv.com/convert,www.bookconv.com,0,2,0%,4,,E:\一人公司\电子书格式转换站\ebook-converter\数据分析\www.bookconv.com_PageTrafficReport_2026_9_3.csv
bing_wmt,page_traffic,,2026-09-03,,,https://www.bookconv.com/es/blog/how-to-convert-epub-to-mobi,https://www.bookconv.com/es/blog/how-to-convert-epub-to-mobi,www.bookconv.com,0,2,0%,7,,E:\一人公司\电子书格式转换站\ebook-converter\数据分析\www.bookconv.com_PageTrafficReport_2026_9_3.csv
bing_wmt,page_traffic,,2026-09-03,,,https://www.bookconv.com/guide/azw3-to-mobi-keep-formatting,https://www.bookconv.com/guide/azw3-to-mobi-keep-formatting,www.bookconv.com,0,1,0%,8,,E:\一人公司\电子书格式转换站\ebook-converter\数据分析\www.bookconv.com_PageTrafficReport_2026_9_3.csv
bing_wmt,page_traffic,,2026-09-03,,,https://www.bookconv.com/help,https://www.bookconv.com/help,www.bookconv.com,0,1,0%,4,,E:\一人公司\电子书格式转换站\ebook-converter\数据分析\www.bookconv.com_PageTrafficReport_2026_9_3.csv
bing_wmt,page_traffic,,2026-09-03,,,https://www.bookconv.com/blog/best-ebook-reader-apps,https://www.bookconv.com/blog/best-ebook-reader-apps,www.bookconv.com,0,1,0%,5,,E:\一人公司\电子书格式转换站\ebook-converter\数据分析\www.bookconv.com_PageTrafficReport_2026_9_3.csv
bing_wmt,page_traffic,,2026-09-03,,,https://www.bookconv.com/guide,https://www.bookconv.com/guide,www.bookconv.com,0,1,0%,10,,E:\一人公司\电子书格式转换站\ebook-converter\数据分析\www.bookconv.com_PageTrafficReport_2026_9_3.csv
bing_wmt,page_traffic,,2026-09-03,,,https://www.bookconv.com/guide/lit-to-epub-keep-formatting,https://www.bookconv.com/guide/lit-to-epub-keep-formatting,www.bookconv.com,0,1,0%,3,,E:\一人公司\电子书格式转换站\ebook-converter\数据分析\www.bookconv.com_PageTrafficReport_2026_9_3.csv
bing_wmt,page_traffic,,2026-09-03,,,https://www.bookconv.com/guide/epub-to-txt-extract,https://www.bookconv.com/guide/epub-to-txt-extract,www.bookconv.com,0,1,0%,8,,E:\一人公司\电子书格式转换站\ebook-converter\数据分析\www.bookconv.com_PageTrafficReport_2026_9_3.csv
bing_wmt,page_traffic,,2026-09-03,,,https://www.bookconv.com/convert/lit-to-mobi,https://www.bookconv.com/convert/lit-to-mobi,www.bookconv.com,0,1,0%,5,,E:\一人公司\电子书格式转换站\ebook-converter\数据分析\www.bookconv.com_PageTrafficReport_2026_9_3.csv
bing_wmt,page_traffic,,2026-09-03,,,https://www.bookconv.com/guide/djvu-to-pdf,https://www.bookconv.com/guide/djvu-to-pdf,www.bookconv.com,0,1,0%,8,,E:\一人公司\电子书格式转换站\ebook-converter\数据分析\www.bookconv.com_PageTrafficReport_2026_9_3.csv
bing_wmt,page_traffic,,2026-09-07,,,https://www.bookconv.com/,https://www.bookconv.com/,www.bookconv.com,3,43,6.98%,9.395341860465116,,E:\一人公司\电子书格式转换站\ebook-converter\数据分析\www.bookconv.com_PageTrafficReport_2026_9_7.csv
bing_wmt,page_traffic,,2026-09-07,,,https://www.bookconv.com/blog/kindle-epub-azw3-mobi,https://www.bookconv.com/blog/kindle-epub-azw3-mobi,www.bookconv.com,1,41,2.44%,4.536587804878049,,E:\一人公司\电子书格式转换站\ebook-converter\数据分析\www.bookconv.com_PageTrafficReport_2026_9_7.csv
bing_wmt,page_traffic,,2026-09-07,,,https://www.bookconv.com/guide/kindle-formats,https://www.bookconv.com/guide/kindle-formats,www.bookconv.com,1,40,2.5%,5.95,,E:\一人公司\电子书格式转换站\ebook-converter\数据分析\www.bookconv.com_PageTrafficReport_2026_9_7.csv
bing_wmt,page_traffic,,2026-09-07,,,https://www.bookconv.com/es,https://www.bookconv.com/es,www.bookconv.com,0,26,0%,5.730769230769231,,E:\一人公司\电子书格式转换站\ebook-converter\数据分析\www.bookconv.com_PageTrafficReport_2026_9_7.csv
bing_wmt,page_traffic,,2026-09-07,,,https://www.bookconv.com/blog/kobo-to-epub,https://www.bookconv.com/blog/kobo-to-epub,www.bookconv.com,1,23,4.3500000000000005%,5.173913043478261,,E:\一人公司\电子书格式转换站\ebook-converter\数据分析\www.bookconv.com_PageTrafficReport_2026_9_7.csv
bing_wmt,page_traffic,,2026-09-07,,,https://www.bookconv.com/blog/azw3-epub-mobi-kindle-compatibility,https://www.bookconv.com/blog/azw3-epub-mobi-kindle-compatibility,www.bookconv.com,0,17,0%,4.411758823529412,,E:\一人公司\电子书格式转换站\ebook-converter\数据分析\www.bookconv.com_PageTrafficReport_2026_9_7.csv
bing_wmt,page_traffic,,2026-09-07,,,https://www.bookconv.com/blog/can-kindle-read-azw3,https://www.bookconv.com/blog/can-kindle-read-azw3,www.bookconv.com,2,16,12.5%,2.12500625,,E:\一人公司\电子书格式转换站\ebook-converter\数据分析\www.bookconv.com_PageTrafficReport_2026_9_7.csv
bing_wmt,page_traffic,,2026-09-07,,,https://www.bookconv.com/blog/sync-reading-across-devices,https://www.bookconv.com/blog/sync-reading-across-devices,www.bookconv.com,0,15,0%,4.8,,E:\一人公司\电子书格式转换站\ebook-converter\数据分析\www.bookconv.com_PageTrafficReport_2026_9_7.csv
bing_wmt,page_traffic,,2026-09-07,,,https://www.bookconv.com/blog/ebook-formats-explained,https://www.bookconv.com/blog/ebook-formats-explained,www.bookconv.com,0,15,0%,5.46668,,E:\一人公司\电子书格式转换站\ebook-converter\数据分析\www.bookconv.com_PageTrafficReport_2026_9_7.csv
bing_wmt,page_traffic,,2026-09-07,,,https://www.bookconv.com/blog/azw3-epub-mobi-kindle,https://www.bookconv.com/blog/azw3-epub-mobi-kindle,www.bookconv.com,1,14,7.140000000000001%,4.357142857142857,,E:\一人公司\电子书格式转换站\ebook-converter\数据分析\www.bookconv.com_PageTrafficReport_2026_9_7.csv
bing_wmt,page_traffic,,2026-09-07,,,https://www.bookconv.com/blog/why-ebook-wont-open-kindle,https://www.bookconv.com/blog/why-ebook-wont-open-kindle,www.bookconv.com,1,12,8.33%,4.666675000000001,,E:\一人公司\电子书格式转换站\ebook-converter\数据分析\www.bookconv.com_PageTrafficReport_2026_9_7.csv
bing_wmt,page_traffic,,2026-09-07,,,https://www.bookconv.com/guide/mobi-vs-azw3,https://www.bookconv.com/guide/mobi-vs-azw3,www.bookconv.com,1,11,9.09%,3.9091000000000005,,E:\一人公司\电子书格式转换站\ebook-converter\数据分析\www.bookconv.com_PageTrafficReport_2026_9_7.csv
bing_wmt,page_traffic,,2026-09-07,,,https://www.bookconv.com/blog/epub3-vs-epub2,https://www.bookconv.com/blog/epub3-vs-epub2,www.bookconv.com,0,10,0%,5.9,,E:\一人公司\电子书格式转换站\ebook-converter\数据分析\www.bookconv.com_PageTrafficReport_2026_9_7.csv
bing_wmt,page_traffic,,2026-09-07,,,https://www.bookconv.com/es/blog/ebook-formats-explained,https://www.bookconv.com/es/blog/ebook-formats-explained,www.bookconv.com,0,8,0%,5.5,,E:\一人公司\电子书格式转换站\ebook-converter\数据分析\www.bookconv.com_PageTrafficReport_2026_9_7.csv
bing_wmt,page_traffic,,2026-09-07,,,https://www.bookconv.com/guide/txt-to-epub-build-ebook,https://www.bookconv.com/guide/txt-to-epub-build-ebook,www.bookconv.com,0,8,0%,6,,E:\一人公司\电子书格式转换站\ebook-converter\数据分析\www.bookconv.com_PageTrafficReport_2026_9_7.csv
bing_wmt,page_traffic,,2026-09-07,,,https://www.bookconv.com/guide/docx-to-epub-self-publish,https://www.bookconv.com/guide/docx-to-epub-self-publish,www.bookconv.com,0,7,0%,3.857142857142857,,E:\一人公司\电子书格式转换站\ebook-converter\数据分析\www.bookconv.com_PageTrafficReport_2026_9_7.csv
bing_wmt,page_traffic,,2026-09-07,,,https://www.bookconv.com/es/blog/azw3-vs-mobi,https://www.bookconv.com/es/blog/azw3-vs-mobi,www.bookconv.com,0,7,0%,4.714285714285714,,E:\一人公司\电子书格式转换站\ebook-converter\数据分析\www.bookconv.com_PageTrafficReport_2026_9_7.csv
bing_wmt,page_traffic,,2026-09-07,,,https://www.bookconv.com/guide/mobi-to-epub-keep-formatting,https://www.bookconv.com/guide/mobi-to-epub-keep-formatting,www.bookconv.com,0,6,0%,2.1666666666666665,,E:\一人公司\电子书格式转换站\ebook-converter\数据分析\www.bookconv.com_PageTrafficReport_2026_9_7.csv
bing_wmt,page_traffic,,2026-09-07,,,https://www.bookconv.com/guide/epub-to-azw3-for-kindle,https://www.bookconv.com/guide/epub-to-azw3-for-kindle,www.bookconv.com,1,6,16.67%,3.5,,E:\一人公司\电子书格式转换站\ebook-converter\数据分析\www.bookconv.com_PageTrafficReport_2026_9_7.csv
bing_wmt,page_traffic,,2026-09-07,,,https://www.bookconv.com/es/blog/epub-to-pdf-linux,https://www.bookconv.com/es/blog/epub-to-pdf-linux,www.bookconv.com,1,5,20%,3.4,,E:\一人公司\电子书格式转换站\ebook-converter\数据分析\www.bookconv.com_PageTrafficReport_2026_9_7.csv
bing_wmt,page_traffic,,2026-09-07,,,https://www.bookconv.com/guide/fix-epub-to-pdf-formatting,https://www.bookconv.com/guide/fix-epub-to-pdf-formatting,www.bookconv.com,1,5,20%,3.6,,E:\一人公司\电子书格式转换站\ebook-converter\数据分析\www.bookconv.com_PageTrafficReport_2026_9_7.csv
bing_wmt,page_traffic,,2026-09-07,,,https://www.bookconv.com/guide/epub-to-mobi-keep-formatting,https://www.bookconv.com/guide/epub-to-mobi-keep-formatting,www.bookconv.com,1,5,20%,3.59998,,E:\一人公司\电子书格式转换站\ebook-converter\数据分析\www.bookconv.com_PageTrafficReport_2026_9_7.csv
bing_wmt,page_traffic,,2026-09-07,,,https://www.bookconv.com/convert/epub-to-zip,https://www.bookconv.com/convert/epub-to-zip,www.bookconv.com,0,4,0%,8.25,,E:\一人公司\电子书格式转换站\ebook-converter\数据分析\www.bookconv.com_PageTrafficReport_2026_9_7.csv
bing_wmt,page_traffic,,2026-09-07,,,https://www.bookconv.com/guide/pdf-to-epub-keep-formatting,https://www.bookconv.com/guide/pdf-to-epub-keep-formatting,www.bookconv.com,0,4,0%,4,,E:\一人公司\电子书格式转换站\ebook-converter\数据分析\www.bookconv.com_PageTrafficReport_2026_9_7.csv
bing_wmt,page_traffic,,2026-09-07,,,https://www.bookconv.com/es/blog/epub-to-mobi-guide,https://www.bookconv.com/es/blog/epub-to-mobi-guide,www.bookconv.com,0,4,0%,7.75,,E:\一人公司\电子书格式转换站\ebook-converter\数据分析\www.bookconv.com_PageTrafficReport_2026_9_7.csv
bing_wmt,page_traffic,,2026-09-07,,,https://www.bookconv.com/guide/calibre-alternative,https://www.bookconv.com/guide/calibre-alternative,www.bookconv.com,0,4,0%,7.25,,E:\一人公司\电子书格式转换站\ebook-converter\数据分析\www.bookconv.com_PageTrafficReport_2026_9_7.csv
bing_wmt,page_traffic,,2026-09-07,,,https://www.bookconv.com/es/blog/mobi-to-epub,https://www.bookconv.com/es/blog/mobi-to-epub,www.bookconv.com,0,3,0%,9,,E:\一人公司\电子书格式转换站\ebook-converter\数据分析\www.bookconv.com_PageTrafficReport_2026_9_7.csv
bing_wmt,page_traffic,,2026-09-07,,,https://www.bookconv.com/blog/azw3-vs-mobi,https://www.bookconv.com/blog/azw3-vs-mobi,www.bookconv.com,0,3,0%,4.3333,,E:\一人公司\电子书格式转换站\ebook-converter\数据分析\www.bookconv.com_PageTrafficReport_2026_9_7.csv
bing_wmt,page_traffic,,2026-09-07,,,https://www.bookconv.com/guide/cbr-to-pdf,https://www.bookconv.com/guide/cbr-to-pdf,www.bookconv.com,0,3,0%,5.666666666666667,,E:\一人公司\电子书格式转换站\ebook-converter\数据分析\www.bookconv.com_PageTrafficReport_2026_9_7.csv
bing_wmt,page_traffic,,2026-09-07,,,https://www.bookconv.com/blog/epub-vs-mobi,https://www.bookconv.com/blog/epub-vs-mobi,www.bookconv.com,0,3,0%,6.666666666666667,,E:\一人公司\电子书格式转换站\ebook-converter\数据分析\www.bookconv.com_PageTrafficReport_2026_9_7.csv
bing_wmt,page_traffic,,2026-09-07,,,https://www.bookconv.com/blog/epub-to-docx,https://www.bookconv.com/blog/epub-to-docx,www.bookconv.com,0,2,0%,4,,E:\一人公司\电子书格式转换站\ebook-converter\数据分析\www.bookconv.com_PageTrafficReport_2026_9_7.csv
bing_wmt,page_traffic,,2026-09-07,,,https://www.bookconv.com/convert,https://www.bookconv.com/convert,www.bookconv.com,0,2,0%,4,,E:\一人公司\电子书格式转换站\ebook-converter\数据分析\www.bookconv.com_PageTrafficReport_2026_9_7.csv
bing_wmt,page_traffic,,2026-09-07,,,https://www.bookconv.com/convert/lit-to-mobi,https://www.bookconv.com/convert/lit-to-mobi,www.bookconv.com,0,2,0%,6,,E:\一人公司\电子书格式转换站\ebook-converter\数据分析\www.bookconv.com_PageTrafficReport_2026_9_7.csv
bing_wmt,page_traffic,,2026-09-07,,,https://www.bookconv.com/blog/mobi-to-kobo,https://www.bookconv.com/blog/mobi-to-kobo,www.bookconv.com,1,2,50%,5.5,,E:\一人公司\电子书格式转换站\ebook-converter\数据分析\www.bookconv.com_PageTrafficReport_2026_9_7.csv
bing_wmt,page_traffic,,2026-09-07,,,https://www.bookconv.com/blog/conversion-error-guide,https://www.bookconv.com/blog/conversion-error-guide,www.bookconv.com,1,2,50%,2,,E:\一人公司\电子书格式转换站\ebook-converter\数据分析\www.bookconv.com_PageTrafficReport_2026_9_7.csv
bing_wmt,page_traffic,,2026-09-07,,,https://www.bookconv.com/es/blog/how-to-convert-epub-to-mobi,https://www.bookconv.com/es/blog/how-to-convert-epub-to-mobi,www.bookconv.com,0,2,0%,7,,E:\一人公司\电子书格式转换站\ebook-converter\数据分析\www.bookconv.com_PageTrafficReport_2026_9_7.csv
bing_wmt,page_traffic,,2026-09-07,,,https://www.bookconv.com/guide/azw3-to-mobi-keep-formatting,https://www.bookconv.com/guide/azw3-to-mobi-keep-formatting,www.bookconv.com,0,1,0%,8,,E:\一人公司\电子书格式转换站\ebook-converter\数据分析\www.bookconv.com_PageTrafficReport_2026_9_7.csv
bing_wmt,page_traffic,,2026-09-07,,,https://www.bookconv.com/help,https://www.bookconv.com/help,www.bookconv.com,0,1,0%,4,,E:\一人公司\电子书格式转换站\ebook-converter\数据分析\www.bookconv.com_PageTrafficReport_2026_9_7.csv
bing_wmt,page_traffic,,2026-09-07,,,https://www.bookconv.com/blog/best-ebook-reader-apps,https://www.bookconv.com/blog/best-ebook-reader-apps,www.bookconv.com,0,1,0%,5,,E:\一人公司\电子书格式转换站\ebook-converter\数据分析\www.bookconv.com_PageTrafficReport_2026_9_7.csv
bing_wmt,page_traffic,,2026-09-07,,,https://www.bookconv.com/guide,https://www.bookconv.com/guide,www.bookconv.com,0,1,0%,10,,E:\一人公司\电子书格式转换站\ebook-converter\数据分析\www.bookconv.com_PageTrafficReport_2026_9_7.csv
bing_wmt,page_traffic,,2026-09-07,,,https://www.bookconv.com/guide/lit-to-epub-keep-formatting,https://www.bookconv.com/guide/lit-to-epub-keep-formatting,www.bookconv.com,0,1,0%,3,,E:\一人公司\电子书格式转换站\ebook-converter\数据分析\www.bookconv.com_PageTrafficReport_2026_9_7.csv
bing_wmt,page_traffic,,2026-09-07,,,https://www.bookconv.com/guide/epub-to-txt-extract,https://www.bookconv.com/guide/epub-to-txt-extract,www.bookconv.com,0,1,0%,8,,E:\一人公司\电子书格式转换站\ebook-converter\数据分析\www.bookconv.com_PageTrafficReport_2026_9_7.csv
bing_wmt,page_traffic,,2026-09-07,,,https://www.bookconv.com/blog/epub-to-word,https://www.bookconv.com/blog/epub-to-word,www.bookconv.com,0,1,0%,6,,E:\一人公司\电子书格式转换站\ebook-converter\数据分析\www.bookconv.com_PageTrafficReport_2026_9_7.csv
bing_wmt,page_traffic,,2026-09-07,,,https://www.bookconv.com/blog/fb2-to-epub,https://www.bookconv.com/blog/fb2-to-epub,www.bookconv.com,0,1,0%,4,,E:\一人公司\电子书格式转换站\ebook-converter\数据分析\www.bookconv.com_PageTrafficReport_2026_9_7.csv
bing_wmt,page_traffic,,2026-09-07,,,https://www.bookconv.com/guide/djvu-to-pdf,https://www.bookconv.com/guide/djvu-to-pdf,www.bookconv.com,0,1,0%,8,,E:\一人公司\电子书格式转换站\ebook-converter\数据分析\www.bookconv.com_PageTrafficReport_2026_9_7.csv
bing_wmt,overview_daily,2026-07-26,2026-08-30,,,,,,0,0,0,,,E:\一人公司\电子书格式转换站\ebook-converter\数据分析\www.bookconv.com_SearchPerformanceOverview_All_2026_8_30.csv
bing_wmt,overview_daily,2026-07-27,2026-08-30,,,,,,0,0,0,,,E:\一人公司\电子书格式转换站\ebook-converter\数据分析\www.bookconv.com_SearchPerformanceOverview_All_2026_8_30.csv
bing_wmt,overview_daily,2026-07-28,2026-08-30,,,,,,0,0,0,,,E:\一人公司\电子书格式转换站\ebook-converter\数据分析\www.bookconv.com_SearchPerformanceOverview_All_2026_8_30.csv
bing_wmt,overview_daily,2026-07-29,2026-08-30,,,,,,0,0,0,,,E:\一人公司\电子书格式转换站\ebook-converter\数据分析\www.bookconv.com_SearchPerformanceOverview_All_2026_8_30.csv
bing_wmt,overview_daily,2026-07-30,2026-08-30,,,,,,0,0,0,,,E:\一人公司\电子书格式转换站\ebook-converter\数据分析\www.bookconv.com_SearchPerformanceOverview_All_2026_8_30.csv
bing_wmt,overview_daily,2026-07-31,2026-08-30,,,,,,0,0,0,,,E:\一人公司\电子书格式转换站\ebook-converter\数据分析\www.bookconv.com_SearchPerformanceOverview_All_2026_8_30.csv
bing_wmt,overview_daily,2026-08-01,2026-08-30,,,,,,0,0,0,,,E:\一人公司\电子书格式转换站\ebook-converter\数据分析\www.bookconv.com_SearchPerformanceOverview_All_2026_8_30.csv
bing_wmt,overview_daily,2026-08-02,2026-08-30,,,,,,0,0,0,,,E:\一人公司\电子书格式转换站\ebook-converter\数据分析\www.bookconv.com_SearchPerformanceOverview_All_2026_8_30.csv
bing_wmt,overview_daily,2026-08-03,2026-08-30,,,,,,0,0,0,,,E:\一人公司\电子书格式转换站\ebook-converter\数据分析\www.bookconv.com_SearchPerformanceOverview_All_2026_8_30.csv
bing_wmt,overview_daily,2026-08-04,2026-08-30,,,,,,0,0,0,,,E:\一人公司\电子书格式转换站\ebook-converter\数据分析\www.bookconv.com_SearchPerformanceOverview_All_2026_8_30.csv
bing_wmt,overview_daily,2026-08-05,2026-08-30,,,,,,0,2,0,,,E:\一人公司\电子书格式转换站\ebook-converter\数据分析\www.bookconv.com_SearchPerformanceOverview_All_2026_8_30.csv
bing_wmt,overview_daily,2026-08-06,2026-08-30,,,,,,0,1,0,,,E:\一人公司\电子书格式转换站\ebook-converter\数据分析\www.bookconv.com_SearchPerformanceOverview_All_2026_8_30.csv
bing_wmt,overview_daily,2026-08-07,2026-08-30,,,,,,0,0,0,,,E:\一人公司\电子书格式转换站\ebook-converter\数据分析\www.bookconv.com_SearchPerformanceOverview_All_2026_8_30.csv
bing_wmt,overview_daily,2026-08-08,2026-08-30,,,,,,0,0,0,,,E:\一人公司\电子书格式转换站\ebook-converter\数据分析\www.bookconv.com_SearchPerformanceOverview_All_2026_8_30.csv
bing_wmt,overview_daily,2026-08-09,2026-08-30,,,,,,0,3,0,,,E:\一人公司\电子书格式转换站\ebook-converter\数据分析\www.bookconv.com_SearchPerformanceOverview_All_2026_8_30.csv
bing_wmt,overview_daily,2026-08-10,2026-08-30,,,,,,0,3,0,,,E:\一人公司\电子书格式转换站\ebook-converter\数据分析\www.bookconv.com_SearchPerformanceOverview_All_2026_8_30.csv
bing_wmt,overview_daily,2026-08-11,2026-08-30,,,,,,0,9,0,,,E:\一人公司\电子书格式转换站\ebook-converter\数据分析\www.bookconv.com_SearchPerformanceOverview_All_2026_8_30.csv
bing_wmt,overview_daily,2026-08-12,2026-08-30,,,,,,0,3,0,,,E:\一人公司\电子书格式转换站\ebook-converter\数据分析\www.bookconv.com_SearchPerformanceOverview_All_2026_8_30.csv
bing_wmt,overview_daily,2026-08-13,2026-08-30,,,,,,1,9,11.11,,,E:\一人公司\电子书格式转换站\ebook-converter\数据分析\www.bookconv.com_SearchPerformanceOverview_All_2026_8_30.csv
bing_wmt,overview_daily,2026-08-14,2026-08-30,,,,,,0,18,0,,,E:\一人公司\电子书格式转换站\ebook-converter\数据分析\www.bookconv.com_SearchPerformanceOverview_All_2026_8_30.csv
bing_wmt,overview_daily,2026-08-15,2026-08-30,,,,,,0,6,0,,,E:\一人公司\电子书格式转换站\ebook-converter\数据分析\www.bookconv.com_SearchPerformanceOverview_All_2026_8_30.csv
bing_wmt,overview_daily,2026-08-16,2026-08-30,,,,,,1,11,9.09,,,E:\一人公司\电子书格式转换站\ebook-converter\数据分析\www.bookconv.com_SearchPerformanceOverview_All_2026_8_30.csv
bing_wmt,overview_daily,2026-08-17,2026-08-30,,,,,,1,28,3.57,,,E:\一人公司\电子书格式转换站\ebook-converter\数据分析\www.bookconv.com_SearchPerformanceOverview_All_2026_8_30.csv
bing_wmt,overview_daily,2026-08-18,2026-08-30,,,,,,0,14,0,,,E:\一人公司\电子书格式转换站\ebook-converter\数据分析\www.bookconv.com_SearchPerformanceOverview_All_2026_8_30.csv
bing_wmt,overview_daily,2026-08-19,2026-08-30,,,,,,0,11,0,,,E:\一人公司\电子书格式转换站\ebook-converter\数据分析\www.bookconv.com_SearchPerformanceOverview_All_2026_8_30.csv
bing_wmt,overview_daily,2026-08-20,2026-08-30,,,,,,0,12,0,,,E:\一人公司\电子书格式转换站\ebook-converter\数据分析\www.bookconv.com_SearchPerformanceOverview_All_2026_8_30.csv
bing_wmt,overview_daily,2026-08-21,2026-08-30,,,,,,0,5,0,,,E:\一人公司\电子书格式转换站\ebook-converter\数据分析\www.bookconv.com_SearchPerformanceOverview_All_2026_8_30.csv
bing_wmt,overview_daily,2026-08-22,2026-08-30,,,,,,0,5,0,,,E:\一人公司\电子书格式转换站\ebook-converter\数据分析\www.bookconv.com_SearchPerformanceOverview_All_2026_8_30.csv
bing_wmt,overview_daily,2026-08-23,2026-08-30,,,,,,1,12,8.33,,,E:\一人公司\电子书格式转换站\ebook-converter\数据分析\www.bookconv.com_SearchPerformanceOverview_All_2026_8_30.csv
bing_wmt,overview_daily,2026-08-24,2026-08-30,,,,,,2,12,16.67,,,E:\一人公司\电子书格式转换站\ebook-converter\数据分析\www.bookconv.com_SearchPerformanceOverview_All_2026_8_30.csv
bing_wmt,overview_daily,2026-08-25,2026-08-30,,,,,,2,20,10,,,E:\一人公司\电子书格式转换站\ebook-converter\数据分析\www.bookconv.com_SearchPerformanceOverview_All_2026_8_30.csv
bing_wmt,overview_daily,2026-08-26,2026-08-30,,,,,,0,11,0,,,E:\一人公司\电子书格式转换站\ebook-converter\数据分析\www.bookconv.com_SearchPerformanceOverview_All_2026_8_30.csv
bing_wmt,overview_daily,2026-07-26,2026-09-02,,,,,,0,0,0,,,E:\一人公司\电子书格式转换站\ebook-converter\数据分析\www.bookconv.com_SearchPerformanceOverview_All_2026_9_2 (2).csv
bing_wmt,overview_daily,2026-07-27,2026-09-02,,,,,,0,0,0,,,E:\一人公司\电子书格式转换站\ebook-converter\数据分析\www.bookconv.com_SearchPerformanceOverview_All_2026_9_2 (2).csv
bing_wmt,overview_daily,2026-07-28,2026-09-02,,,,,,0,0,0,,,E:\一人公司\电子书格式转换站\ebook-converter\数据分析\www.bookconv.com_SearchPerformanceOverview_All_2026_9_2 (2).csv
bing_wmt,overview_daily,2026-07-29,2026-09-02,,,,,,0,0,0,,,E:\一人公司\电子书格式转换站\ebook-converter\数据分析\www.bookconv.com_SearchPerformanceOverview_All_2026_9_2 (2).csv
bing_wmt,overview_daily,2026-07-30,2026-09-02,,,,,,0,0,0,,,E:\一人公司\电子书格式转换站\ebook-converter\数据分析\www.bookconv.com_SearchPerformanceOverview_All_2026_9_2 (2).csv
bing_wmt,overview_daily,2026-07-31,2026-09-02,,,,,,0,0,0,,,E:\一人公司\电子书格式转换站\ebook-converter\数据分析\www.bookconv.com_SearchPerformanceOverview_All_2026_9_2 (2).csv
bing_wmt,overview_daily,2026-08-01,2026-09-02,,,,,,0,0,0,,,E:\一人公司\电子书格式转换站\ebook-converter\数据分析\www.bookconv.com_SearchPerformanceOverview_All_2026_9_2 (2).csv
bing_wmt,overview_daily,2026-08-02,2026-09-02,,,,,,0,0,0,,,E:\一人公司\电子书格式转换站\ebook-converter\数据分析\www.bookconv.com_SearchPerformanceOverview_All_2026_9_2 (2).csv
bing_wmt,overview_daily,2026-08-03,2026-09-02,,,,,,0,0,0,,,E:\一人公司\电子书格式转换站\ebook-converter\数据分析\www.bookconv.com_SearchPerformanceOverview_All_2026_9_2 (2).csv
bing_wmt,overview_daily,2026-08-04,2026-09-02,,,,,,0,0,0,,,E:\一人公司\电子书格式转换站\ebook-converter\数据分析\www.bookconv.com_SearchPerformanceOverview_All_2026_9_2 (2).csv
bing_wmt,overview_daily,2026-08-05,2026-09-02,,,,,,0,2,0,,,E:\一人公司\电子书格式转换站\ebook-converter\数据分析\www.bookconv.com_SearchPerformanceOverview_All_2026_9_2 (2).csv
bing_wmt,overview_daily,2026-08-06,2026-09-02,,,,,,0,1,0,,,E:\一人公司\电子书格式转换站\ebook-converter\数据分析\www.bookconv.com_SearchPerformanceOverview_All_2026_9_2 (2).csv
bing_wmt,overview_daily,2026-08-07,2026-09-02,,,,,,0,0,0,,,E:\一人公司\电子书格式转换站\ebook-converter\数据分析\www.bookconv.com_SearchPerformanceOverview_All_2026_9_2 (2).csv
bing_wmt,overview_daily,2026-08-08,2026-09-02,,,,,,0,0,0,,,E:\一人公司\电子书格式转换站\ebook-converter\数据分析\www.bookconv.com_SearchPerformanceOverview_All_2026_9_2 (2).csv
bing_wmt,overview_daily,2026-08-09,2026-09-02,,,,,,0,3,0,,,E:\一人公司\电子书格式转换站\ebook-converter\数据分析\www.bookconv.com_SearchPerformanceOverview_All_2026_9_2 (2).csv
bing_wmt,overview_daily,2026-08-10,2026-09-02,,,,,,0,3,0,,,E:\一人公司\电子书格式转换站\ebook-converter\数据分析\www.bookconv.com_SearchPerformanceOverview_All_2026_9_2 (2).csv
bing_wmt,overview_daily,2026-08-11,2026-09-02,,,,,,0,9,0,,,E:\一人公司\电子书格式转换站\ebook-converter\数据分析\www.bookconv.com_SearchPerformanceOverview_All_2026_9_2 (2).csv
bing_wmt,overview_daily,2026-08-12,2026-09-02,,,,,,0,3,0,,,E:\一人公司\电子书格式转换站\ebook-converter\数据分析\www.bookconv.com_SearchPerformanceOverview_All_2026_9_2 (2).csv
bing_wmt,overview_daily,2026-08-13,2026-09-02,,,,,,1,9,11.11,,,E:\一人公司\电子书格式转换站\ebook-converter\数据分析\www.bookconv.com_SearchPerformanceOverview_All_2026_9_2 (2).csv
bing_wmt,overview_daily,2026-08-14,2026-09-02,,,,,,0,18,0,,,E:\一人公司\电子书格式转换站\ebook-converter\数据分析\www.bookconv.com_SearchPerformanceOverview_All_2026_9_2 (2).csv
bing_wmt,overview_daily,2026-08-15,2026-09-02,,,,,,0,6,0,,,E:\一人公司\电子书格式转换站\ebook-converter\数据分析\www.bookconv.com_SearchPerformanceOverview_All_2026_9_2 (2).csv
bing_wmt,overview_daily,2026-08-16,2026-09-02,,,,,,1,11,9.09,,,E:\一人公司\电子书格式转换站\ebook-converter\数据分析\www.bookconv.com_SearchPerformanceOverview_All_2026_9_2 (2).csv
bing_wmt,overview_daily,2026-08-17,2026-09-02,,,,,,1,28,3.57,,,E:\一人公司\电子书格式转换站\ebook-converter\数据分析\www.bookconv.com_SearchPerformanceOverview_All_2026_9_2 (2).csv
bing_wmt,overview_daily,2026-08-18,2026-09-02,,,,,,0,14,0,,,E:\一人公司\电子书格式转换站\ebook-converter\数据分析\www.bookconv.com_SearchPerformanceOverview_All_2026_9_2 (2).csv
bing_wmt,overview_daily,2026-08-19,2026-09-02,,,,,,0,11,0,,,E:\一人公司\电子书格式转换站\ebook-converter\数据分析\www.bookconv.com_SearchPerformanceOverview_All_2026_9_2 (2).csv
bing_wmt,overview_daily,2026-08-20,2026-09-02,,,,,,0,12,0,,,E:\一人公司\电子书格式转换站\ebook-converter\数据分析\www.bookconv.com_SearchPerformanceOverview_All_2026_9_2 (2).csv
bing_wmt,overview_daily,2026-08-21,2026-09-02,,,,,,0,5,0,,,E:\一人公司\电子书格式转换站\ebook-converter\数据分析\www.bookconv.com_SearchPerformanceOverview_All_2026_9_2 (2).csv
bing_wmt,overview_daily,2026-08-22,2026-09-02,,,,,,0,5,0,,,E:\一人公司\电子书格式转换站\ebook-converter\数据分析\www.bookconv.com_SearchPerformanceOverview_All_2026_9_2 (2).csv
bing_wmt,overview_daily,2026-08-23,2026-09-02,,,,,,1,12,8.33,,,E:\一人公司\电子书格式转换站\ebook-converter\数据分析\www.bookconv.com_SearchPerformanceOverview_All_2026_9_2 (2).csv
bing_wmt,overview_daily,2026-08-24,2026-09-02,,,,,,2,12,16.67,,,E:\一人公司\电子书格式转换站\ebook-converter\数据分析\www.bookconv.com_SearchPerformanceOverview_All_2026_9_2 (2).csv
bing_wmt,overview_daily,2026-08-25,2026-09-02,,,,,,2,20,10,,,E:\一人公司\电子书格式转换站\ebook-converter\数据分析\www.bookconv.com_SearchPerformanceOverview_All_2026_9_2 (2).csv
bing_wmt,overview_daily,2026-08-26,2026-09-02,,,,,,0,11,0,,,E:\一人公司\电子书格式转换站\ebook-converter\数据分析\www.bookconv.com_SearchPerformanceOverview_All_2026_9_2 (2).csv
bing_wmt,overview_daily,2026-08-27,2026-09-02,,,,,,1,19,5.26,,,E:\一人公司\电子书格式转换站\ebook-converter\数据分析\www.bookconv.com_SearchPerformanceOverview_All_2026_9_2 (2).csv
bing_wmt,overview_daily,2026-08-28,2026-09-02,,,,,,1,29,3.45,,,E:\一人公司\电子书格式转换站\ebook-converter\数据分析\www.bookconv.com_SearchPerformanceOverview_All_2026_9_2 (2).csv
bing_wmt,overview_daily,2026-08-29,2026-09-02,,,,,,2,30,6.67,,,E:\一人公司\电子书格式转换站\ebook-converter\数据分析\www.bookconv.com_SearchPerformanceOverview_All_2026_9_2 (2).csv
bing_wmt,overview_daily,2026-08-30,2026-09-02,,,,,,0,31,0,,,E:\一人公司\电子书格式转换站\ebook-converter\数据分析\www.bookconv.com_SearchPerformanceOverview_All_2026_9_2 (2).csv
bing_wmt,overview_daily,2026-08-31,2026-09-02,,,,,,1,27,3.7,,,E:\一人公司\电子书格式转换站\ebook-converter\数据分析\www.bookconv.com_SearchPerformanceOverview_All_2026_9_2 (2).csv
bing_wmt,overview_daily,2026-07-26,2026-09-02,,,,,,0,0,0,,,E:\一人公司\电子书格式转换站\ebook-converter\数据分析\www.bookconv.com_SearchPerformanceOverview_All_2026_9_2.csv
bing_wmt,overview_daily,2026-07-27,2026-09-02,,,,,,0,0,0,,,E:\一人公司\电子书格式转换站\ebook-converter\数据分析\www.bookconv.com_SearchPerformanceOverview_All_2026_9_2.csv
bing_wmt,overview_daily,2026-07-28,2026-09-02,,,,,,0,0,0,,,E:\一人公司\电子书格式转换站\ebook-converter\数据分析\www.bookconv.com_SearchPerformanceOverview_All_2026_9_2.csv
bing_wmt,overview_daily,2026-07-29,2026-09-02,,,,,,0,0,0,,,E:\一人公司\电子书格式转换站\ebook-converter\数据分析\www.bookconv.com_SearchPerformanceOverview_All_2026_9_2.csv
bing_wmt,overview_daily,2026-07-30,2026-09-02,,,,,,0,0,0,,,E:\一人公司\电子书格式转换站\ebook-converter\数据分析\www.bookconv.com_SearchPerformanceOverview_All_2026_9_2.csv
bing_wmt,overview_daily,2026-07-31,2026-09-02,,,,,,0,0,0,,,E:\一人公司\电子书格式转换站\ebook-converter\数据分析\www.bookconv.com_SearchPerformanceOverview_All_2026_9_2.csv
bing_wmt,overview_daily,2026-08-01,2026-09-02,,,,,,0,0,0,,,E:\一人公司\电子书格式转换站\ebook-converter\数据分析\www.bookconv.com_SearchPerformanceOverview_All_2026_9_2.csv
bing_wmt,overview_daily,2026-08-02,2026-09-02,,,,,,0,0,0,,,E:\一人公司\电子书格式转换站\ebook-converter\数据分析\www.bookconv.com_SearchPerformanceOverview_All_2026_9_2.csv
bing_wmt,overview_daily,2026-08-03,2026-09-02,,,,,,0,0,0,,,E:\一人公司\电子书格式转换站\ebook-converter\数据分析\www.bookconv.com_SearchPerformanceOverview_All_2026_9_2.csv
bing_wmt,overview_daily,2026-08-04,2026-09-02,,,,,,0,0,0,,,E:\一人公司\电子书格式转换站\ebook-converter\数据分析\www.bookconv.com_SearchPerformanceOverview_All_2026_9_2.csv
bing_wmt,overview_daily,2026-08-05,2026-09-02,,,,,,0,2,0,,,E:\一人公司\电子书格式转换站\ebook-converter\数据分析\www.bookconv.com_SearchPerformanceOverview_All_2026_9_2.csv
bing_wmt,overview_daily,2026-08-06,2026-09-02,,,,,,0,1,0,,,E:\一人公司\电子书格式转换站\ebook-converter\数据分析\www.bookconv.com_SearchPerformanceOverview_All_2026_9_2.csv
bing_wmt,overview_daily,2026-08-07,2026-09-02,,,,,,0,0,0,,,E:\一人公司\电子书格式转换站\ebook-converter\数据分析\www.bookconv.com_SearchPerformanceOverview_All_2026_9_2.csv
bing_wmt,overview_daily,2026-08-08,2026-09-02,,,,,,0,0,0,,,E:\一人公司\电子书格式转换站\ebook-converter\数据分析\www.bookconv.com_SearchPerformanceOverview_All_2026_9_2.csv
bing_wmt,overview_daily,2026-08-09,2026-09-02,,,,,,0,3,0,,,E:\一人公司\电子书格式转换站\ebook-converter\数据分析\www.bookconv.com_SearchPerformanceOverview_All_2026_9_2.csv
bing_wmt,overview_daily,2026-08-10,2026-09-02,,,,,,0,3,0,,,E:\一人公司\电子书格式转换站\ebook-converter\数据分析\www.bookconv.com_SearchPerformanceOverview_All_2026_9_2.csv
bing_wmt,overview_daily,2026-08-11,2026-09-02,,,,,,0,9,0,,,E:\一人公司\电子书格式转换站\ebook-converter\数据分析\www.bookconv.com_SearchPerformanceOverview_All_2026_9_2.csv
bing_wmt,overview_daily,2026-08-12,2026-09-02,,,,,,0,3,0,,,E:\一人公司\电子书格式转换站\ebook-converter\数据分析\www.bookconv.com_SearchPerformanceOverview_All_2026_9_2.csv
bing_wmt,overview_daily,2026-08-13,2026-09-02,,,,,,1,9,11.11,,,E:\一人公司\电子书格式转换站\ebook-converter\数据分析\www.bookconv.com_SearchPerformanceOverview_All_2026_9_2.csv
bing_wmt,overview_daily,2026-08-14,2026-09-02,,,,,,0,18,0,,,E:\一人公司\电子书格式转换站\ebook-converter\数据分析\www.bookconv.com_SearchPerformanceOverview_All_2026_9_2.csv
bing_wmt,overview_daily,2026-08-15,2026-09-02,,,,,,0,6,0,,,E:\一人公司\电子书格式转换站\ebook-converter\数据分析\www.bookconv.com_SearchPerformanceOverview_All_2026_9_2.csv
bing_wmt,overview_daily,2026-08-16,2026-09-02,,,,,,1,11,9.09,,,E:\一人公司\电子书格式转换站\ebook-converter\数据分析\www.bookconv.com_SearchPerformanceOverview_All_2026_9_2.csv
bing_wmt,overview_daily,2026-08-17,2026-09-02,,,,,,1,28,3.57,,,E:\一人公司\电子书格式转换站\ebook-converter\数据分析\www.bookconv.com_SearchPerformanceOverview_All_2026_9_2.csv
bing_wmt,overview_daily,2026-08-18,2026-09-02,,,,,,0,14,0,,,E:\一人公司\电子书格式转换站\ebook-converter\数据分析\www.bookconv.com_SearchPerformanceOverview_All_2026_9_2.csv
bing_wmt,overview_daily,2026-08-19,2026-09-02,,,,,,0,11,0,,,E:\一人公司\电子书格式转换站\ebook-converter\数据分析\www.bookconv.com_SearchPerformanceOverview_All_2026_9_2.csv
bing_wmt,overview_daily,2026-08-20,2026-09-02,,,,,,0,12,0,,,E:\一人公司\电子书格式转换站\ebook-converter\数据分析\www.bookconv.com_SearchPerformanceOverview_All_2026_9_2.csv
bing_wmt,overview_daily,2026-08-21,2026-09-02,,,,,,0,5,0,,,E:\一人公司\电子书格式转换站\ebook-converter\数据分析\www.bookconv.com_SearchPerformanceOverview_All_2026_9_2.csv
bing_wmt,overview_daily,2026-08-22,2026-09-02,,,,,,0,5,0,,,E:\一人公司\电子书格式转换站\ebook-converter\数据分析\www.bookconv.com_SearchPerformanceOverview_All_2026_9_2.csv
bing_wmt,overview_daily,2026-08-23,2026-09-02,,,,,,1,12,8.33,,,E:\一人公司\电子书格式转换站\ebook-converter\数据分析\www.bookconv.com_SearchPerformanceOverview_All_2026_9_2.csv
bing_wmt,overview_daily,2026-08-24,2026-09-02,,,,,,2,12,16.67,,,E:\一人公司\电子书格式转换站\ebook-converter\数据分析\www.bookconv.com_SearchPerformanceOverview_All_2026_9_2.csv
bing_wmt,overview_daily,2026-08-25,2026-09-02,,,,,,2,20,10,,,E:\一人公司\电子书格式转换站\ebook-converter\数据分析\www.bookconv.com_SearchPerformanceOverview_All_2026_9_2.csv
bing_wmt,overview_daily,2026-08-26,2026-09-02,,,,,,0,11,0,,,E:\一人公司\电子书格式转换站\ebook-converter\数据分析\www.bookconv.com_SearchPerformanceOverview_All_2026_9_2.csv
bing_wmt,overview_daily,2026-08-27,2026-09-02,,,,,,1,19,5.26,,,E:\一人公司\电子书格式转换站\ebook-converter\数据分析\www.bookconv.com_SearchPerformanceOverview_All_2026_9_2.csv
bing_wmt,overview_daily,2026-08-28,2026-09-02,,,,,,1,29,3.45,,,E:\一人公司\电子书格式转换站\ebook-converter\数据分析\www.bookconv.com_SearchPerformanceOverview_All_2026_9_2.csv
bing_wmt,overview_daily,2026-08-29,2026-09-02,,,,,,2,30,6.67,,,E:\一人公司\电子书格式转换站\ebook-converter\数据分析\www.bookconv.com_SearchPerformanceOverview_All_2026_9_2.csv
bing_wmt,overview_daily,2026-08-30,2026-09-02,,,,,,0,31,0,,,E:\一人公司\电子书格式转换站\ebook-converter\数据分析\www.bookconv.com_SearchPerformanceOverview_All_2026_9_2.csv
bing_wmt,overview_daily,2026-08-31,2026-09-02,,,,,,1,27,3.7,,,E:\一人公司\电子书格式转换站\ebook-converter\数据分析\www.bookconv.com_SearchPerformanceOverview_All_2026_9_2.csv
bing_wmt,overview_daily,2026-07-26,2026-09-03,,,,,,0,0,0,,,E:\一人公司\电子书格式转换站\ebook-converter\数据分析\www.bookconv.com_SearchPerformanceOverview_All_2026_9_3.csv
bing_wmt,overview_daily,2026-07-27,2026-09-03,,,,,,0,0,0,,,E:\一人公司\电子书格式转换站\ebook-converter\数据分析\www.bookconv.com_SearchPerformanceOverview_All_2026_9_3.csv
bing_wmt,overview_daily,2026-07-28,2026-09-03,,,,,,0,0,0,,,E:\一人公司\电子书格式转换站\ebook-converter\数据分析\www.bookconv.com_SearchPerformanceOverview_All_2026_9_3.csv
bing_wmt,overview_daily,2026-07-29,2026-09-03,,,,,,0,0,0,,,E:\一人公司\电子书格式转换站\ebook-converter\数据分析\www.bookconv.com_SearchPerformanceOverview_All_2026_9_3.csv
bing_wmt,overview_daily,2026-07-30,2026-09-03,,,,,,0,0,0,,,E:\一人公司\电子书格式转换站\ebook-converter\数据分析\www.bookconv.com_SearchPerformanceOverview_All_2026_9_3.csv
bing_wmt,overview_daily,2026-07-31,2026-09-03,,,,,,0,0,0,,,E:\一人公司\电子书格式转换站\ebook-converter\数据分析\www.bookconv.com_SearchPerformanceOverview_All_2026_9_3.csv
bing_wmt,overview_daily,2026-08-01,2026-09-03,,,,,,0,0,0,,,E:\一人公司\电子书格式转换站\ebook-converter\数据分析\www.bookconv.com_SearchPerformanceOverview_All_2026_9_3.csv
bing_wmt,overview_daily,2026-08-02,2026-09-03,,,,,,0,0,0,,,E:\一人公司\电子书格式转换站\ebook-converter\数据分析\www.bookconv.com_SearchPerformanceOverview_All_2026_9_3.csv
bing_wmt,overview_daily,2026-08-03,2026-09-03,,,,,,0,0,0,,,E:\一人公司\电子书格式转换站\ebook-converter\数据分析\www.bookconv.com_SearchPerformanceOverview_All_2026_9_3.csv
bing_wmt,overview_daily,2026-08-04,2026-09-03,,,,,,0,0,0,,,E:\一人公司\电子书格式转换站\ebook-converter\数据分析\www.bookconv.com_SearchPerformanceOverview_All_2026_9_3.csv
bing_wmt,overview_daily,2026-08-05,2026-09-03,,,,,,0,2,0,,,E:\一人公司\电子书格式转换站\ebook-converter\数据分析\www.bookconv.com_SearchPerformanceOverview_All_2026_9_3.csv
bing_wmt,overview_daily,2026-08-06,2026-09-03,,,,,,0,1,0,,,E:\一人公司\电子书格式转换站\ebook-converter\数据分析\www.bookconv.com_SearchPerformanceOverview_All_2026_9_3.csv
bing_wmt,overview_daily,2026-08-07,2026-09-03,,,,,,0,0,0,,,E:\一人公司\电子书格式转换站\ebook-converter\数据分析\www.bookconv.com_SearchPerformanceOverview_All_2026_9_3.csv
bing_wmt,overview_daily,2026-08-08,2026-09-03,,,,,,0,0,0,,,E:\一人公司\电子书格式转换站\ebook-converter\数据分析\www.bookconv.com_SearchPerformanceOverview_All_2026_9_3.csv
bing_wmt,overview_daily,2026-08-09,2026-09-03,,,,,,0,3,0,,,E:\一人公司\电子书格式转换站\ebook-converter\数据分析\www.bookconv.com_SearchPerformanceOverview_All_2026_9_3.csv
bing_wmt,overview_daily,2026-08-10,2026-09-03,,,,,,0,3,0,,,E:\一人公司\电子书格式转换站\ebook-converter\数据分析\www.bookconv.com_SearchPerformanceOverview_All_2026_9_3.csv
bing_wmt,overview_daily,2026-08-11,2026-09-03,,,,,,0,9,0,,,E:\一人公司\电子书格式转换站\ebook-converter\数据分析\www.bookconv.com_SearchPerformanceOverview_All_2026_9_3.csv
bing_wmt,overview_daily,2026-08-12,2026-09-03,,,,,,0,3,0,,,E:\一人公司\电子书格式转换站\ebook-converter\数据分析\www.bookconv.com_SearchPerformanceOverview_All_2026_9_3.csv
bing_wmt,overview_daily,2026-08-13,2026-09-03,,,,,,1,9,11.11,,,E:\一人公司\电子书格式转换站\ebook-converter\数据分析\www.bookconv.com_SearchPerformanceOverview_All_2026_9_3.csv
bing_wmt,overview_daily,2026-08-14,2026-09-03,,,,,,0,18,0,,,E:\一人公司\电子书格式转换站\ebook-converter\数据分析\www.bookconv.com_SearchPerformanceOverview_All_2026_9_3.csv
bing_wmt,overview_daily,2026-08-15,2026-09-03,,,,,,0,6,0,,,E:\一人公司\电子书格式转换站\ebook-converter\数据分析\www.bookconv.com_SearchPerformanceOverview_All_2026_9_3.csv
bing_wmt,overview_daily,2026-08-16,2026-09-03,,,,,,1,11,9.09,,,E:\一人公司\电子书格式转换站\ebook-converter\数据分析\www.bookconv.com_SearchPerformanceOverview_All_2026_9_3.csv
bing_wmt,overview_daily,2026-08-17,2026-09-03,,,,,,1,28,3.57,,,E:\一人公司\电子书格式转换站\ebook-converter\数据分析\www.bookconv.com_SearchPerformanceOverview_All_2026_9_3.csv
bing_wmt,overview_daily,2026-08-18,2026-09-03,,,,,,0,14,0,,,E:\一人公司\电子书格式转换站\ebook-converter\数据分析\www.bookconv.com_SearchPerformanceOverview_All_2026_9_3.csv
bing_wmt,overview_daily,2026-08-19,2026-09-03,,,,,,0,11,0,,,E:\一人公司\电子书格式转换站\ebook-converter\数据分析\www.bookconv.com_SearchPerformanceOverview_All_2026_9_3.csv
bing_wmt,overview_daily,2026-08-20,2026-09-03,,,,,,0,12,0,,,E:\一人公司\电子书格式转换站\ebook-converter\数据分析\www.bookconv.com_SearchPerformanceOverview_All_2026_9_3.csv
bing_wmt,overview_daily,2026-08-21,2026-09-03,,,,,,0,5,0,,,E:\一人公司\电子书格式转换站\ebook-converter\数据分析\www.bookconv.com_SearchPerformanceOverview_All_2026_9_3.csv
bing_wmt,overview_daily,2026-08-22,2026-09-03,,,,,,0,5,0,,,E:\一人公司\电子书格式转换站\ebook-converter\数据分析\www.bookconv.com_SearchPerformanceOverview_All_2026_9_3.csv
bing_wmt,overview_daily,2026-08-23,2026-09-03,,,,,,1,12,8.33,,,E:\一人公司\电子书格式转换站\ebook-converter\数据分析\www.bookconv.com_SearchPerformanceOverview_All_2026_9_3.csv
bing_wmt,overview_daily,2026-08-24,2026-09-03,,,,,,2,12,16.67,,,E:\一人公司\电子书格式转换站\ebook-converter\数据分析\www.bookconv.com_SearchPerformanceOverview_All_2026_9_3.csv
bing_wmt,overview_daily,2026-08-25,2026-09-03,,,,,,2,20,10,,,E:\一人公司\电子书格式转换站\ebook-converter\数据分析\www.bookconv.com_SearchPerformanceOverview_All_2026_9_3.csv
bing_wmt,overview_daily,2026-08-26,2026-09-03,,,,,,0,11,0,,,E:\一人公司\电子书格式转换站\ebook-converter\数据分析\www.bookconv.com_SearchPerformanceOverview_All_2026_9_3.csv
bing_wmt,overview_daily,2026-08-27,2026-09-03,,,,,,1,19,5.26,,,E:\一人公司\电子书格式转换站\ebook-converter\数据分析\www.bookconv.com_SearchPerformanceOverview_All_2026_9_3.csv
bing_wmt,overview_daily,2026-08-28,2026-09-03,,,,,,1,29,3.45,,,E:\一人公司\电子书格式转换站\ebook-converter\数据分析\www.bookconv.com_SearchPerformanceOverview_All_2026_9_3.csv
bing_wmt,overview_daily,2026-08-29,2026-09-03,,,,,,2,30,6.67,,,E:\一人公司\电子书格式转换站\ebook-converter\数据分析\www.bookconv.com_SearchPerformanceOverview_All_2026_9_3.csv
bing_wmt,overview_daily,2026-08-30,2026-09-03,,,,,,0,31,0,,,E:\一人公司\电子书格式转换站\ebook-converter\数据分析\www.bookconv.com_SearchPerformanceOverview_All_2026_9_3.csv
bing_wmt,overview_daily,2026-08-31,2026-09-03,,,,,,1,27,3.7,,,E:\一人公司\电子书格式转换站\ebook-converter\数据分析\www.bookconv.com_SearchPerformanceOverview_All_2026_9_3.csv
bing_wmt,overview_daily,2026-09-01,2026-09-03,,,,,,0,33,0,,,E:\一人公司\电子书格式转换站\ebook-converter\数据分析\www.bookconv.com_SearchPerformanceOverview_All_2026_9_3.csv
bing_wmt,overview_daily,2026-07-26,2026-09-07,,,,,,0,0,0,,,E:\一人公司\电子书格式转换站\ebook-converter\数据分析\www.bookconv.com_SearchPerformanceOverview_All_2026_9_7.csv
bing_wmt,overview_daily,2026-07-27,2026-09-07,,,,,,0,0,0,,,E:\一人公司\电子书格式转换站\ebook-converter\数据分析\www.bookconv.com_SearchPerformanceOverview_All_2026_9_7.csv
bing_wmt,overview_daily,2026-07-28,2026-09-07,,,,,,0,0,0,,,E:\一人公司\电子书格式转换站\ebook-converter\数据分析\www.bookconv.com_SearchPerformanceOverview_All_2026_9_7.csv
bing_wmt,overview_daily,2026-07-29,2026-09-07,,,,,,0,0,0,,,E:\一人公司\电子书格式转换站\ebook-converter\数据分析\www.bookconv.com_SearchPerformanceOverview_All_2026_9_7.csv
bing_wmt,overview_daily,2026-07-30,2026-09-07,,,,,,0,0,0,,,E:\一人公司\电子书格式转换站\ebook-converter\数据分析\www.bookconv.com_SearchPerformanceOverview_All_2026_9_7.csv
bing_wmt,overview_daily,2026-07-31,2026-09-07,,,,,,0,0,0,,,E:\一人公司\电子书格式转换站\ebook-converter\数据分析\www.bookconv.com_SearchPerformanceOverview_All_2026_9_7.csv
bing_wmt,overview_daily,2026-08-01,2026-09-07,,,,,,0,0,0,,,E:\一人公司\电子书格式转换站\ebook-converter\数据分析\www.bookconv.com_SearchPerformanceOverview_All_2026_9_7.csv
bing_wmt,overview_daily,2026-08-02,2026-09-07,,,,,,0,0,0,,,E:\一人公司\电子书格式转换站\ebook-converter\数据分析\www.bookconv.com_SearchPerformanceOverview_All_2026_9_7.csv
bing_wmt,overview_daily,2026-08-03,2026-09-07,,,,,,0,0,0,,,E:\一人公司\电子书格式转换站\ebook-converter\数据分析\www.bookconv.com_SearchPerformanceOverview_All_2026_9_7.csv
bing_wmt,overview_daily,2026-08-04,2026-09-07,,,,,,0,0,0,,,E:\一人公司\电子书格式转换站\ebook-converter\数据分析\www.bookconv.com_SearchPerformanceOverview_All_2026_9_7.csv
bing_wmt,overview_daily,2026-08-05,2026-09-07,,,,,,0,2,0,,,E:\一人公司\电子书格式转换站\ebook-converter\数据分析\www.bookconv.com_SearchPerformanceOverview_All_2026_9_7.csv
bing_wmt,overview_daily,2026-08-06,2026-09-07,,,,,,0,1,0,,,E:\一人公司\电子书格式转换站\ebook-converter\数据分析\www.bookconv.com_SearchPerformanceOverview_All_2026_9_7.csv
bing_wmt,overview_daily,2026-08-07,2026-09-07,,,,,,0,0,0,,,E:\一人公司\电子书格式转换站\ebook-converter\数据分析\www.bookconv.com_SearchPerformanceOverview_All_2026_9_7.csv
bing_wmt,overview_daily,2026-08-08,2026-09-07,,,,,,0,0,0,,,E:\一人公司\电子书格式转换站\ebook-converter\数据分析\www.bookconv.com_SearchPerformanceOverview_All_2026_9_7.csv
bing_wmt,overview_daily,2026-08-09,2026-09-07,,,,,,0,3,0,,,E:\一人公司\电子书格式转换站\ebook-converter\数据分析\www.bookconv.com_SearchPerformanceOverview_All_2026_9_7.csv
bing_wmt,overview_daily,2026-08-10,2026-09-07,,,,,,0,3,0,,,E:\一人公司\电子书格式转换站\ebook-converter\数据分析\www.bookconv.com_SearchPerformanceOverview_All_2026_9_7.csv
bing_wmt,overview_daily,2026-08-11,2026-09-07,,,,,,0,9,0,,,E:\一人公司\电子书格式转换站\ebook-converter\数据分析\www.bookconv.com_SearchPerformanceOverview_All_2026_9_7.csv
bing_wmt,overview_daily,2026-08-12,2026-09-07,,,,,,0,3,0,,,E:\一人公司\电子书格式转换站\ebook-converter\数据分析\www.bookconv.com_SearchPerformanceOverview_All_2026_9_7.csv
bing_wmt,overview_daily,2026-08-13,2026-09-07,,,,,,1,9,11.11,,,E:\一人公司\电子书格式转换站\ebook-converter\数据分析\www.bookconv.com_SearchPerformanceOverview_All_2026_9_7.csv
bing_wmt,overview_daily,2026-08-14,2026-09-07,,,,,,0,18,0,,,E:\一人公司\电子书格式转换站\ebook-converter\数据分析\www.bookconv.com_SearchPerformanceOverview_All_2026_9_7.csv
bing_wmt,overview_daily,2026-08-15,2026-09-07,,,,,,0,6,0,,,E:\一人公司\电子书格式转换站\ebook-converter\数据分析\www.bookconv.com_SearchPerformanceOverview_All_2026_9_7.csv
bing_wmt,overview_daily,2026-08-16,2026-09-07,,,,,,1,11,9.09,,,E:\一人公司\电子书格式转换站\ebook-converter\数据分析\www.bookconv.com_SearchPerformanceOverview_All_2026_9_7.csv
bing_wmt,overview_daily,2026-08-17,2026-09-07,,,,,,1,28,3.57,,,E:\一人公司\电子书格式转换站\ebook-converter\数据分析\www.bookconv.com_SearchPerformanceOverview_All_2026_9_7.csv
bing_wmt,overview_daily,2026-08-18,2026-09-07,,,,,,0,14,0,,,E:\一人公司\电子书格式转换站\ebook-converter\数据分析\www.bookconv.com_SearchPerformanceOverview_All_2026_9_7.csv
bing_wmt,overview_daily,2026-08-19,2026-09-07,,,,,,0,11,0,,,E:\一人公司\电子书格式转换站\ebook-converter\数据分析\www.bookconv.com_SearchPerformanceOverview_All_2026_9_7.csv
bing_wmt,overview_daily,2026-08-20,2026-09-07,,,,,,0,12,0,,,E:\一人公司\电子书格式转换站\ebook-converter\数据分析\www.bookconv.com_SearchPerformanceOverview_All_2026_9_7.csv
bing_wmt,overview_daily,2026-08-21,2026-09-07,,,,,,0,5,0,,,E:\一人公司\电子书格式转换站\ebook-converter\数据分析\www.bookconv.com_SearchPerformanceOverview_All_2026_9_7.csv
bing_wmt,overview_daily,2026-08-22,2026-09-07,,,,,,0,5,0,,,E:\一人公司\电子书格式转换站\ebook-converter\数据分析\www.bookconv.com_SearchPerformanceOverview_All_2026_9_7.csv
bing_wmt,overview_daily,2026-08-23,2026-09-07,,,,,,1,12,8.33,,,E:\一人公司\电子书格式转换站\ebook-converter\数据分析\www.bookconv.com_SearchPerformanceOverview_All_2026_9_7.csv
bing_wmt,overview_daily,2026-08-24,2026-09-07,,,,,,2,12,16.67,,,E:\一人公司\电子书格式转换站\ebook-converter\数据分析\www.bookconv.com_SearchPerformanceOverview_All_2026_9_7.csv
bing_wmt,overview_daily,2026-08-25,2026-09-07,,,,,,2,20,10,,,E:\一人公司\电子书格式转换站\ebook-converter\数据分析\www.bookconv.com_SearchPerformanceOverview_All_2026_9_7.csv
bing_wmt,overview_daily,2026-08-26,2026-09-07,,,,,,0,11,0,,,E:\一人公司\电子书格式转换站\ebook-converter\数据分析\www.bookconv.com_SearchPerformanceOverview_All_2026_9_7.csv
bing_wmt,overview_daily,2026-08-27,2026-09-07,,,,,,1,19,5.26,,,E:\一人公司\电子书格式转换站\ebook-converter\数据分析\www.bookconv.com_SearchPerformanceOverview_All_2026_9_7.csv
bing_wmt,overview_daily,2026-08-28,2026-09-07,,,,,,1,29,3.45,,,E:\一人公司\电子书格式转换站\ebook-converter\数据分析\www.bookconv.com_SearchPerformanceOverview_All_2026_9_7.csv
bing_wmt,overview_daily,2026-08-29,2026-09-07,,,,,,2,30,6.67,,,E:\一人公司\电子书格式转换站\ebook-converter\数据分析\www.bookconv.com_SearchPerformanceOverview_All_2026_9_7.csv
bing_wmt,overview_daily,2026-08-30,2026-09-07,,,,,,0,31,0,,,E:\一人公司\电子书格式转换站\ebook-converter\数据分析\www.bookconv.com_SearchPerformanceOverview_All_2026_9_7.csv
bing_wmt,overview_daily,2026-08-31,2026-09-07,,,,,,1,27,3.7,,,E:\一人公司\电子书格式转换站\ebook-converter\数据分析\www.bookconv.com_SearchPerformanceOverview_All_2026_9_7.csv
bing_wmt,overview_daily,2026-09-01,2026-09-07,,,,,,0,33,0,,,E:\一人公司\电子书格式转换站\ebook-converter\数据分析\www.bookconv.com_SearchPerformanceOverview_All_2026_9_7.csv
bing_wmt,overview_daily,2026-09-02,2026-09-07,,,,,,0,25,0,,,E:\一人公司\电子书格式转换站\ebook-converter\数据分析\www.bookconv.com_SearchPerformanceOverview_All_2026_9_7.csv
bing_wmt,overview_daily,2026-09-03,2026-09-07,,,,,,1,30,3.33,,,E:\一人公司\电子书格式转换站\ebook-converter\数据分析\www.bookconv.com_SearchPerformanceOverview_All_2026_9_7.csv
bing_wmt,overview_daily,2026-09-04,2026-09-07,,,,,,2,37,5.41,,,E:\一人公司\电子书格式转换站\ebook-converter\数据分析\www.bookconv.com_SearchPerformanceOverview_All_2026_9_7.csv
bing_wmt,overview_daily,2026-09-05,2026-09-07,,,,,,1,27,3.7,,,E:\一人公司\电子书格式转换站\ebook-converter\数据分析\www.bookconv.com_SearchPerformanceOverview_All_2026_9_7.csv
