event_type,event_date,entity,value,evidence,source_file
page_published,2026-07-12,https://www.bookconv.com/blog/ebook-formats-explained,,,E:\一人公司\电子书格式转换站\ebook-converter\src\data\blog\ebook-formats-explained.ts
page_published,2026-07-12,"https://www.bookconv.com/blog/why-convert-lit-to-epub""
export const title = 'Why Convert LIT to EPUB (And How to Do It on BookConv)",,,E:\一人公司\电子书格式转换站\ebook-converter\src\data\blog\why-convert-lit-to-epub.ts
query_first_appeared,2026-07-26,azw3 to mobi,,,merged:_gsc_query_daily_*.json
query_first_appeared,2026-07-26,convert epub to zip,,,merged:_gsc_query_daily_*.json
query_first_appeared,2026-07-26,epub to zip,,,merged:_gsc_query_daily_*.json
bing_url_discovered,2026-07-26,https://www.bookconv.com/,,,E:\一人公司\电子书格式转换站\ebook-converter\数据分析\bing-url-status-2026-09-04.csv
bing_url_discovered,2026-07-26,https://www.bookconv.com/,,,E:\一人公司\电子书格式转换站\ebook-converter\数据分析\bing-url-status-EN-2026-09-04.csv
query_first_appeared,2026-07-27,azw to mobi,,,merged:_gsc_query_daily_*.json
query_first_appeared,2026-07-27,lit ebook format,,,merged:_gsc_query_daily_*.json
query_first_appeared,2026-07-28,azw3 vs mobi,,,merged:_gsc_query_daily_*.json
query_first_appeared,2026-07-28,zip epub,,,merged:_gsc_query_daily_*.json
query_first_appeared,2026-07-29,epub to txt convert,,,merged:_gsc_query_daily_*.json
query_first_appeared,2026-07-29,epub to txt converter,,,merged:_gsc_query_daily_*.json
query_first_appeared,2026-07-29,epub txt converter,,,merged:_gsc_query_daily_*.json
query_first_appeared,2026-07-29,mobi in epub,,,merged:_gsc_query_daily_*.json
query_first_appeared,2026-07-29,mobi into epub,,,merged:_gsc_query_daily_*.json
page_published,2026-07-30,https://www.bookconv.com/blog/background-workers,,,E:\一人公司\电子书格式转换站\ebook-converter\src\data\blog\background-workers.ts
page_published,2026-07-30,https://www.bookconv.com/blog/download-troubleshooting,,,E:\一人公司\电子书格式转换站\ebook-converter\src\data\blog\download-troubleshooting.ts
page_published,2026-07-30,https://www.bookconv.com/blog/env-variables-setup,,,E:\一人公司\电子书格式转换站\ebook-converter\src\data\blog\env-variables-setup.ts
page_published,2026-07-30,https://www.bookconv.com/blog/epub-to-mobi-guide,,,E:\一人公司\电子书格式转换站\ebook-converter\src\data\blog\epub-to-mobi-guide.ts
page_published,2026-07-30,https://www.bookconv.com/blog/pdf-to-epub-guide,,,E:\一人公司\电子书格式转换站\ebook-converter\src\data\blog\pdf-to-epub-guide.ts
page_published,2026-07-30,https://www.bookconv.com/blog/sitemap-seo-guide,,,E:\一人公司\电子书格式转换站\ebook-converter\src\data\blog\sitemap-seo-guide.ts
page_published,2026-07-30,https://www.bookconv.com/blog/webhook-integration,,,E:\一人公司\电子书格式转换站\ebook-converter\src\data\blog\webhook-integration.ts
query_first_appeared,2026-07-30,conversor mobi a epub,,,merged:_gsc_query_daily_*.json
query_first_appeared,2026-07-30,convert mobi to epub,,,merged:_gsc_query_daily_*.json
query_first_appeared,2026-07-30,epub to txt,,,merged:_gsc_query_daily_*.json
query_first_appeared,2026-07-30,mobi convert to epub,,,merged:_gsc_query_daily_*.json
query_first_appeared,2026-07-30,mobi to epub,,,merged:_gsc_query_daily_*.json
query_first_appeared,2026-07-31,convertire mobi in epub,,,merged:_gsc_query_daily_*.json
query_first_appeared,2026-07-31,epub or mobi for kindle,,,merged:_gsc_query_daily_*.json
query_first_appeared,2026-07-31,how to change epub to mobi,,,merged:_gsc_query_daily_*.json
page_published,2026-08-01,https://www.bookconv.com/blog/azw3-vs-mobi,,,E:\一人公司\电子书格式转换站\ebook-converter\src\data\blog\azw3-vs-mobi.ts
page_published,2026-08-01,https://www.bookconv.com/blog/epub-to-pdf-linux,,,E:\一人公司\电子书格式转换站\ebook-converter\src\data\blog\epub-to-pdf-linux.ts
page_published,2026-08-01,https://www.bookconv.com/blog/lit-ebook-format,,,E:\一人公司\电子书格式转换站\ebook-converter\src\data\blog\lit-ebook-format.ts
query_first_appeared,2026-08-01,convert azw3 to mobi,,,merged:_gsc_query_daily_*.json
query_first_appeared,2026-08-01,epub oder mobi,,,merged:_gsc_query_daily_*.json
query_first_appeared,2026-08-01,epub txt,,,merged:_gsc_query_daily_*.json
query_first_appeared,2026-08-01,zip to epub,,,merged:_gsc_query_daily_*.json
page_published,2026-08-02,https://www.bookconv.com/blog/cbr-to-pdf,,,E:\一人公司\电子书格式转换站\ebook-converter\src\data\blog\cbr-to-pdf.ts
page_published,2026-08-02,https://www.bookconv.com/blog/djvu-to-pdf,,,E:\一人公司\电子书格式转换站\ebook-converter\src\data\blog\djvu-to-pdf.ts
page_published,2026-08-02,https://www.bookconv.com/blog/fb2-to-epub,,,E:\一人公司\电子书格式转换站\ebook-converter\src\data\blog\fb2-to-epub.ts
page_published,2026-08-02,https://www.bookconv.com/blog/mobi-to-epub,,,E:\一人公司\电子书格式转换站\ebook-converter\src\data\blog\mobi-to-epub.ts
page_published,2026-08-02,https://www.bookconv.com/blog/txt-to-epub,,,E:\一人公司\电子书格式转换站\ebook-converter\src\data\blog\txt-to-epub.ts
query_first_appeared,2026-08-02,change mobi to epub,,,merged:_gsc_query_daily_*.json
query_first_appeared,2026-08-02,convert to mobi,,,merged:_gsc_query_daily_*.json
query_first_appeared,2026-08-02,lit to epub,,,merged:_gsc_query_daily_*.json
query_first_appeared,2026-08-02,mobi epub,,,merged:_gsc_query_daily_*.json
query_first_appeared,2026-08-02,mobi to epub conversion,,,merged:_gsc_query_daily_*.json
query_first_appeared,2026-08-02,mobi to epub convert,,,merged:_gsc_query_daily_*.json
query_first_appeared,2026-08-02,mobi to epub converter,,,merged:_gsc_query_daily_*.json
bing_url_discovered,2026-08-02,https://www.bookconv.com/es,,,E:\一人公司\电子书格式转换站\ebook-converter\数据分析\bing-url-status-EN-2026-09-04.csv
bing_url_crawled,2026-08-02,https://www.bookconv.com/es,,,E:\一人公司\电子书格式转换站\ebook-converter\数据分析\bing-url-status-EN-2026-09-04.csv
query_first_appeared,2026-08-03,chm to mobi,,,merged:_gsc_query_daily_*.json
query_first_appeared,2026-08-03,conversion epub mobi,,,merged:_gsc_query_daily_*.json
query_first_appeared,2026-08-03,conversion mobi epub,,,merged:_gsc_query_daily_*.json
query_first_appeared,2026-08-03,convert epub to mobi,,,merged:_gsc_query_daily_*.json
query_first_appeared,2026-08-03,converting epub to mobi,,,merged:_gsc_query_daily_*.json
query_first_appeared,2026-08-03,epub to mobi,,,merged:_gsc_query_daily_*.json
query_first_appeared,2026-08-03,lit to mobi,,,merged:_gsc_query_daily_*.json
query_first_appeared,2026-08-03,mobi conversion,,,merged:_gsc_query_daily_*.json
query_first_appeared,2026-08-03,mobi converter,,,merged:_gsc_query_daily_*.json
query_first_appeared,2026-08-04,converter mobi to epub,,,merged:_gsc_query_daily_*.json
query_first_appeared,2026-08-04,epub 2 mobi,,,merged:_gsc_query_daily_*.json
query_first_appeared,2026-08-04,live original epub,,,merged:_gsc_query_daily_*.json
query_first_appeared,2026-08-04,mobi to kobo,,,merged:_gsc_query_daily_*.json
query_first_appeared,2026-08-05,azw3 kindle,,,merged:_gsc_query_daily_*.json
query_first_appeared,2026-08-05,azw3 or mobi,,,merged:_gsc_query_daily_*.json
query_first_appeared,2026-08-05,bigconv,,,merged:_gsc_query_daily_*.json
query_first_appeared,2026-08-05,book converter,,,merged:_gsc_query_daily_*.json
query_first_appeared,2026-08-05,can kindle read azw3,,,merged:_gsc_query_daily_*.json
query_first_appeared,2026-08-05,convert epub to mobi online,,,merged:_gsc_query_daily_*.json
query_first_appeared,2026-08-05,convertir en mobi,,,merged:_gsc_query_daily_*.json
query_first_appeared,2026-08-05,does azw3 work on kindle,,,merged:_gsc_query_daily_*.json
query_first_appeared,2026-08-05,e-book converter,,,merged:_gsc_query_daily_*.json
query_first_appeared,2026-08-05,ebook conversion,,,merged:_gsc_query_daily_*.json
query_first_appeared,2026-08-05,ebook converter,,,merged:_gsc_query_daily_*.json
query_first_appeared,2026-08-05,epub to mobi online,,,merged:_gsc_query_daily_*.json
query_first_appeared,2026-08-05,mobi or azw3 for kindle,,,merged:_gsc_query_daily_*.json
query_first_appeared,2026-08-05,mobi vs azw3,,,merged:_gsc_query_daily_*.json
query_first_appeared,2026-08-05,what are azw3 files,,,merged:_gsc_query_daily_*.json
query_first_appeared,2026-08-06,azw3 or mobi for kindle,,,merged:_gsc_query_daily_*.json
query_first_appeared,2026-08-06,calibre ebook converter,,,merged:_gsc_query_daily_*.json
query_first_appeared,2026-08-06,change epub to mobi,,,merged:_gsc_query_daily_*.json
query_first_appeared,2026-08-06,conversor mobi epub,,,merged:_gsc_query_daily_*.json
query_first_appeared,2026-08-06,convert epub to azw3,,,merged:_gsc_query_daily_*.json
query_first_appeared,2026-08-06,convertir ebook,,,merged:_gsc_query_daily_*.json
query_first_appeared,2026-08-06,epub a awz3,,,merged:_gsc_query_daily_*.json
query_first_appeared,2026-08-06,epub to lrf,,,merged:_gsc_query_daily_*.json
query_first_appeared,2026-08-06,epub to mob,,,merged:_gsc_query_daily_*.json
query_first_appeared,2026-08-06,epub to zip converter,,,merged:_gsc_query_daily_*.json
query_first_appeared,2026-08-06,mobi vs azw3 for kindle,,,merged:_gsc_query_daily_*.json
query_first_appeared,2026-08-06,mobipocket to epub,,,merged:_gsc_query_daily_*.json
query_first_appeared,2026-08-06,what is a azw3 file,,,merged:_gsc_query_daily_*.json
query_first_appeared,2026-08-06,what is azw3,,,merged:_gsc_query_daily_*.json
query_first_appeared,2026-08-07,azw format,,,merged:_gsc_query_daily_*.json
query_first_appeared,2026-08-07,azw3 vs mobi for kindle,,,merged:_gsc_query_daily_*.json
query_first_appeared,2026-08-07,epub en mobi,,,merged:_gsc_query_daily_*.json
query_first_appeared,2026-08-07,epub mobi,,,merged:_gsc_query_daily_*.json
query_first_appeared,2026-08-07,mobi file converter,,,merged:_gsc_query_daily_*.json
query_first_appeared,2026-08-07,mobi2epub,,,merged:_gsc_query_daily_*.json
bing_url_discovered,2026-08-07,https://www.bookconv.com/guide/mobi-to-epub-keep-formatting,,,E:\一人公司\电子书格式转换站\ebook-converter\数据分析\bing-url-status-2026-09-04.csv
bing_url_discovered,2026-08-07,https://www.bookconv.com/guide/epub-to-azw3-for-kindle,,,E:\一人公司\电子书格式转换站\ebook-converter\数据分析\bing-url-status-2026-09-04.csv
bing_url_discovered,2026-08-07,https://www.bookconv.com/guide/djvu-to-pdf,,,E:\一人公司\电子书格式转换站\ebook-converter\数据分析\bing-url-status-2026-09-04.csv
bing_url_crawled,2026-08-07,https://www.bookconv.com/guide/djvu-to-pdf,,,E:\一人公司\电子书格式转换站\ebook-converter\数据分析\bing-url-status-2026-09-04.csv
bing_url_discovered,2026-08-07,https://www.bookconv.com/guide/cbr-to-pdf,,,E:\一人公司\电子书格式转换站\ebook-converter\数据分析\bing-url-status-2026-09-04.csv
bing_url_discovered,2026-08-07,https://www.bookconv.com/guide/lit-to-epub-keep-formatting,,,E:\一人公司\电子书格式转换站\ebook-converter\数据分析\bing-url-status-2026-09-04.csv
bing_url_discovered,2026-08-07,https://www.bookconv.com/guide/epub-to-txt-extract,,,E:\一人公司\电子书格式转换站\ebook-converter\数据分析\bing-url-status-2026-09-04.csv
bing_url_crawled,2026-08-07,https://www.bookconv.com/guide/epub-to-txt-extract,,,E:\一人公司\电子书格式转换站\ebook-converter\数据分析\bing-url-status-2026-09-04.csv
bing_url_discovered,2026-08-07,https://www.bookconv.com/guide/fb2-to-epub-keep-formatting,,,E:\一人公司\电子书格式转换站\ebook-converter\数据分析\bing-url-status-2026-09-04.csv
bing_url_crawled,2026-08-07,https://www.bookconv.com/guide/fb2-to-epub-keep-formatting,,,E:\一人公司\电子书格式转换站\ebook-converter\数据分析\bing-url-status-2026-09-04.csv
bing_url_discovered,2026-08-07,https://www.bookconv.com/guide/azw3-to-mobi-keep-formatting,,,E:\一人公司\电子书格式转换站\ebook-converter\数据分析\bing-url-status-2026-09-04.csv
bing_url_crawled,2026-08-07,https://www.bookconv.com/guide/azw3-to-mobi-keep-formatting,,,E:\一人公司\电子书格式转换站\ebook-converter\数据分析\bing-url-status-2026-09-04.csv
bing_url_discovered,2026-08-07,https://www.bookconv.com/guide/txt-to-epub-build-ebook,,,E:\一人公司\电子书格式转换站\ebook-converter\数据分析\bing-url-status-2026-09-04.csv
bing_url_discovered,2026-08-07,https://www.bookconv.com/es/blog/epub-to-word,,,E:\一人公司\电子书格式转换站\ebook-converter\数据分析\bing-url-status-2026-09-04.csv
bing_url_crawled,2026-08-07,https://www.bookconv.com/es/blog/epub-to-word,,,E:\一人公司\电子书格式转换站\ebook-converter\数据分析\bing-url-status-2026-09-04.csv
bing_url_discovered,2026-08-07,https://www.bookconv.com/es/blog/env-variables-setup,,,E:\一人公司\电子书格式转换站\ebook-converter\数据分析\bing-url-status-2026-09-04.csv
bing_url_discovered,2026-08-07,https://www.bookconv.com/es/blog/how-to-convert-epub-to-mobi,,,E:\一人公司\电子书格式转换站\ebook-converter\数据分析\bing-url-status-2026-09-04.csv
bing_url_discovered,2026-08-07,https://www.bookconv.com/es/guide/mobi-vs-azw3,,,E:\一人公司\电子书格式转换站\ebook-converter\数据分析\bing-url-status-2026-09-04.csv
bing_url_crawled,2026-08-07,https://www.bookconv.com/es/guide/mobi-vs-azw3,,,E:\一人公司\电子书格式转换站\ebook-converter\数据分析\bing-url-status-2026-09-04.csv
bing_url_discovered,2026-08-07,https://www.bookconv.com/guide/fix-epub-to-pdf-formatting,,,E:\一人公司\电子书格式转换站\ebook-converter\数据分析\bing-url-status-EN-2026-09-04.csv
bing_url_discovered,2026-08-07,https://www.bookconv.com/guide/pdf-to-epub-keep-formatting,,,E:\一人公司\电子书格式转换站\ebook-converter\数据分析\bing-url-status-EN-2026-09-04.csv
bing_url_crawled,2026-08-07,https://www.bookconv.com/guide/pdf-to-epub-keep-formatting,,,E:\一人公司\电子书格式转换站\ebook-converter\数据分析\bing-url-status-EN-2026-09-04.csv
bing_url_discovered,2026-08-07,https://www.bookconv.com/guide/calibre-vs-online-converter,,,E:\一人公司\电子书格式转换站\ebook-converter\数据分析\bing-url-status-EN-2026-09-04.csv
bing_url_crawled,2026-08-07,https://www.bookconv.com/guide/calibre-vs-online-converter,,,E:\一人公司\电子书格式转换站\ebook-converter\数据分析\bing-url-status-EN-2026-09-04.csv
bing_url_discovered,2026-08-07,https://www.bookconv.com/guide/epub-to-mobi-keep-formatting,,,E:\一人公司\电子书格式转换站\ebook-converter\数据分析\bing-url-status-EN-2026-09-04.csv
bing_url_discovered,2026-08-07,https://www.bookconv.com/guide/azw3-to-epub-keep-formatting,,,E:\一人公司\电子书格式转换站\ebook-converter\数据分析\bing-url-status-EN-2026-09-04.csv
bing_url_crawled,2026-08-07,https://www.bookconv.com/guide/azw3-to-epub-keep-formatting,,,E:\一人公司\电子书格式转换站\ebook-converter\数据分析\bing-url-status-EN-2026-09-04.csv
bing_url_discovered,2026-08-07,https://www.bookconv.com/guide/docx-to-epub-self-publish,,,E:\一人公司\电子书格式转换站\ebook-converter\数据分析\bing-url-status-EN-2026-09-04.csv
bing_url_discovered,2026-08-07,https://www.bookconv.com/guide/mobi-to-epub-keep-formatting,,,E:\一人公司\电子书格式转换站\ebook-converter\数据分析\bing-url-status-EN-2026-09-04.csv
bing_url_discovered,2026-08-07,https://www.bookconv.com/guide/epub-to-azw3-for-kindle,,,E:\一人公司\电子书格式转换站\ebook-converter\数据分析\bing-url-status-EN-2026-09-04.csv
bing_url_discovered,2026-08-07,https://www.bookconv.com/guide/djvu-to-pdf,,,E:\一人公司\电子书格式转换站\ebook-converter\数据分析\bing-url-status-EN-2026-09-04.csv
bing_url_crawled,2026-08-07,https://www.bookconv.com/guide/djvu-to-pdf,,,E:\一人公司\电子书格式转换站\ebook-converter\数据分析\bing-url-status-EN-2026-09-04.csv
bing_url_discovered,2026-08-07,https://www.bookconv.com/guide/cbr-to-pdf,,,E:\一人公司\电子书格式转换站\ebook-converter\数据分析\bing-url-status-EN-2026-09-04.csv
bing_url_discovered,2026-08-07,https://www.bookconv.com/guide/lit-to-epub-keep-formatting,,,E:\一人公司\电子书格式转换站\ebook-converter\数据分析\bing-url-status-EN-2026-09-04.csv
bing_url_discovered,2026-08-07,https://www.bookconv.com/guide/epub-to-txt-extract,,,E:\一人公司\电子书格式转换站\ebook-converter\数据分析\bing-url-status-EN-2026-09-04.csv
bing_url_discovered,2026-08-07,https://www.bookconv.com/guide/fb2-to-epub-keep-formatting,,,E:\一人公司\电子书格式转换站\ebook-converter\数据分析\bing-url-status-EN-2026-09-04.csv
bing_url_crawled,2026-08-07,https://www.bookconv.com/guide/fb2-to-epub-keep-formatting,,,E:\一人公司\电子书格式转换站\ebook-converter\数据分析\bing-url-status-EN-2026-09-04.csv
bing_url_discovered,2026-08-07,https://www.bookconv.com/guide/azw3-to-mobi-keep-formatting,,,E:\一人公司\电子书格式转换站\ebook-converter\数据分析\bing-url-status-EN-2026-09-04.csv
bing_url_crawled,2026-08-07,https://www.bookconv.com/guide/azw3-to-mobi-keep-formatting,,,E:\一人公司\电子书格式转换站\ebook-converter\数据分析\bing-url-status-EN-2026-09-04.csv
bing_url_discovered,2026-08-07,https://www.bookconv.com/guide/txt-to-epub-build-ebook,,,E:\一人公司\电子书格式转换站\ebook-converter\数据分析\bing-url-status-EN-2026-09-04.csv
bing_url_discovered,2026-08-07,https://www.bookconv.com/guide/mobi-vs-azw3,,,E:\一人公司\电子书格式转换站\ebook-converter\数据分析\bing-url-status-EN-2026-09-04.csv
page_published,2026-08-08,https://www.bookconv.com/blog/can-kindle-read-azw3,,,E:\一人公司\电子书格式转换站\ebook-converter\src\data\blog\can-kindle-read-azw3.ts
ai_citation_increased,2026-08-08,bing_ai_total_citations,4.0,previous=0.0 on 2026-08-07,merged:AIPerformanceOverviewStats
ai_citation_appeared,2026-08-08,bing_ai_total_citations,4.0,,merged:AIPerformanceOverviewStats
query_first_appeared,2026-08-08,conversor epub mobi,,,merged:_gsc_query_daily_*.json
query_first_appeared,2026-08-08,convert rtf to epub,,,merged:_gsc_query_daily_*.json
query_first_appeared,2026-08-08,converter epub to azw3,,,merged:_gsc_query_daily_*.json
query_first_appeared,2026-08-08,docx to epub,,,merged:_gsc_query_daily_*.json
query_first_appeared,2026-08-08,ebook mobi,,,merged:_gsc_query_daily_*.json
query_first_appeared,2026-08-08,epub and mobi,,,merged:_gsc_query_daily_*.json
query_first_appeared,2026-08-08,epub mobi converter,,,merged:_gsc_query_daily_*.json
query_first_appeared,2026-08-08,epub mobi format,,,merged:_gsc_query_daily_*.json
query_first_appeared,2026-08-08,epub to azw3,,,merged:_gsc_query_daily_*.json
query_first_appeared,2026-08-08,mobi or azw3,,,merged:_gsc_query_daily_*.json
query_first_appeared,2026-08-08,send azw3 to kindle,,,merged:_gsc_query_daily_*.json
bing_url_discovered,2026-08-08,https://www.bookconv.com/guide/kindle-formats,,,E:\一人公司\电子书格式转换站\ebook-converter\数据分析\bing-url-status-EN-2026-09-04.csv
page_published,2026-08-09,https://www.bookconv.com/blog/batch-converter,,,E:\一人公司\电子书格式转换站\ebook-converter\src\data\blog\batch-converter.ts
page_published,2026-08-09,https://www.bookconv.com/blog/best-ebook-reader-apps,,,E:\一人公司\电子书格式转换站\ebook-converter\src\data\blog\best-ebook-reader-apps.ts
page_published,2026-08-09,https://www.bookconv.com/blog/common-ebook-format-problems,,,E:\一人公司\电子书格式转换站\ebook-converter\src\data\blog\common-ebook-format-problems.ts
page_published,2026-08-09,https://www.bookconv.com/blog/ebook-conversion-checklist,,,E:\一人公司\电子书格式转换站\ebook-converter\src\data\blog\ebook-conversion-checklist.ts
page_published,2026-08-09,https://www.bookconv.com/blog/epub-vs-mobi,,,E:\一人公司\电子书格式转换站\ebook-converter\src\data\blog\epub-vs-mobi.ts
page_published,2026-08-09,https://www.bookconv.com/blog/epub-vs-pdf,,,E:\一人公司\电子书格式转换站\ebook-converter\src\data\blog\epub-vs-pdf.ts
page_published,2026-08-09,https://www.bookconv.com/blog/epub3-vs-epub2,,,E:\一人公司\电子书格式转换站\ebook-converter\src\data\blog\epub3-vs-epub2.ts
page_published,2026-08-09,https://www.bookconv.com/blog/fb2-vs-epub,,,E:\一人公司\电子书格式转换站\ebook-converter\src\data\blog\fb2-vs-epub.ts
page_published,2026-08-09,https://www.bookconv.com/blog/kobo-to-epub,,,E:\一人公司\电子书格式转换站\ebook-converter\src\data\blog\kobo-to-epub.ts
page_published,2026-08-09,https://www.bookconv.com/blog/mobi-to-kobo,,,E:\一人公司\电子书格式转换站\ebook-converter\src\data\blog\mobi-to-kobo.ts
page_published,2026-08-09,https://www.bookconv.com/blog/read-epub-on-any-device,,,E:\一人公司\电子书格式转换站\ebook-converter\src\data\blog\read-epub-on-any-device.ts
page_published,2026-08-09,https://www.bookconv.com/blog/scanned-pdf-to-epub-ocr,,,E:\一人公司\电子书格式转换站\ebook-converter\src\data\blog\scanned-pdf-to-epub-ocr.ts
page_published,2026-08-09,https://www.bookconv.com/blog/why-ebook-wont-open-kindle,,,E:\一人公司\电子书格式转换站\ebook-converter\src\data\blog\why-ebook-wont-open-kindle.ts
query_first_appeared,2026-08-09,azw3,,,merged:_gsc_query_daily_*.json
query_first_appeared,2026-08-09,azw3 vs epub vs mobi,,,merged:_gsc_query_daily_*.json
query_first_appeared,2026-08-09,comm click here to order (epub|pdf|mobi),,,merged:_gsc_query_daily_*.json
query_first_appeared,2026-08-09,converter epub em docx,,,merged:_gsc_query_daily_*.json
query_first_appeared,2026-08-09,converter mobi pra epub,,,merged:_gsc_query_daily_*.json
query_first_appeared,2026-08-09,convertidor de epub a docx,,,merged:_gsc_query_daily_*.json
query_first_appeared,2026-08-09,converting azw3 to epub,,,merged:_gsc_query_daily_*.json
query_first_appeared,2026-08-09,convertire epub in azw3,,,merged:_gsc_query_daily_*.json
query_first_appeared,2026-08-09,epub convert to txt,,,merged:_gsc_query_daily_*.json
query_first_appeared,2026-08-09,epub doc,,,merged:_gsc_query_daily_*.json
query_first_appeared,2026-08-09,epub para doc,,,merged:_gsc_query_daily_*.json
query_first_appeared,2026-08-09,epub to amz,,,merged:_gsc_query_daily_*.json
query_first_appeared,2026-08-09,epub to doc,,,merged:_gsc_query_daily_*.json
query_first_appeared,2026-08-09,epub to docx,,,merged:_gsc_query_daily_*.json
query_first_appeared,2026-08-09,epub to docx converter,,,merged:_gsc_query_daily_*.json
query_first_appeared,2026-08-09,epub to word,,,merged:_gsc_query_daily_*.json
query_first_appeared,2026-08-09,epub to word converter,,,merged:_gsc_query_daily_*.json
query_first_appeared,2026-08-09,epub vs mobi for kobo,,,merged:_gsc_query_daily_*.json
query_first_appeared,2026-08-09,is azw3 compatible with kindle,,,merged:_gsc_query_daily_*.json
query_first_appeared,2026-08-09,kindle format epub or mobi,,,merged:_gsc_query_daily_*.json
query_first_appeared,2026-08-09,kindle mobi or epub,,,merged:_gsc_query_daily_*.json
query_first_appeared,2026-08-09,lit vs epub,,,merged:_gsc_query_daily_*.json
query_first_appeared,2026-08-09,mobi a epub,,,merged:_gsc_query_daily_*.json
query_first_appeared,2026-08-09,mobi epub converter,,,merged:_gsc_query_daily_*.json
query_first_appeared,2026-08-09,mobi to rtf,,,merged:_gsc_query_daily_*.json
query_first_appeared,2026-08-09,prc to mobi,,,merged:_gsc_query_daily_*.json
query_first_appeared,2026-08-09,rtf to epub,,,merged:_gsc_query_daily_*.json
query_first_appeared,2026-08-09,transform epub to mobi,,,merged:_gsc_query_daily_*.json
bing_url_discovered,2026-08-09,https://www.bookconv.com/convert/chm-to-mobi,,,E:\一人公司\电子书格式转换站\ebook-converter\数据分析\bing-url-status-EN-2026-09-04.csv
bing_url_crawled,2026-08-09,https://www.bookconv.com/convert/chm-to-mobi,,,E:\一人公司\电子书格式转换站\ebook-converter\数据分析\bing-url-status-EN-2026-09-04.csv
bing_url_discovered,2026-08-09,https://www.bookconv.com/blog/epub-vs-mobi,,,E:\一人公司\电子书格式转换站\ebook-converter\数据分析\bing-url-status-EN-2026-09-04.csv
bing_url_crawled,2026-08-09,https://www.bookconv.com/blog/epub-vs-mobi,,,E:\一人公司\电子书格式转换站\ebook-converter\数据分析\bing-url-status-EN-2026-09-04.csv
bing_url_discovered,2026-08-09,https://www.bookconv.com/blog/can-kindle-read-azw3,,,E:\一人公司\电子书格式转换站\ebook-converter\数据分析\bing-url-status-EN-2026-09-04.csv
query_first_appeared,2026-08-10,azw3 to epub,,,merged:_gsc_query_daily_*.json
query_first_appeared,2026-08-10,calibre converter,,,merged:_gsc_query_daily_*.json
query_first_appeared,2026-08-10,calibre ebook convert,,,merged:_gsc_query_daily_*.json
query_first_appeared,2026-08-10,calibre ebook-convert,,,merged:_gsc_query_daily_*.json
query_first_appeared,2026-08-10,convert ebook,,,merged:_gsc_query_daily_*.json
query_first_appeared,2026-08-10,convert epub to azw,,,merged:_gsc_query_daily_*.json
query_first_appeared,2026-08-10,convert mobi file to epub,,,merged:_gsc_query_daily_*.json
query_first_appeared,2026-08-10,convertisseur epub azw3,,,merged:_gsc_query_daily_*.json
query_first_appeared,2026-08-10,ebook converter online,,,merged:_gsc_query_daily_*.json
query_first_appeared,2026-08-10,ebook convertor,,,merged:_gsc_query_daily_*.json
query_first_appeared,2026-08-10,ebook online convert,,,merged:_gsc_query_daily_*.json
query_first_appeared,2026-08-10,epub para docx,,,merged:_gsc_query_daily_*.json
query_first_appeared,2026-08-10,epub to azw,,,merged:_gsc_query_daily_*.json
query_first_appeared,2026-08-10,epub to text,,,merged:_gsc_query_daily_*.json
query_first_appeared,2026-08-10,format mobi,,,merged:_gsc_query_daily_*.json
query_first_appeared,2026-08-10,kindle paperwhite epub or mobi,,,merged:_gsc_query_daily_*.json
query_first_appeared,2026-08-10,rtf a epub,,,merged:_gsc_query_daily_*.json
query_first_appeared,2026-08-10,send awz3 to kindle,,,merged:_gsc_query_daily_*.json
ai_citation_increased,2026-08-11,bing_ai_total_citations,13.0,previous=0.0 on 2026-08-10,merged:AIPerformanceOverviewStats
query_first_appeared,2026-08-11,.azw3 to epub,,,merged:_gsc_query_daily_*.json
query_first_appeared,2026-08-11,.lcpl to epub,,,merged:_gsc_query_daily_*.json
query_first_appeared,2026-08-11,.lit to epub,,,merged:_gsc_query_daily_*.json
query_first_appeared,2026-08-11,azw3 vs epub,,,merged:_gsc_query_daily_*.json
query_first_appeared,2026-08-11,azw3 vs kfx,,,merged:_gsc_query_daily_*.json
query_first_appeared,2026-08-11,book conversion,,,merged:_gsc_query_daily_*.json
query_first_appeared,2026-08-11,book conversion to ebook,,,merged:_gsc_query_daily_*.json
query_first_appeared,2026-08-11,book convertor,,,merged:_gsc_query_daily_*.json
query_first_appeared,2026-08-11,books converter,,,merged:_gsc_query_daily_*.json
query_first_appeared,2026-08-11,can kindle read azw3 files,,,merged:_gsc_query_daily_*.json
query_first_appeared,2026-08-11,convert book,,,merged:_gsc_query_daily_*.json
query_first_appeared,2026-08-11,convert books,,,merged:_gsc_query_daily_*.json
query_first_appeared,2026-08-11,convert ebooks,,,merged:_gsc_query_daily_*.json
query_first_appeared,2026-08-11,convert epub to amz3,,,merged:_gsc_query_daily_*.json
query_first_appeared,2026-08-11,convert epub to doc,,,merged:_gsc_query_daily_*.json
query_first_appeared,2026-08-11,convert epub to rtf,,,merged:_gsc_query_daily_*.json
query_first_appeared,2026-08-11,convert epub to txt,,,merged:_gsc_query_daily_*.json
query_first_appeared,2026-08-11,convert txt to epub,,,merged:_gsc_query_daily_*.json
query_first_appeared,2026-08-11,ebook lit,,,merged:_gsc_query_daily_*.json
query_first_appeared,2026-08-11,epub a azw3,,,merged:_gsc_query_daily_*.json
query_first_appeared,2026-08-11,epub para txt,,,merged:_gsc_query_daily_*.json
query_first_appeared,2026-08-11,epub to awz3,,,merged:_gsc_query_daily_*.json
query_first_appeared,2026-08-11,epub to prc,,,merged:_gsc_query_daily_*.json
query_first_appeared,2026-08-11,epub vs mobi,,,merged:_gsc_query_daily_*.json
query_first_appeared,2026-08-11,how to add azw3 to kindle,,,merged:_gsc_query_daily_*.json
query_first_appeared,2026-08-11,mobi toepub,,,merged:_gsc_query_daily_*.json
bing_url_discovered,2026-08-11,https://www.bookconv.com/compat/epub-to-mobi-on-kindle-paperwhite,,,E:\一人公司\电子书格式转换站\ebook-converter\数据分析\bing-url-status-EN-2026-09-04.csv
bing_url_crawled,2026-08-11,https://www.bookconv.com/compat/epub-to-mobi-on-kindle-paperwhite,,,E:\一人公司\电子书格式转换站\ebook-converter\数据分析\bing-url-status-EN-2026-09-04.csv
bing_url_discovered,2026-08-11,https://www.bookconv.com/blog/ebook-conversion-checklist,,,E:\一人公司\电子书格式转换站\ebook-converter\数据分析\bing-url-status-EN-2026-09-04.csv
bing_url_crawled,2026-08-11,https://www.bookconv.com/blog/ebook-conversion-checklist,,,E:\一人公司\电子书格式转换站\ebook-converter\数据分析\bing-url-status-EN-2026-09-04.csv
bing_url_discovered,2026-08-11,https://www.bookconv.com/blog/epub3-vs-epub2,,,E:\一人公司\电子书格式转换站\ebook-converter\数据分析\bing-url-status-EN-2026-09-04.csv
bing_url_crawled,2026-08-11,https://www.bookconv.com/blog/epub3-vs-epub2,,,E:\一人公司\电子书格式转换站\ebook-converter\数据分析\bing-url-status-EN-2026-09-04.csv
bing_url_discovered,2026-08-11,https://www.bookconv.com/blog/kobo-to-epub,,,E:\一人公司\电子书格式转换站\ebook-converter\数据分析\bing-url-status-EN-2026-09-04.csv
bing_url_discovered,2026-08-11,https://www.bookconv.com/blog/epub-to-pdf-linux,,,E:\一人公司\电子书格式转换站\ebook-converter\数据分析\bing-url-status-EN-2026-09-04.csv
bing_url_crawled,2026-08-11,https://www.bookconv.com/blog/epub-to-pdf-linux,,,E:\一人公司\电子书格式转换站\ebook-converter\数据分析\bing-url-status-EN-2026-09-04.csv
query_first_appeared,2026-08-12,.mobi to epub converter,,,merged:_gsc_query_daily_*.json
query_first_appeared,2026-08-12,azw3 file,,,merged:_gsc_query_daily_*.json
query_first_appeared,2026-08-12,azw3 file to kindle,,,merged:_gsc_query_daily_*.json
query_first_appeared,2026-08-12,azw3 kindle paperwhite,,,merged:_gsc_query_daily_*.json
query_first_appeared,2026-08-12,caliber ebook converter,,,merged:_gsc_query_daily_*.json
query_first_appeared,2026-08-12,calibre convert epub to mobi,,,merged:_gsc_query_daily_*.json
query_first_appeared,2026-08-12,can kobo read azw3,,,merged:_gsc_query_daily_*.json
query_first_appeared,2026-08-12,convert .lit to epub,,,merged:_gsc_query_daily_*.json
query_first_appeared,2026-08-12,convert book into ebook,,,merged:_gsc_query_daily_*.json
query_first_appeared,2026-08-12,convert ebook online,,,merged:_gsc_query_daily_*.json
query_first_appeared,2026-08-12,convert from mobi to epub,,,merged:_gsc_query_daily_*.json
query_first_appeared,2026-08-12,convert lit to epub,,,merged:_gsc_query_daily_*.json
query_first_appeared,2026-08-12,converter epub para azw3,,,merged:_gsc_query_daily_*.json
query_first_appeared,2026-08-12,converter mobi epub,,,merged:_gsc_query_daily_*.json
query_first_appeared,2026-08-12,converter mobi para epub,,,merged:_gsc_query_daily_*.json
query_first_appeared,2026-08-12,converting mobi to epub,,,merged:_gsc_query_daily_*.json
query_first_appeared,2026-08-12,convertir epub en txt,,,merged:_gsc_query_daily_*.json
query_first_appeared,2026-08-12,does kindle read azw3,,,merged:_gsc_query_daily_*.json
query_first_appeared,2026-08-12,does kindle support azw3,,,merged:_gsc_query_daily_*.json
query_first_appeared,2026-08-12,ebook conversions,,,merged:_gsc_query_daily_*.json
query_first_appeared,2026-08-12,ebook online converter,,,merged:_gsc_query_daily_*.json
query_first_appeared,2026-08-12,epub to azw converter,,,merged:_gsc_query_daily_*.json
query_first_appeared,2026-08-12,epub to kindle converter,,,merged:_gsc_query_daily_*.json
query_first_appeared,2026-08-12,epub vs azw3 for kindle,,,merged:_gsc_query_daily_*.json
query_first_appeared,2026-08-12,free ebook converter for kindle,,,merged:_gsc_query_daily_*.json
query_first_appeared,2026-08-12,how do i convert mobi to epub,,,merged:_gsc_query_daily_*.json
query_first_appeared,2026-08-12,how to change mobi to epub,,,merged:_gsc_query_daily_*.json
query_first_appeared,2026-08-12,kindle epub or mobi,,,merged:_gsc_query_daily_*.json
query_first_appeared,2026-08-12,kindle format mobi or epub,,,merged:_gsc_query_daily_*.json
query_first_appeared,2026-08-12,lit file kindle,,,merged:_gsc_query_daily_*.json
query_first_appeared,2026-08-12,lit format,,,merged:_gsc_query_daily_*.json
query_first_appeared,2026-08-12,mobi converter to epub,,,merged:_gsc_query_daily_*.json
query_first_appeared,2026-08-12,mobi e epub,,,merged:_gsc_query_daily_*.json
query_first_appeared,2026-08-12,mobi para epub,,,merged:_gsc_query_daily_*.json
query_first_appeared,2026-08-12,mobi to epub online free,,,merged:_gsc_query_daily_*.json
query_first_appeared,2026-08-12,mobi vs epub,,,merged:_gsc_query_daily_*.json
query_first_appeared,2026-08-12,online ebook conversion,,,merged:_gsc_query_daily_*.json
query_first_appeared,2026-08-12,online ebook convert,,,merged:_gsc_query_daily_*.json
query_first_appeared,2026-08-12,online ebook converter,,,merged:_gsc_query_daily_*.json
query_first_appeared,2026-08-12,txt epub,,,merged:_gsc_query_daily_*.json
query_first_appeared,2026-08-12,txt to epub,,,merged:_gsc_query_daily_*.json
query_first_appeared,2026-08-12,what is mobi format for ebooks,,,merged:_gsc_query_daily_*.json
bing_url_discovered,2026-08-12,https://www.bookconv.com/blog/epub-to-mobi-guide,,,E:\一人公司\电子书格式转换站\ebook-converter\数据分析\bing-url-status-EN-2026-09-04.csv
bing_url_crawled,2026-08-12,https://www.bookconv.com/blog/epub-to-mobi-guide,,,E:\一人公司\电子书格式转换站\ebook-converter\数据分析\bing-url-status-EN-2026-09-04.csv
bing_url_discovered,2026-08-12,https://www.bookconv.com/blog/pdf-to-epub-guide,,,E:\一人公司\电子书格式转换站\ebook-converter\数据分析\bing-url-status-EN-2026-09-04.csv
bing_url_discovered,2026-08-12,https://www.bookconv.com/blog/env-variables-setup,,,E:\一人公司\电子书格式转换站\ebook-converter\数据分析\bing-url-status-EN-2026-09-04.csv
bing_url_crawled,2026-08-12,https://www.bookconv.com/blog/env-variables-setup,,,E:\一人公司\电子书格式转换站\ebook-converter\数据分析\bing-url-status-EN-2026-09-04.csv
query_first_appeared,2026-08-13,azw3 file format,,,merged:_gsc_query_daily_*.json
query_first_appeared,2026-08-13,best mobi to epub converter,,,merged:_gsc_query_daily_*.json
query_first_appeared,2026-08-13,book to ebook converter,,,merged:_gsc_query_daily_*.json
query_first_appeared,2026-08-13,calibre convert,,,merged:_gsc_query_daily_*.json
query_first_appeared,2026-08-13,calibre online,,,merged:_gsc_query_daily_*.json
query_first_appeared,2026-08-13,calibre online converter,,,merged:_gsc_query_daily_*.json
query_first_appeared,2026-08-13,can you convert mobi to epub,,,merged:_gsc_query_daily_*.json
query_first_appeared,2026-08-13,can't send azw3 to kindle,,,merged:_gsc_query_daily_*.json
query_first_appeared,2026-08-13,cloudconvert epub to txt,,,merged:_gsc_query_daily_*.json
query_first_appeared,2026-08-13,convertire epub in azw,,,merged:_gsc_query_daily_*.json
query_first_appeared,2026-08-13,docx in epub,,,merged:_gsc_query_daily_*.json
query_first_appeared,2026-08-13,ebook file formats,,,merged:_gsc_query_daily_*.json
query_first_appeared,2026-08-13,epub amobi,,,merged:_gsc_query_daily_*.json
query_first_appeared,2026-08-13,epub converter mobi,,,merged:_gsc_query_daily_*.json
query_first_appeared,2026-08-13,epub to amz3,,,merged:_gsc_query_daily_*.json
query_first_appeared,2026-08-13,epub to azw3 online converter,,,merged:_gsc_query_daily_*.json
query_first_appeared,2026-08-13,epub to mobi converter,,,merged:_gsc_query_daily_*.json
query_first_appeared,2026-08-13,how to convert mobi to epub,,,merged:_gsc_query_daily_*.json
query_first_appeared,2026-08-13,is epub the best format,,,merged:_gsc_query_daily_*.json
query_first_appeared,2026-08-13,kindle is epub or mobi,,,merged:_gsc_query_daily_*.json
query_first_appeared,2026-08-13,mobi ebook,,,merged:_gsc_query_daily_*.json
query_first_appeared,2026-08-13,mobi to awz3,,,merged:_gsc_query_daily_*.json
query_first_appeared,2026-08-13,mobi to epub linux,,,merged:_gsc_query_daily_*.json
query_first_appeared,2026-08-13,transform mobi to epub,,,merged:_gsc_query_daily_*.json
query_first_appeared,2026-08-13,turn book into ebook,,,merged:_gsc_query_daily_*.json
bing_url_discovered,2026-08-13,https://www.bookconv.com/convert/epub-to-html,,,E:\一人公司\电子书格式转换站\ebook-converter\数据分析\bing-url-status-EN-2026-09-04.csv
bing_url_crawled,2026-08-13,https://www.bookconv.com/convert/epub-to-html,,,E:\一人公司\电子书格式转换站\ebook-converter\数据分析\bing-url-status-EN-2026-09-04.csv
bing_url_discovered,2026-08-13,https://www.bookconv.com/convert/epub-to-zip,,,E:\一人公司\电子书格式转换站\ebook-converter\数据分析\bing-url-status-EN-2026-09-04.csv
query_first_appeared,2026-08-14,azw3 file type,,,merged:_gsc_query_daily_*.json
query_first_appeared,2026-08-14,azw3 format,,,merged:_gsc_query_daily_*.json
query_first_appeared,2026-08-14,conversor online ebook,,,merged:_gsc_query_daily_*.json
query_first_appeared,2026-08-14,convert mobi epub,,,merged:_gsc_query_daily_*.json
query_first_appeared,2026-08-14,convert mobi to epub online,,,merged:_gsc_query_daily_*.json
query_first_appeared,2026-08-14,converter de mobi para epub,,,merged:_gsc_query_daily_*.json
query_first_appeared,2026-08-14,converter from .mobi to .epub,,,merged:_gsc_query_daily_*.json
query_first_appeared,2026-08-14,convertir rtf a epub,,,merged:_gsc_query_daily_*.json
query_first_appeared,2026-08-14,convertor epub a mobi,,,merged:_gsc_query_daily_*.json
query_first_appeared,2026-08-14,epub in azw,,,merged:_gsc_query_daily_*.json
query_first_appeared,2026-08-14,epub or mobi for kindle?,,,merged:_gsc_query_daily_*.json
query_first_appeared,2026-08-14,epub to awz,,,merged:_gsc_query_daily_*.json
query_first_appeared,2026-08-14,epub vs mobi vs azw3,,,merged:_gsc_query_daily_*.json
query_first_appeared,2026-08-14,from epub to azw3,,,merged:_gsc_query_daily_*.json
query_first_appeared,2026-08-14,is kindle epub or mobi,,,merged:_gsc_query_daily_*.json
query_first_appeared,2026-08-14,mobi to eoub,,,merged:_gsc_query_daily_*.json
query_first_appeared,2026-08-14,mobi to epub free converter,,,merged:_gsc_query_daily_*.json
query_first_appeared,2026-08-14,mobi to epun,,,merged:_gsc_query_daily_*.json
query_first_appeared,2026-08-14,mobi to rpub,,,merged:_gsc_query_daily_*.json
query_first_appeared,2026-08-14,mobit to epub,,,merged:_gsc_query_daily_*.json
query_first_appeared,2026-08-14,v s mobi,,,merged:_gsc_query_daily_*.json
bing_url_discovered,2026-08-14,https://www.bookconv.com/convert/epub-to-pdf,,,E:\一人公司\电子书格式转换站\ebook-converter\数据分析\bing-url-status-EN-2026-09-04.csv
bing_url_crawled,2026-08-14,https://www.bookconv.com/convert/epub-to-pdf,,,E:\一人公司\电子书格式转换站\ebook-converter\数据分析\bing-url-status-EN-2026-09-04.csv
bing_url_discovered,2026-08-14,https://www.bookconv.com/convert/pdf-to-epub,,,E:\一人公司\电子书格式转换站\ebook-converter\数据分析\bing-url-status-EN-2026-09-04.csv
bing_url_crawled,2026-08-14,https://www.bookconv.com/convert/pdf-to-epub,,,E:\一人公司\电子书格式转换站\ebook-converter\数据分析\bing-url-status-EN-2026-09-04.csv
page_published,2026-08-15,https://www.bookconv.com/blog/check-converted-file-quality,,,E:\一人公司\电子书格式转换站\ebook-converter\src\data\blog\check-converted-file-quality.ts
page_published,2026-08-15,https://www.bookconv.com/blog/conversion-error-guide,,,E:\一人公司\电子书格式转换站\ebook-converter\src\data\blog\conversion-error-guide.ts
page_published,2026-08-15,https://www.bookconv.com/blog/large-file-conversion-guide,,,E:\一人公司\电子书格式转换站\ebook-converter\src\data\blog\large-file-conversion-guide.ts
page_published,2026-08-15,https://www.bookconv.com/blog/sync-reading-across-devices,,,E:\一人公司\电子书格式转换站\ebook-converter\src\data\blog\sync-reading-across-devices.ts
ai_citation_increased,2026-08-15,bing_ai_total_citations,6.0,previous=0.0 on 2026-08-14,merged:AIPerformanceOverviewStats
query_first_appeared,2026-08-15,convert epub to azw3 online free,,,merged:_gsc_query_daily_*.json
query_first_appeared,2026-08-15,convert epub to word,,,merged:_gsc_query_daily_*.json
query_first_appeared,2026-08-15,convert online epub to mobi,,,merged:_gsc_query_daily_*.json
query_first_appeared,2026-08-15,convertire file mobi in epub,,,merged:_gsc_query_daily_*.json
query_first_appeared,2026-08-15,epub or mobi for kindle paperwhite,,,merged:_gsc_query_daily_*.json
query_first_appeared,2026-08-15,epub to docs converter,,,merged:_gsc_query_daily_*.json
query_first_appeared,2026-08-15,epub to word convert,,,merged:_gsc_query_daily_*.json
query_first_appeared,2026-08-15,fb2 kindle,,,merged:_gsc_query_daily_*.json
query_first_appeared,2026-08-15,how to convert epub to docx,,,merged:_gsc_query_daily_*.json
query_first_appeared,2026-08-15,mobi format ebook,,,merged:_gsc_query_daily_*.json
query_first_appeared,2026-08-15,mobi to epub kindle,,,merged:_gsc_query_daily_*.json
query_first_appeared,2026-08-15,what format is azw3,,,merged:_gsc_query_daily_*.json
bing_url_discovered,2026-08-15,https://www.bookconv.com/help,,,E:\一人公司\电子书格式转换站\ebook-converter\数据分析\bing-url-status-2026-09-04.csv
bing_url_crawled,2026-08-15,https://www.bookconv.com/help,,,E:\一人公司\电子书格式转换站\ebook-converter\数据分析\bing-url-status-2026-09-04.csv
bing_url_discovered,2026-08-15,https://www.bookconv.com/help,,,E:\一人公司\电子书格式转换站\ebook-converter\数据分析\bing-url-status-EN-2026-09-04.csv
bing_url_crawled,2026-08-15,https://www.bookconv.com/help,,,E:\一人公司\电子书格式转换站\ebook-converter\数据分析\bing-url-status-EN-2026-09-04.csv
bing_url_discovered,2026-08-15,https://www.bookconv.com/convert/cbr-to-pdf,,,E:\一人公司\电子书格式转换站\ebook-converter\数据分析\bing-url-status-EN-2026-09-04.csv
bing_url_crawled,2026-08-15,https://www.bookconv.com/convert/cbr-to-pdf,,,E:\一人公司\电子书格式转换站\ebook-converter\数据分析\bing-url-status-EN-2026-09-04.csv
bing_url_discovered,2026-08-15,https://www.bookconv.com/blog/conversion-error-guide,,,E:\一人公司\电子书格式转换站\ebook-converter\数据分析\bing-url-status-EN-2026-09-04.csv
bing_url_discovered,2026-08-15,https://www.bookconv.com/blog/large-file-conversion-guide,,,E:\一人公司\电子书格式转换站\ebook-converter\数据分析\bing-url-status-EN-2026-09-04.csv
bing_url_crawled,2026-08-15,https://www.bookconv.com/blog/large-file-conversion-guide,,,E:\一人公司\电子书格式转换站\ebook-converter\数据分析\bing-url-status-EN-2026-09-04.csv
bing_url_discovered,2026-08-15,https://www.bookconv.com/blog/check-converted-file-quality,,,E:\一人公司\电子书格式转换站\ebook-converter\数据分析\bing-url-status-EN-2026-09-04.csv
bing_url_crawled,2026-08-15,https://www.bookconv.com/blog/check-converted-file-quality,,,E:\一人公司\电子书格式转换站\ebook-converter\数据分析\bing-url-status-EN-2026-09-04.csv
bing_url_discovered,2026-08-15,https://www.bookconv.com/blog/sync-reading-across-devices,,,E:\一人公司\电子书格式转换站\ebook-converter\数据分析\bing-url-status-EN-2026-09-04.csv
bing_url_crawled,2026-08-15,https://www.bookconv.com/blog/sync-reading-across-devices,,,E:\一人公司\电子书格式转换站\ebook-converter\数据分析\bing-url-status-EN-2026-09-04.csv
ai_citation_increased,2026-08-16,bing_ai_total_citations,19.0,previous=6.0 on 2026-08-15,merged:AIPerformanceOverviewStats
query_first_appeared,2026-08-16,.modi to rpub,,,merged:_gsc_query_daily_*.json
query_first_appeared,2026-08-16,azw3 file meaning,,,merged:_gsc_query_daily_*.json
query_first_appeared,2026-08-16,book to ebook conversion,,,merged:_gsc_query_daily_*.json
query_first_appeared,2026-08-16,can i convert mobi to epub,,,merged:_gsc_query_daily_*.json
query_first_appeared,2026-08-16,conversion ebook,,,merged:_gsc_query_daily_*.json
query_first_appeared,2026-08-16,conversion to ebook,,,merged:_gsc_query_daily_*.json
query_first_appeared,2026-08-16,convert book to ebook,,,merged:_gsc_query_daily_*.json
query_first_appeared,2026-08-16,convert mobi to kindle,,,merged:_gsc_query_daily_*.json
query_first_appeared,2026-08-16,convert to azw3,,,merged:_gsc_query_daily_*.json
query_first_appeared,2026-08-16,converter ebook,,,merged:_gsc_query_daily_*.json
query_first_appeared,2026-08-16,converter mobi em epub,,,merged:_gsc_query_daily_*.json
query_first_appeared,2026-08-16,convertire azw in epub,,,merged:_gsc_query_daily_*.json
query_first_appeared,2026-08-16,does kindle use mobi or epub,,,merged:_gsc_query_daily_*.json
query_first_appeared,2026-08-16,e book conversion,,,merged:_gsc_query_daily_*.json
query_first_appeared,2026-08-16,ebook convert,,,merged:_gsc_query_daily_*.json
query_first_appeared,2026-08-16,ebook cover converter,,,merged:_gsc_query_daily_*.json
query_first_appeared,2026-08-16,ebook-convert,,,merged:_gsc_query_daily_*.json
query_first_appeared,2026-08-16,ebook-converter,,,merged:_gsc_query_daily_*.json
query_first_appeared,2026-08-16,ebooks conversion,,,merged:_gsc_query_daily_*.json
query_first_appeared,2026-08-16,ebooks converter,,,merged:_gsc_query_daily_*.json
query_first_appeared,2026-08-16,enconv,,,merged:_gsc_query_daily_*.json
query_first_appeared,2026-08-16,epub awz3 converter,,,merged:_gsc_query_daily_*.json
query_first_appeared,2026-08-16,epub kindle converter online,,,merged:_gsc_query_daily_*.json
query_first_appeared,2026-08-16,epub to doc converter online free,,,merged:_gsc_query_daily_*.json
query_first_appeared,2026-08-16,epub zip,,,merged:_gsc_query_daily_*.json
query_first_appeared,2026-08-16,extract text from epub,,,merged:_gsc_query_daily_*.json
query_first_appeared,2026-08-16,fb2 format kindle,,,merged:_gsc_query_daily_*.json
query_first_appeared,2026-08-16,fb2 on kindle,,,merged:_gsc_query_daily_*.json
query_first_appeared,2026-08-16,how to convert books from mobi to epub,,,merged:_gsc_query_daily_*.json
query_first_appeared,2026-08-16,is azw3 supported by kindle,,,merged:_gsc_query_daily_*.json
query_first_appeared,2026-08-16,kindle converter online,,,merged:_gsc_query_daily_*.json
query_first_appeared,2026-08-16,kindle use mobi or epub,,,merged:_gsc_query_daily_*.json
query_first_appeared,2026-08-16,kindle uses epub or mobi,,,merged:_gsc_query_daily_*.json
query_first_appeared,2026-08-16,lcpl to epub,,,merged:_gsc_query_daily_*.json
query_first_appeared,2026-08-16,lit to epub converter,,,merged:_gsc_query_daily_*.json
query_first_appeared,2026-08-16,mobi kindle format,,,merged:_gsc_query_daily_*.json
query_first_appeared,2026-08-16,online converter mobi to epub,,,merged:_gsc_query_daily_*.json
query_first_appeared,2026-08-16,rtf to epub converter online,,,merged:_gsc_query_daily_*.json
query_first_appeared,2026-08-16,what is an azw3 file,,,merged:_gsc_query_daily_*.json
bing_url_discovered,2026-08-16,https://www.bookconv.com/es/blog/conversion-error-guide,,,E:\一人公司\电子书格式转换站\ebook-converter\数据分析\bing-url-status-2026-09-04.csv
bing_url_crawled,2026-08-16,https://www.bookconv.com/es/blog/conversion-error-guide,,,E:\一人公司\电子书格式转换站\ebook-converter\数据分析\bing-url-status-2026-09-04.csv
bing_url_discovered,2026-08-16,https://www.bookconv.com/es/blog/large-file-conversion-guide,,,E:\一人公司\电子书格式转换站\ebook-converter\数据分析\bing-url-status-2026-09-04.csv
bing_url_crawled,2026-08-16,https://www.bookconv.com/es/blog/large-file-conversion-guide,,,E:\一人公司\电子书格式转换站\ebook-converter\数据分析\bing-url-status-2026-09-04.csv
ai_citation_increased,2026-08-17,bing_ai_total_citations,38.0,previous=19.0 on 2026-08-16,merged:AIPerformanceOverviewStats
query_first_appeared,2026-08-17,az3w to epub,,,merged:_gsc_query_daily_*.json
query_first_appeared,2026-08-17,azw to epub,,,merged:_gsc_query_daily_*.json
query_first_appeared,2026-08-17,azw3 send to kindle,,,merged:_gsc_query_daily_*.json
query_first_appeared,2026-08-17,azw3 to kindle,,,merged:_gsc_query_daily_*.json
query_first_appeared,2026-08-17,calibre converter online,,,merged:_gsc_query_daily_*.json
query_first_appeared,2026-08-17,can azw3 be read on kindle,,,merged:_gsc_query_daily_*.json
query_first_appeared,2026-08-17,epub sang mobi,,,merged:_gsc_query_daily_*.json
query_first_appeared,2026-08-17,epub to azw3 converter,,,merged:_gsc_query_daily_*.json
query_first_appeared,2026-08-17,epub to docz,,,merged:_gsc_query_daily_*.json
query_first_appeared,2026-08-17,epub to txt python,,,merged:_gsc_query_daily_*.json
query_first_appeared,2026-08-17,how to convert mobi to epub free,,,merged:_gsc_query_daily_*.json
query_first_appeared,2026-08-17,kindle book converter,,,merged:_gsc_query_daily_*.json
query_first_appeared,2026-08-17,mobi to azw3,,,merged:_gsc_query_daily_*.json
query_first_appeared,2026-08-17,mobi to txt,,,merged:_gsc_query_daily_*.json
query_first_appeared,2026-08-17,online converter epub to azw3,,,merged:_gsc_query_daily_*.json
query_first_appeared,2026-08-18,.mobi file to epub,,,merged:_gsc_query_daily_*.json
query_first_appeared,2026-08-18,.mobi format to epub,,,merged:_gsc_query_daily_*.json
query_first_appeared,2026-08-18,book to ebook,,,merged:_gsc_query_daily_*.json
query_first_appeared,2026-08-18,book to epub,,,merged:_gsc_query_daily_*.json
query_first_appeared,2026-08-18,calibre file converter,,,merged:_gsc_query_daily_*.json
query_first_appeared,2026-08-18,convert epub to word online free,,,merged:_gsc_query_daily_*.json
query_first_appeared,2026-08-18,convert to ebook,,,merged:_gsc_query_daily_*.json
query_first_appeared,2026-08-18,did original kindle use mobi or az3,,,merged:_gsc_query_daily_*.json
query_first_appeared,2026-08-18,epub to awz3 converter,,,merged:_gsc_query_daily_*.json
query_first_appeared,2026-08-18,epub to text online,,,merged:_gsc_query_daily_*.json
query_first_appeared,2026-08-18,epub to word converter online free,,,merged:_gsc_query_daily_*.json
query_first_appeared,2026-08-18,from epub to txt,,,merged:_gsc_query_daily_*.json
query_first_appeared,2026-08-18,how to convert epub to azw3,,,merged:_gsc_query_daily_*.json
query_first_appeared,2026-08-18,mob to epub,,,merged:_gsc_query_daily_*.json
query_first_appeared,2026-08-18,mobi to kindle,,,merged:_gsc_query_daily_*.json
bing_url_crawled,2026-08-18,https://www.bookconv.com/blog/pdf-to-epub-guide,,,E:\一人公司\电子书格式转换站\ebook-converter\数据分析\bing-url-status-EN-2026-09-04.csv
bing_url_discovered,2026-08-18,https://www.bookconv.com/blog/why-convert-lit-to-epub,,,E:\一人公司\电子书格式转换站\ebook-converter\数据分析\bing-url-status-EN-2026-09-04.csv
bing_url_crawled,2026-08-18,https://www.bookconv.com/blog/why-convert-lit-to-epub,,,E:\一人公司\电子书格式转换站\ebook-converter\数据分析\bing-url-status-EN-2026-09-04.csv
bing_url_discovered,2026-08-18,https://www.bookconv.com/guide/batch-converter,,,E:\一人公司\电子书格式转换站\ebook-converter\数据分析\bing-url-status-EN-2026-09-04.csv
bing_url_crawled,2026-08-18,https://www.bookconv.com/guide/batch-converter,,,E:\一人公司\电子书格式转换站\ebook-converter\数据分析\bing-url-status-EN-2026-09-04.csv
query_first_appeared,2026-08-19,.mobi to .epub,,,merged:_gsc_query_daily_*.json
query_first_appeared,2026-08-19,azw3 on kindle,,,merged:_gsc_query_daily_*.json
query_first_appeared,2026-08-19,conver mobi to epub,,,merged:_gsc_query_daily_*.json
query_first_appeared,2026-08-19,convert a book,,,merged:_gsc_query_daily_*.json
query_first_appeared,2026-08-19,convert books to ebooks,,,merged:_gsc_query_daily_*.json
query_first_appeared,2026-08-19,convert mobi to epub online free,,,merged:_gsc_query_daily_*.json
query_first_appeared,2026-08-19,convertio epub to txt,,,merged:_gsc_query_daily_*.json
query_first_appeared,2026-08-19,ebook to word,,,merged:_gsc_query_daily_*.json
query_first_appeared,2026-08-19,epub to az3w,,,merged:_gsc_query_daily_*.json
query_first_appeared,2026-08-19,epub to odt converter,,,merged:_gsc_query_daily_*.json
query_first_appeared,2026-08-19,format mobi kindle,,,merged:_gsc_query_daily_*.json
query_first_appeared,2026-08-19,mobi and epub,,,merged:_gsc_query_daily_*.json
query_first_appeared,2026-08-19,mobi format kindle,,,merged:_gsc_query_daily_*.json
query_first_appeared,2026-08-19,mobi to wpub,,,merged:_gsc_query_daily_*.json
query_first_appeared,2026-08-19,mubi to epub,,,merged:_gsc_query_daily_*.json
query_first_appeared,2026-08-19,pub to txt,,,merged:_gsc_query_daily_*.json
ai_citation_increased,2026-08-20,bing_ai_total_citations,38.0,previous=28.0 on 2026-08-19,merged:AIPerformanceOverviewStats
query_first_appeared,2026-08-20,cbz to azw3 converter,,,merged:_gsc_query_daily_*.json
query_first_appeared,2026-08-20,convert epub to google doc,,,merged:_gsc_query_daily_*.json
query_first_appeared,2026-08-20,convert epub to txt file,,,merged:_gsc_query_daily_*.json
query_first_appeared,2026-08-20,convert from epub to word,,,merged:_gsc_query_daily_*.json
query_first_appeared,2026-08-20,convert mobi to cbz,,,merged:_gsc_query_daily_*.json
query_first_appeared,2026-08-20,convert mobi to epub free online,,,merged:_gsc_query_daily_*.json
query_first_appeared,2026-08-20,convert pdf to epub,,,merged:_gsc_query_daily_*.json
query_first_appeared,2026-08-20,convertir epub a doc,,,merged:_gsc_query_daily_*.json
query_first_appeared,2026-08-20,convertir lit a epub,,,merged:_gsc_query_daily_*.json
query_first_appeared,2026-08-20,epub 2 txt,,,merged:_gsc_query_daily_*.json
query_first_appeared,2026-08-20,epub to docx online converter,,,merged:_gsc_query_daily_*.json
query_first_appeared,2026-08-20,epub word converter,,,merged:_gsc_query_daily_*.json
query_first_appeared,2026-08-20,how to convert books from mobi to epub wikihow,,,merged:_gsc_query_daily_*.json
query_first_appeared,2026-08-20,mobi to ebup,,,merged:_gsc_query_daily_*.json
query_first_appeared,2026-08-20,mobi to epud,,,merged:_gsc_query_daily_*.json
query_first_appeared,2026-08-20,online convert ebook,,,merged:_gsc_query_daily_*.json
query_first_appeared,2026-08-20,transfer mobi to kindle,,,merged:_gsc_query_daily_*.json
bing_url_discovered,2026-08-20,https://www.bookconv.com/convert/mobi-to-epub,,,E:\一人公司\电子书格式转换站\ebook-converter\数据分析\bing-url-status-2026-09-04.csv
bing_url_crawled,2026-08-20,https://www.bookconv.com/convert/mobi-to-epub,,,E:\一人公司\电子书格式转换站\ebook-converter\数据分析\bing-url-status-2026-09-04.csv
bing_url_discovered,2026-08-20,https://www.bookconv.com/convert/mobi-to-epub,,,E:\一人公司\电子书格式转换站\ebook-converter\数据分析\bing-url-status-EN-2026-09-04.csv
bing_url_crawled,2026-08-20,https://www.bookconv.com/convert/mobi-to-epub,,,E:\一人公司\电子书格式转换站\ebook-converter\数据分析\bing-url-status-EN-2026-09-04.csv
bing_url_discovered,2026-08-20,https://www.bookconv.com/blog/tag/kindle,,,E:\一人公司\电子书格式转换站\ebook-converter\数据分析\bing-url-status-EN-2026-09-04.csv
bing_url_crawled,2026-08-20,https://www.bookconv.com/blog/tag/kindle,,,E:\一人公司\电子书格式转换站\ebook-converter\数据分析\bing-url-status-EN-2026-09-04.csv
query_first_appeared,2026-08-21,.mobi to epub,,,merged:_gsc_query_daily_*.json
query_first_appeared,2026-08-21,azw to epub converter,,,merged:_gsc_query_daily_*.json
query_first_appeared,2026-08-21,convert epub to txt online free,,,merged:_gsc_query_daily_*.json
query_first_appeared,2026-08-21,convert paperback to ebook,,,merged:_gsc_query_daily_*.json
query_first_appeared,2026-08-21,convert physical book to ebook free,,,merged:_gsc_query_daily_*.json
query_first_appeared,2026-08-21,convertire file azw3 in epub,,,merged:_gsc_query_daily_*.json
query_first_appeared,2026-08-21,convertire in azw3,,,merged:_gsc_query_daily_*.json
query_first_appeared,2026-08-21,does kindle take azw3,,,merged:_gsc_query_daily_*.json
query_first_appeared,2026-08-21,epub en azw3,,,merged:_gsc_query_daily_*.json
query_first_appeared,2026-08-21,epup to txt,,,merged:_gsc_query_daily_*.json
query_first_appeared,2026-08-21,free ebook converter,,,merged:_gsc_query_daily_*.json
query_first_appeared,2026-08-21,from epub to word,,,merged:_gsc_query_daily_*.json
query_first_appeared,2026-08-21,mobi to epub converter free,,,merged:_gsc_query_daily_*.json
query_first_appeared,2026-08-21,mobi to text,,,merged:_gsc_query_daily_*.json
bing_url_discovered,2026-08-21,https://www.bookconv.com/convert/epub-to-mobi,,,E:\一人公司\电子书格式转换站\ebook-converter\数据分析\bing-url-status-EN-2026-09-04.csv
bing_url_crawled,2026-08-21,https://www.bookconv.com/convert/epub-to-mobi,,,E:\一人公司\电子书格式转换站\ebook-converter\数据分析\bing-url-status-EN-2026-09-04.csv
bing_url_discovered,2026-08-21,https://www.bookconv.com/guide/ai-ebook-converter,,,E:\一人公司\电子书格式转换站\ebook-converter\数据分析\bing-url-status-EN-2026-09-04.csv
bing_url_crawled,2026-08-21,https://www.bookconv.com/guide/ai-ebook-converter,,,E:\一人公司\电子书格式转换站\ebook-converter\数据分析\bing-url-status-EN-2026-09-04.csv
bing_url_discovered,2026-08-21,https://www.bookconv.com/blog/tag/azw3,,,E:\一人公司\电子书格式转换站\ebook-converter\数据分析\bing-url-status-EN-2026-09-04.csv
bing_url_crawled,2026-08-21,https://www.bookconv.com/blog/tag/azw3,,,E:\一人公司\电子书格式转换站\ebook-converter\数据分析\bing-url-status-EN-2026-09-04.csv
ai_citation_increased,2026-08-22,bing_ai_total_citations,17.0,previous=10.0 on 2026-08-21,merged:AIPerformanceOverviewStats
query_first_appeared,2026-08-22,convertire in epub,,,merged:_gsc_query_daily_*.json
bing_url_discovered,2026-08-22,https://www.bookconv.com/convert/azw3-to-pdf,,,E:\一人公司\电子书格式转换站\ebook-converter\数据分析\bing-url-status-2026-09-04.csv
bing_url_crawled,2026-08-22,https://www.bookconv.com/convert/azw3-to-pdf,,,E:\一人公司\电子书格式转换站\ebook-converter\数据分析\bing-url-status-2026-09-04.csv
bing_url_crawled,2026-08-22,https://www.bookconv.com/guide/lit-to-epub-keep-formatting,,,E:\一人公司\电子书格式转换站\ebook-converter\数据分析\bing-url-status-2026-09-04.csv
bing_url_crawled,2026-08-22,https://www.bookconv.com/es/blog/env-variables-setup,,,E:\一人公司\电子书格式转换站\ebook-converter\数据分析\bing-url-status-2026-09-04.csv
bing_url_discovered,2026-08-22,https://www.bookconv.com/convert/azw3-to-pdf,,,E:\一人公司\电子书格式转换站\ebook-converter\数据分析\bing-url-status-EN-2026-09-04.csv
bing_url_crawled,2026-08-22,https://www.bookconv.com/convert/azw3-to-pdf,,,E:\一人公司\电子书格式转换站\ebook-converter\数据分析\bing-url-status-EN-2026-09-04.csv
bing_url_discovered,2026-08-22,https://www.bookconv.com/blog/fb2-to-epub,,,E:\一人公司\电子书格式转换站\ebook-converter\数据分析\bing-url-status-EN-2026-09-04.csv
bing_url_crawled,2026-08-22,https://www.bookconv.com/blog/fb2-to-epub,,,E:\一人公司\电子书格式转换站\ebook-converter\数据分析\bing-url-status-EN-2026-09-04.csv
bing_url_crawled,2026-08-22,https://www.bookconv.com/guide/lit-to-epub-keep-formatting,,,E:\一人公司\电子书格式转换站\ebook-converter\数据分析\bing-url-status-EN-2026-09-04.csv
bing_url_crawled,2026-08-22,https://www.bookconv.com/guide/mobi-vs-azw3,,,E:\一人公司\电子书格式转换站\ebook-converter\数据分析\bing-url-status-EN-2026-09-04.csv
ai_citation_increased,2026-08-23,bing_ai_total_citations,43.0,previous=17.0 on 2026-08-22,merged:AIPerformanceOverviewStats
bing_url_discovered,2026-08-23,https://www.bookconv.com/pricing,,,E:\一人公司\电子书格式转换站\ebook-converter\数据分析\bing-url-status-2026-09-04.csv
bing_url_crawled,2026-08-23,https://www.bookconv.com/pricing,,,E:\一人公司\电子书格式转换站\ebook-converter\数据分析\bing-url-status-2026-09-04.csv
bing_url_discovered,2026-08-23,https://www.bookconv.com/batch,,,E:\一人公司\电子书格式转换站\ebook-converter\数据分析\bing-url-status-2026-09-04.csv
bing_url_discovered,2026-08-23,https://www.bookconv.com/tutorial,,,E:\一人公司\电子书格式转换站\ebook-converter\数据分析\bing-url-status-2026-09-04.csv
bing_url_crawled,2026-08-23,https://www.bookconv.com/tutorial,,,E:\一人公司\电子书格式转换站\ebook-converter\数据分析\bing-url-status-2026-09-04.csv
bing_url_discovered,2026-08-23,https://www.bookconv.com/guide/calibre-alternative,,,E:\一人公司\电子书格式转换站\ebook-converter\数据分析\bing-url-status-2026-09-04.csv
bing_url_crawled,2026-08-23,https://www.bookconv.com/guide/calibre-alternative,,,E:\一人公司\电子书格式转换站\ebook-converter\数据分析\bing-url-status-2026-09-04.csv
bing_url_discovered,2026-08-23,https://www.bookconv.com/pricing,,,E:\一人公司\电子书格式转换站\ebook-converter\数据分析\bing-url-status-EN-2026-09-04.csv
bing_url_crawled,2026-08-23,https://www.bookconv.com/pricing,,,E:\一人公司\电子书格式转换站\ebook-converter\数据分析\bing-url-status-EN-2026-09-04.csv
bing_url_discovered,2026-08-23,https://www.bookconv.com/batch,,,E:\一人公司\电子书格式转换站\ebook-converter\数据分析\bing-url-status-EN-2026-09-04.csv
bing_url_discovered,2026-08-23,https://www.bookconv.com/tutorial,,,E:\一人公司\电子书格式转换站\ebook-converter\数据分析\bing-url-status-EN-2026-09-04.csv
bing_url_crawled,2026-08-23,https://www.bookconv.com/tutorial,,,E:\一人公司\电子书格式转换站\ebook-converter\数据分析\bing-url-status-EN-2026-09-04.csv
bing_url_discovered,2026-08-23,https://www.bookconv.com/blog/why-ebook-wont-open-kindle,,,E:\一人公司\电子书格式转换站\ebook-converter\数据分析\bing-url-status-EN-2026-09-04.csv
bing_url_crawled,2026-08-23,https://www.bookconv.com/blog/why-ebook-wont-open-kindle,,,E:\一人公司\电子书格式转换站\ebook-converter\数据分析\bing-url-status-EN-2026-09-04.csv
bing_url_discovered,2026-08-23,https://www.bookconv.com/blog/best-ebook-reader-apps,,,E:\一人公司\电子书格式转换站\ebook-converter\数据分析\bing-url-status-EN-2026-09-04.csv
bing_url_discovered,2026-08-23,https://www.bookconv.com/blog/djvu-to-pdf,,,E:\一人公司\电子书格式转换站\ebook-converter\数据分析\bing-url-status-EN-2026-09-04.csv
bing_url_crawled,2026-08-23,https://www.bookconv.com/blog/djvu-to-pdf,,,E:\一人公司\电子书格式转换站\ebook-converter\数据分析\bing-url-status-EN-2026-09-04.csv
bing_url_discovered,2026-08-23,https://www.bookconv.com/blog/ebook-formats-explained,,,E:\一人公司\电子书格式转换站\ebook-converter\数据分析\bing-url-status-EN-2026-09-04.csv
bing_url_discovered,2026-08-23,https://www.bookconv.com/guide/calibre-alternative,,,E:\一人公司\电子书格式转换站\ebook-converter\数据分析\bing-url-status-EN-2026-09-04.csv
bing_url_crawled,2026-08-23,https://www.bookconv.com/guide/calibre-alternative,,,E:\一人公司\电子书格式转换站\ebook-converter\数据分析\bing-url-status-EN-2026-09-04.csv
bing_url_discovered,2026-08-23,https://www.bookconv.com/guide/best-ebook-converter,,,E:\一人公司\电子书格式转换站\ebook-converter\数据分析\bing-url-status-EN-2026-09-04.csv
bing_url_crawled,2026-08-23,https://www.bookconv.com/guide/best-ebook-converter,,,E:\一人公司\电子书格式转换站\ebook-converter\数据分析\bing-url-status-EN-2026-09-04.csv
page_published,2026-08-24,https://www.bookconv.com/blog/azw3-epub-mobi-kindle-compatibility,,,E:\一人公司\电子书格式转换站\ebook-converter\src\data\blog\azw3-epub-mobi-kindle-compatibility.ts
page_published,2026-08-24,https://www.bookconv.com/blog/ebook-conversion-tools,,,E:\一人公司\电子书格式转换站\ebook-converter\src\data\blog\ebook-conversion-tools.ts
page_published,2026-08-24,https://www.bookconv.com/blog/epub-converter,,,E:\一人公司\电子书格式转换站\ebook-converter\src\data\blog\epub-converter.ts
page_published,2026-08-24,https://www.bookconv.com/blog/epub-to-word,,,E:\一人公司\电子书格式转换站\ebook-converter\src\data\blog\epub-to-word.ts
bing_url_crawled,2026-08-24,https://www.bookconv.com/batch,,,E:\一人公司\电子书格式转换站\ebook-converter\数据分析\bing-url-status-2026-09-04.csv
bing_url_crawled,2026-08-24,https://www.bookconv.com/batch,,,E:\一人公司\电子书格式转换站\ebook-converter\数据分析\bing-url-status-EN-2026-09-04.csv
bing_url_discovered,2026-08-24,https://www.bookconv.com/convert/lit-to-mobi,,,E:\一人公司\电子书格式转换站\ebook-converter\数据分析\bing-url-status-EN-2026-09-04.csv
bing_url_crawled,2026-08-24,https://www.bookconv.com/convert/lit-to-mobi,,,E:\一人公司\电子书格式转换站\ebook-converter\数据分析\bing-url-status-EN-2026-09-04.csv
bing_url_discovered,2026-08-24,https://www.bookconv.com/convert/azw-to-mobi,,,E:\一人公司\电子书格式转换站\ebook-converter\数据分析\bing-url-status-EN-2026-09-04.csv
bing_url_crawled,2026-08-24,https://www.bookconv.com/convert/azw-to-mobi,,,E:\一人公司\电子书格式转换站\ebook-converter\数据分析\bing-url-status-EN-2026-09-04.csv
bing_url_discovered,2026-08-24,https://www.bookconv.com/blog/mobi-to-kobo,,,E:\一人公司\电子书格式转换站\ebook-converter\数据分析\bing-url-status-EN-2026-09-04.csv
bing_url_crawled,2026-08-24,https://www.bookconv.com/blog/mobi-to-kobo,,,E:\一人公司\电子书格式转换站\ebook-converter\数据分析\bing-url-status-EN-2026-09-04.csv
bing_url_discovered,2026-08-24,https://www.bookconv.com/blog/batch-converter,,,E:\一人公司\电子书格式转换站\ebook-converter\数据分析\bing-url-status-EN-2026-09-04.csv
bing_url_crawled,2026-08-24,https://www.bookconv.com/blog/batch-converter,,,E:\一人公司\电子书格式转换站\ebook-converter\数据分析\bing-url-status-EN-2026-09-04.csv
bing_url_discovered,2026-08-24,https://www.bookconv.com/blog/azw3-vs-mobi,,,E:\一人公司\电子书格式转换站\ebook-converter\数据分析\bing-url-status-EN-2026-09-04.csv
bing_url_crawled,2026-08-24,https://www.bookconv.com/blog/azw3-vs-mobi,,,E:\一人公司\电子书格式转换站\ebook-converter\数据分析\bing-url-status-EN-2026-09-04.csv
bing_url_discovered,2026-08-24,https://www.bookconv.com/blog/webhook-integration,,,E:\一人公司\电子书格式转换站\ebook-converter\数据分析\bing-url-status-EN-2026-09-04.csv
bing_url_crawled,2026-08-24,https://www.bookconv.com/blog/webhook-integration,,,E:\一人公司\电子书格式转换站\ebook-converter\数据分析\bing-url-status-EN-2026-09-04.csv
bing_url_crawled,2026-08-24,https://www.bookconv.com/guide/epub-to-mobi-keep-formatting,,,E:\一人公司\电子书格式转换站\ebook-converter\数据分析\bing-url-status-EN-2026-09-04.csv
page_published,2026-08-25,https://www.bookconv.com/blog/epub-to-docx,,,E:\一人公司\电子书格式转换站\ebook-converter\src\data\blog\epub-to-docx.ts
page_published,2026-08-25,https://www.bookconv.com/blog/epub-to-text,,,E:\一人公司\电子书格式转换站\ebook-converter\src\data\blog\epub-to-text.ts
page_published,2026-08-25,https://www.bookconv.com/blog/epub-to-various-other,,,E:\一人公司\电子书格式转换站\ebook-converter\src\data\blog\epub-to-various-other.ts
ai_citation_increased,2026-08-25,bing_ai_total_citations,147.0,previous=38.0 on 2026-08-24,merged:AIPerformanceOverviewStats
query_first_appeared,2026-08-25,the ebook converter,,,merged:_gsc_query_daily_*.json
bing_url_discovered,2026-08-25,https://www.bookconv.com/es/blog/epub-to-docx,,,E:\一人公司\电子书格式转换站\ebook-converter\数据分析\bing-url-status-2026-09-04.csv
bing_url_crawled,2026-08-25,https://www.bookconv.com/es/blog/epub-to-docx,,,E:\一人公司\电子书格式转换站\ebook-converter\数据分析\bing-url-status-2026-09-04.csv
bing_url_discovered,2026-08-25,https://www.bookconv.com/es/blog/epub-to-text,,,E:\一人公司\电子书格式转换站\ebook-converter\数据分析\bing-url-status-2026-09-04.csv
bing_url_crawled,2026-08-25,https://www.bookconv.com/es/blog/epub-to-text,,,E:\一人公司\电子书格式转换站\ebook-converter\数据分析\bing-url-status-2026-09-04.csv
bing_url_discovered,2026-08-25,https://www.bookconv.com/es/blog/epub-to-various-other,,,E:\一人公司\电子书格式转换站\ebook-converter\数据分析\bing-url-status-2026-09-04.csv
bing_url_crawled,2026-08-25,https://www.bookconv.com/es/blog/epub-to-various-other,,,E:\一人公司\电子书格式转换站\ebook-converter\数据分析\bing-url-status-2026-09-04.csv
bing_url_discovered,2026-08-25,https://www.bookconv.com/es/blog/ebook-conversion-tools,,,E:\一人公司\电子书格式转换站\ebook-converter\数据分析\bing-url-status-2026-09-04.csv
bing_url_crawled,2026-08-25,https://www.bookconv.com/es/blog/ebook-conversion-tools,,,E:\一人公司\电子书格式转换站\ebook-converter\数据分析\bing-url-status-2026-09-04.csv
bing_url_discovered,2026-08-25,https://www.bookconv.com/es/blog/epub-converter,,,E:\一人公司\电子书格式转换站\ebook-converter\数据分析\bing-url-status-2026-09-04.csv
bing_url_crawled,2026-08-25,https://www.bookconv.com/es/blog/epub-converter,,,E:\一人公司\电子书格式转换站\ebook-converter\数据分析\bing-url-status-2026-09-04.csv
bing_url_discovered,2026-08-25,https://www.bookconv.com/es/blog/azw3-epub-mobi-kindle-compatibility,,,E:\一人公司\电子书格式转换站\ebook-converter\数据分析\bing-url-status-2026-09-04.csv
bing_url_crawled,2026-08-25,https://www.bookconv.com/es/blog/azw3-epub-mobi-kindle-compatibility,,,E:\一人公司\电子书格式转换站\ebook-converter\数据分析\bing-url-status-2026-09-04.csv
bing_url_crawled,2026-08-25,https://www.bookconv.com/es/blog/how-to-convert-epub-to-mobi,,,E:\一人公司\电子书格式转换站\ebook-converter\数据分析\bing-url-status-2026-09-04.csv
bing_url_discovered,2026-08-25,https://www.bookconv.com/blog/epub-to-docx,,,E:\一人公司\电子书格式转换站\ebook-converter\数据分析\bing-url-status-EN-2026-09-04.csv
bing_url_crawled,2026-08-25,https://www.bookconv.com/blog/epub-to-docx,,,E:\一人公司\电子书格式转换站\ebook-converter\数据分析\bing-url-status-EN-2026-09-04.csv
bing_url_discovered,2026-08-25,https://www.bookconv.com/blog/epub-to-text,,,E:\一人公司\电子书格式转换站\ebook-converter\数据分析\bing-url-status-EN-2026-09-04.csv
bing_url_crawled,2026-08-25,https://www.bookconv.com/blog/epub-to-text,,,E:\一人公司\电子书格式转换站\ebook-converter\数据分析\bing-url-status-EN-2026-09-04.csv
bing_url_discovered,2026-08-25,https://www.bookconv.com/blog/epub-to-various-other,,,E:\一人公司\电子书格式转换站\ebook-converter\数据分析\bing-url-status-EN-2026-09-04.csv
bing_url_crawled,2026-08-25,https://www.bookconv.com/blog/epub-to-various-other,,,E:\一人公司\电子书格式转换站\ebook-converter\数据分析\bing-url-status-EN-2026-09-04.csv
bing_url_discovered,2026-08-25,https://www.bookconv.com/blog/ebook-conversion-tools,,,E:\一人公司\电子书格式转换站\ebook-converter\数据分析\bing-url-status-EN-2026-09-04.csv
bing_url_crawled,2026-08-25,https://www.bookconv.com/blog/ebook-conversion-tools,,,E:\一人公司\电子书格式转换站\ebook-converter\数据分析\bing-url-status-EN-2026-09-04.csv
bing_url_discovered,2026-08-25,https://www.bookconv.com/blog/epub-converter,,,E:\一人公司\电子书格式转换站\ebook-converter\数据分析\bing-url-status-EN-2026-09-04.csv
bing_url_crawled,2026-08-25,https://www.bookconv.com/blog/epub-converter,,,E:\一人公司\电子书格式转换站\ebook-converter\数据分析\bing-url-status-EN-2026-09-04.csv
bing_url_discovered,2026-08-25,https://www.bookconv.com/blog/azw3-epub-mobi-kindle-compatibility,,,E:\一人公司\电子书格式转换站\ebook-converter\数据分析\bing-url-status-EN-2026-09-04.csv
bing_url_crawled,2026-08-25,https://www.bookconv.com/blog/azw3-epub-mobi-kindle-compatibility,,,E:\一人公司\电子书格式转换站\ebook-converter\数据分析\bing-url-status-EN-2026-09-04.csv
bing_url_crawled,2026-08-25,https://www.bookconv.com/blog/can-kindle-read-azw3,,,E:\一人公司\电子书格式转换站\ebook-converter\数据分析\bing-url-status-EN-2026-09-04.csv
page_published,2026-08-26,https://www.bookconv.com/blog/ai-feeding-notebooklm-chatgpt,,,E:\一人公司\电子书格式转换站\ebook-converter\src\data\blog\ai-feeding-notebooklm-chatgpt.ts
page_published,2026-08-26,https://www.bookconv.com/blog/azw3-to-mobi,,,E:\一人公司\电子书格式转换站\ebook-converter\src\data\blog\azw3-to-mobi.ts
page_published,2026-08-26,https://www.bookconv.com/blog/calibre-free-batch,,,E:\一人公司\电子书格式转换站\ebook-converter\src\data\blog\calibre-free-batch.ts
page_published,2026-08-26,https://www.bookconv.com/blog/ebook-troubleshooting,,,E:\一人公司\电子书格式转换站\ebook-converter\src\data\blog\ebook-troubleshooting.ts
page_published,2026-08-26,https://www.bookconv.com/blog/epub-to-mobi,,,E:\一人公司\电子书格式转换站\ebook-converter\src\data\blog\epub-to-mobi.ts
page_published,2026-08-26,https://www.bookconv.com/blog/epub-to-word-docx,,,E:\一人公司\电子书格式转换站\ebook-converter\src\data\blog\epub-to-word-docx.ts
page_published,2026-08-26,https://www.bookconv.com/blog/kindle-epub-azw3-mobi,,,E:\一人公司\电子书格式转换站\ebook-converter\src\data\blog\kindle-epub-azw3-mobi.ts
page_published,2026-08-26,https://www.bookconv.com/blog/legacy-lit-djvu-fb2-converter,,,E:\一人公司\电子书格式转换站\ebook-converter\src\data\blog\legacy-lit-djvu-fb2-converter.ts
ai_citation_increased,2026-08-26,bing_ai_total_citations,162.0,previous=147.0 on 2026-08-25,merged:AIPerformanceOverviewStats
query_first_appeared,2026-08-26,convert for kindle,,,merged:_gsc_query_daily_*.json
query_first_appeared,2026-08-26,ebook converter free,,,merged:_gsc_query_daily_*.json
bing_url_discovered,2026-08-26,https://www.bookconv.com/blog/background-workers,,,E:\一人公司\电子书格式转换站\ebook-converter\数据分析\bing-url-status-EN-2026-09-04.csv
bing_url_crawled,2026-08-26,https://www.bookconv.com/blog/background-workers,,,E:\一人公司\电子书格式转换站\ebook-converter\数据分析\bing-url-status-EN-2026-09-04.csv
page_published,2026-08-27,https://www.bookconv.com/blog/azw3-epub-mobi-kindle,,,E:\一人公司\电子书格式转换站\ebook-converter\src\data\blog\azw3-epub-mobi-kindle.ts
page_published,2026-08-27,https://www.bookconv.com/blog/layout-typesetting-pdf-epub,,,E:\一人公司\电子书格式转换站\ebook-converter\src\data\blog\layout-typesetting-pdf-epub.ts
page_published,2026-08-27,https://www.bookconv.com/blog/lit-format-conversion-and,,,E:\一人公司\电子书格式转换站\ebook-converter\src\data\blog\lit-format-conversion-and.ts
page_published,2026-08-27,https://www.bookconv.com/blog/selection-intercept-converter,,,E:\一人公司\电子书格式转换站\ebook-converter\src\data\blog\selection-intercept-converter.ts
page_updated,2026-08-27,https://www.bookconv.com/blog/sync-reading-across-devices,,,E:\一人公司\电子书格式转换站\ebook-converter\src\data\blog\sync-reading-across-devices.ts
ai_citation_increased,2026-08-27,bing_ai_total_citations,198.0,previous=162.0 on 2026-08-26,merged:AIPerformanceOverviewStats
bing_url_discovered,2026-08-27,https://www.bookconv.com/blog/azw3-epub-mobi-kindle,,,E:\一人公司\电子书格式转换站\ebook-converter\数据分析\bing-url-status-EN-2026-09-04.csv
bing_url_discovered,2026-08-27,https://www.bookconv.com/blog/lit-format-conversion-and,,,E:\一人公司\电子书格式转换站\ebook-converter\数据分析\bing-url-status-EN-2026-09-04.csv
bing_url_crawled,2026-08-27,https://www.bookconv.com/blog/lit-format-conversion-and,,,E:\一人公司\电子书格式转换站\ebook-converter\数据分析\bing-url-status-EN-2026-09-04.csv
bing_url_discovered,2026-08-27,https://www.bookconv.com/blog/selection-intercept-converter,,,E:\一人公司\电子书格式转换站\ebook-converter\数据分析\bing-url-status-EN-2026-09-04.csv
bing_url_crawled,2026-08-27,https://www.bookconv.com/blog/selection-intercept-converter,,,E:\一人公司\电子书格式转换站\ebook-converter\数据分析\bing-url-status-EN-2026-09-04.csv
bing_url_discovered,2026-08-27,https://www.bookconv.com/blog/epub-to-word-docx,,,E:\一人公司\电子书格式转换站\ebook-converter\数据分析\bing-url-status-EN-2026-09-04.csv
bing_url_crawled,2026-08-27,https://www.bookconv.com/blog/epub-to-word-docx,,,E:\一人公司\电子书格式转换站\ebook-converter\数据分析\bing-url-status-EN-2026-09-04.csv
bing_url_discovered,2026-08-27,https://www.bookconv.com/blog/kindle-epub-azw3-mobi,,,E:\一人公司\电子书格式转换站\ebook-converter\数据分析\bing-url-status-EN-2026-09-04.csv
bing_url_discovered,2026-08-27,https://www.bookconv.com/blog/legacy-lit-djvu-fb2-converter,,,E:\一人公司\电子书格式转换站\ebook-converter\数据分析\bing-url-status-EN-2026-09-04.csv
bing_url_crawled,2026-08-27,https://www.bookconv.com/blog/legacy-lit-djvu-fb2-converter,,,E:\一人公司\电子书格式转换站\ebook-converter\数据分析\bing-url-status-EN-2026-09-04.csv
bing_url_discovered,2026-08-27,https://www.bookconv.com/blog/epub-to-word,,,E:\一人公司\电子书格式转换站\ebook-converter\数据分析\bing-url-status-EN-2026-09-04.csv
bing_url_crawled,2026-08-27,https://www.bookconv.com/blog/epub-to-word,,,E:\一人公司\电子书格式转换站\ebook-converter\数据分析\bing-url-status-EN-2026-09-04.csv
bing_url_discovered,2026-08-27,https://www.bookconv.com/blog/read-epub-on-any-device,,,E:\一人公司\电子书格式转换站\ebook-converter\数据分析\bing-url-status-EN-2026-09-04.csv
bing_url_crawled,2026-08-27,https://www.bookconv.com/blog/read-epub-on-any-device,,,E:\一人公司\电子书格式转换站\ebook-converter\数据分析\bing-url-status-EN-2026-09-04.csv
page_published,2026-08-28,https://www.bookconv.com/blog/sync-ebooks-reading-groups,,,E:\一人公司\电子书格式转换站\ebook-converter\src\data\blog\sync-ebooks-reading-groups.ts
query_first_appeared,2026-08-28,kindle format converter,,,merged:_gsc_query_daily_*.json
bing_url_discovered,2026-08-28,https://www.bookconv.com/es/blog/legacy-lit-djvu-fb2-converter,,,E:\一人公司\电子书格式转换站\ebook-converter\数据分析\bing-url-status-2026-09-04.csv
bing_url_crawled,2026-08-28,https://www.bookconv.com/es/blog/legacy-lit-djvu-fb2-converter,,,E:\一人公司\电子书格式转换站\ebook-converter\数据分析\bing-url-status-2026-09-04.csv
bing_url_discovered,2026-08-28,https://www.bookconv.com/convert/epub-to-rtf,,,E:\一人公司\电子书格式转换站\ebook-converter\数据分析\bing-url-status-EN-2026-09-04.csv
bing_url_crawled,2026-08-28,https://www.bookconv.com/convert/epub-to-rtf,,,E:\一人公司\电子书格式转换站\ebook-converter\数据分析\bing-url-status-EN-2026-09-04.csv
bing_url_discovered,2026-08-28,https://www.bookconv.com/convert/rtf-to-epub,,,E:\一人公司\电子书格式转换站\ebook-converter\数据分析\bing-url-status-EN-2026-09-04.csv
bing_url_crawled,2026-08-28,https://www.bookconv.com/convert/rtf-to-epub,,,E:\一人公司\电子书格式转换站\ebook-converter\数据分析\bing-url-status-EN-2026-09-04.csv
bing_url_discovered,2026-08-28,https://www.bookconv.com/blog/sync-ebooks-reading-groups,,,E:\一人公司\电子书格式转换站\ebook-converter\数据分析\bing-url-status-EN-2026-09-04.csv
bing_url_crawled,2026-08-28,https://www.bookconv.com/blog/sync-ebooks-reading-groups,,,E:\一人公司\电子书格式转换站\ebook-converter\数据分析\bing-url-status-EN-2026-09-04.csv
bing_url_discovered,2026-08-28,https://www.bookconv.com/blog/layout-typesetting-pdf-epub,,,E:\一人公司\电子书格式转换站\ebook-converter\数据分析\bing-url-status-EN-2026-09-04.csv
bing_url_crawled,2026-08-28,https://www.bookconv.com/blog/layout-typesetting-pdf-epub,,,E:\一人公司\电子书格式转换站\ebook-converter\数据分析\bing-url-status-EN-2026-09-04.csv
bing_url_discovered,2026-08-28,https://www.bookconv.com/blog/ai-feeding-notebooklm-chatgpt,,,E:\一人公司\电子书格式转换站\ebook-converter\数据分析\bing-url-status-EN-2026-09-04.csv
bing_url_crawled,2026-08-28,https://www.bookconv.com/blog/ai-feeding-notebooklm-chatgpt,,,E:\一人公司\电子书格式转换站\ebook-converter\数据分析\bing-url-status-EN-2026-09-04.csv
bing_url_discovered,2026-08-28,https://www.bookconv.com/blog/calibre-free-batch,,,E:\一人公司\电子书格式转换站\ebook-converter\数据分析\bing-url-status-EN-2026-09-04.csv
bing_url_crawled,2026-08-28,https://www.bookconv.com/blog/calibre-free-batch,,,E:\一人公司\电子书格式转换站\ebook-converter\数据分析\bing-url-status-EN-2026-09-04.csv
bing_url_discovered,2026-08-28,https://www.bookconv.com/blog/ebook-troubleshooting,,,E:\一人公司\电子书格式转换站\ebook-converter\数据分析\bing-url-status-EN-2026-09-04.csv
bing_url_crawled,2026-08-28,https://www.bookconv.com/blog/ebook-troubleshooting,,,E:\一人公司\电子书格式转换站\ebook-converter\数据分析\bing-url-status-EN-2026-09-04.csv
bing_url_discovered,2026-08-28,https://www.bookconv.com/blog/epub-to-mobi,,,E:\一人公司\电子书格式转换站\ebook-converter\数据分析\bing-url-status-EN-2026-09-04.csv
bing_url_crawled,2026-08-28,https://www.bookconv.com/blog/epub-to-mobi,,,E:\一人公司\电子书格式转换站\ebook-converter\数据分析\bing-url-status-EN-2026-09-04.csv
bing_url_discovered,2026-08-28,https://www.bookconv.com/blog/txt-to-epub,,,E:\一人公司\电子书格式转换站\ebook-converter\数据分析\bing-url-status-EN-2026-09-04.csv
bing_url_crawled,2026-08-28,https://www.bookconv.com/blog/txt-to-epub,,,E:\一人公司\电子书格式转换站\ebook-converter\数据分析\bing-url-status-EN-2026-09-04.csv
bing_url_crawled,2026-08-28,https://www.bookconv.com/blog/ebook-formats-explained,,,E:\一人公司\电子书格式转换站\ebook-converter\数据分析\bing-url-status-EN-2026-09-04.csv
query_first_appeared,2026-08-29,convert epub to cbr,,,merged:_gsc_query_daily_*.json
query_first_appeared,2026-08-29,e book converter,,,merged:_gsc_query_daily_*.json
bing_url_discovered,2026-08-29,https://www.bookconv.com/convert/epub-to-txt,,,E:\一人公司\电子书格式转换站\ebook-converter\数据分析\bing-url-status-2026-09-04.csv
bing_url_crawled,2026-08-29,https://www.bookconv.com/convert/epub-to-txt,,,E:\一人公司\电子书格式转换站\ebook-converter\数据分析\bing-url-status-2026-09-04.csv
bing_url_discovered,2026-08-29,https://www.bookconv.com/convert/epub-to-txt,,,E:\一人公司\电子书格式转换站\ebook-converter\数据分析\bing-url-status-EN-2026-09-04.csv
bing_url_crawled,2026-08-29,https://www.bookconv.com/convert/epub-to-txt,,,E:\一人公司\电子书格式转换站\ebook-converter\数据分析\bing-url-status-EN-2026-09-04.csv
bing_url_discovered,2026-08-29,https://www.bookconv.com/blog/mobi-to-epub,,,E:\一人公司\电子书格式转换站\ebook-converter\数据分析\bing-url-status-EN-2026-09-04.csv
bing_url_crawled,2026-08-29,https://www.bookconv.com/blog/mobi-to-epub,,,E:\一人公司\电子书格式转换站\ebook-converter\数据分析\bing-url-status-EN-2026-09-04.csv
bing_url_discovered,2026-08-29,https://www.bookconv.com/blog/download-troubleshooting,,,E:\一人公司\电子书格式转换站\ebook-converter\数据分析\bing-url-status-EN-2026-09-04.csv
bing_url_crawled,2026-08-29,https://www.bookconv.com/blog/download-troubleshooting,,,E:\一人公司\电子书格式转换站\ebook-converter\数据分析\bing-url-status-EN-2026-09-04.csv
query_first_appeared,2026-08-30,ebook file converter,,,merged:_gsc_query_daily_*.json
query_first_appeared,2026-08-30,tebookconverter,,,merged:_gsc_query_daily_*.json
bing_url_discovered,2026-08-30,https://www.bookconv.com/blog,,,E:\一人公司\电子书格式转换站\ebook-converter\数据分析\bing-url-status-2026-09-04.csv
bing_url_crawled,2026-08-30,https://www.bookconv.com/blog,,,E:\一人公司\电子书格式转换站\ebook-converter\数据分析\bing-url-status-2026-09-04.csv
bing_url_crawled,2026-08-30,https://www.bookconv.com/guide/mobi-to-epub-keep-formatting,,,E:\一人公司\电子书格式转换站\ebook-converter\数据分析\bing-url-status-2026-09-04.csv
bing_url_crawled,2026-08-30,https://www.bookconv.com/guide/epub-to-azw3-for-kindle,,,E:\一人公司\电子书格式转换站\ebook-converter\数据分析\bing-url-status-2026-09-04.csv
bing_url_crawled,2026-08-30,https://www.bookconv.com/guide/cbr-to-pdf,,,E:\一人公司\电子书格式转换站\ebook-converter\数据分析\bing-url-status-2026-09-04.csv
bing_url_crawled,2026-08-30,https://www.bookconv.com/guide/txt-to-epub-build-ebook,,,E:\一人公司\电子书格式转换站\ebook-converter\数据分析\bing-url-status-2026-09-04.csv
bing_url_discovered,2026-08-30,https://www.bookconv.com/blog,,,E:\一人公司\电子书格式转换站\ebook-converter\数据分析\bing-url-status-EN-2026-09-04.csv
bing_url_crawled,2026-08-30,https://www.bookconv.com/blog,,,E:\一人公司\电子书格式转换站\ebook-converter\数据分析\bing-url-status-EN-2026-09-04.csv
bing_url_discovered,2026-08-30,https://www.bookconv.com/blog/epub-vs-pdf,,,E:\一人公司\电子书格式转换站\ebook-converter\数据分析\bing-url-status-EN-2026-09-04.csv
bing_url_crawled,2026-08-30,https://www.bookconv.com/blog/epub-vs-pdf,,,E:\一人公司\电子书格式转换站\ebook-converter\数据分析\bing-url-status-EN-2026-09-04.csv
bing_url_discovered,2026-08-30,https://www.bookconv.com/blog/sitemap-seo-guide,,,E:\一人公司\电子书格式转换站\ebook-converter\数据分析\bing-url-status-EN-2026-09-04.csv
bing_url_crawled,2026-08-30,https://www.bookconv.com/blog/sitemap-seo-guide,,,E:\一人公司\电子书格式转换站\ebook-converter\数据分析\bing-url-status-EN-2026-09-04.csv
bing_url_crawled,2026-08-30,https://www.bookconv.com/guide/mobi-to-epub-keep-formatting,,,E:\一人公司\电子书格式转换站\ebook-converter\数据分析\bing-url-status-EN-2026-09-04.csv
bing_url_crawled,2026-08-30,https://www.bookconv.com/guide/epub-to-azw3-for-kindle,,,E:\一人公司\电子书格式转换站\ebook-converter\数据分析\bing-url-status-EN-2026-09-04.csv
bing_url_crawled,2026-08-30,https://www.bookconv.com/guide/cbr-to-pdf,,,E:\一人公司\电子书格式转换站\ebook-converter\数据分析\bing-url-status-EN-2026-09-04.csv
bing_url_crawled,2026-08-30,https://www.bookconv.com/guide/txt-to-epub-build-ebook,,,E:\一人公司\电子书格式转换站\ebook-converter\数据分析\bing-url-status-EN-2026-09-04.csv
bing_url_discovered,2026-08-30,https://www.bookconv.com/blog/tag/lit,,,E:\一人公司\电子书格式转换站\ebook-converter\数据分析\bing-url-status-EN-2026-09-04.csv
bing_url_crawled,2026-08-30,https://www.bookconv.com/blog/tag/lit,,,E:\一人公司\电子书格式转换站\ebook-converter\数据分析\bing-url-status-EN-2026-09-04.csv
ai_citation_increased,2026-08-31,bing_ai_total_citations,158.0,previous=117.0 on 2026-08-30,merged:AIPerformanceOverviewStats
query_first_appeared,2026-08-31,ebook app,,,merged:_gsc_query_daily_*.json
query_first_appeared,2026-08-31,ebook application,,,merged:_gsc_query_daily_*.json
bing_url_discovered,2026-08-31,https://www.bookconv.com/convert/html-to-epub,,,E:\一人公司\电子书格式转换站\ebook-converter\数据分析\bing-url-status-2026-09-04.csv
bing_url_crawled,2026-08-31,https://www.bookconv.com/convert/html-to-epub,,,E:\一人公司\电子书格式转换站\ebook-converter\数据分析\bing-url-status-2026-09-04.csv
bing_url_discovered,2026-08-31,https://www.bookconv.com/convert/html-to-epub,,,E:\一人公司\电子书格式转换站\ebook-converter\数据分析\bing-url-status-EN-2026-09-04.csv
bing_url_crawled,2026-08-31,https://www.bookconv.com/convert/html-to-epub,,,E:\一人公司\电子书格式转换站\ebook-converter\数据分析\bing-url-status-EN-2026-09-04.csv
bing_url_crawled,2026-08-31,https://www.bookconv.com/blog/conversion-error-guide,,,E:\一人公司\电子书格式转换站\ebook-converter\数据分析\bing-url-status-EN-2026-09-04.csv
bing_url_discovered,2026-08-31,https://www.bookconv.com/blog/scanned-pdf-to-epub-ocr,,,E:\一人公司\电子书格式转换站\ebook-converter\数据分析\bing-url-status-EN-2026-09-04.csv
bing_url_crawled,2026-08-31,https://www.bookconv.com/blog/scanned-pdf-to-epub-ocr,,,E:\一人公司\电子书格式转换站\ebook-converter\数据分析\bing-url-status-EN-2026-09-04.csv
bing_url_discovered,2026-08-31,https://www.bookconv.com/blog/lit-ebook-format,,,E:\一人公司\电子书格式转换站\ebook-converter\数据分析\bing-url-status-EN-2026-09-04.csv
bing_url_crawled,2026-08-31,https://www.bookconv.com/blog/lit-ebook-format,,,E:\一人公司\电子书格式转换站\ebook-converter\数据分析\bing-url-status-EN-2026-09-04.csv
bing_url_discovered,2026-08-31,https://www.bookconv.com/blog/how-to-convert-epub-to-mobi,,,E:\一人公司\电子书格式转换站\ebook-converter\数据分析\bing-url-status-EN-2026-09-04.csv
bing_url_crawled,2026-08-31,https://www.bookconv.com/blog/how-to-convert-epub-to-mobi,,,E:\一人公司\电子书格式转换站\ebook-converter\数据分析\bing-url-status-EN-2026-09-04.csv
query_first_appeared,2026-09-01,book convert,,,merged:_gsc_query_daily_*.json
bing_url_discovered,2026-09-01,https://www.bookconv.com/convert/mobi-to-txt,,,E:\一人公司\电子书格式转换站\ebook-converter\数据分析\bing-url-status-2026-09-04.csv
bing_url_crawled,2026-09-01,https://www.bookconv.com/convert/mobi-to-txt,,,E:\一人公司\电子书格式转换站\ebook-converter\数据分析\bing-url-status-2026-09-04.csv
bing_url_discovered,2026-09-01,https://www.bookconv.com/convert/mobi-to-txt,,,E:\一人公司\电子书格式转换站\ebook-converter\数据分析\bing-url-status-EN-2026-09-04.csv
bing_url_crawled,2026-09-01,https://www.bookconv.com/convert/mobi-to-txt,,,E:\一人公司\电子书格式转换站\ebook-converter\数据分析\bing-url-status-EN-2026-09-04.csv
bing_url_crawled,2026-09-01,https://www.bookconv.com/blog/azw3-epub-mobi-kindle,,,E:\一人公司\电子书格式转换站\ebook-converter\数据分析\bing-url-status-EN-2026-09-04.csv
bing_url_crawled,2026-09-01,https://www.bookconv.com/blog/kindle-epub-azw3-mobi,,,E:\一人公司\电子书格式转换站\ebook-converter\数据分析\bing-url-status-EN-2026-09-04.csv
ai_citation_increased,2026-09-02,bing_ai_total_citations,151.0,previous=110.0 on 2026-09-01,merged:AIPerformanceOverviewStats
bing_url_crawled,2026-09-02,https://www.bookconv.com/convert/epub-to-zip,,,E:\一人公司\电子书格式转换站\ebook-converter\数据分析\bing-url-status-EN-2026-09-04.csv
bing_url_discovered,2026-09-03,https://www.bookconv.com/blog/common-ebook-format-problems,,,E:\一人公司\电子书格式转换站\ebook-converter\数据分析\bing-url-status-EN-2026-09-04.csv
bing_url_crawled,2026-09-03,https://www.bookconv.com/blog/common-ebook-format-problems,,,E:\一人公司\电子书格式转换站\ebook-converter\数据分析\bing-url-status-EN-2026-09-04.csv
bing_url_crawled,2026-09-03,https://www.bookconv.com/guide/docx-to-epub-self-publish,,,E:\一人公司\电子书格式转换站\ebook-converter\数据分析\bing-url-status-EN-2026-09-04.csv
url_submitted_bing,2026-09-03,https://www.bookconv.com/,,,E:\一人公司\电子书格式转换站\ebook-converter\数据分析\www.bookconv.com_IndexNowSubmittedUrls_2026_9_3.csv
url_submitted_bing,2026-09-03,https://www.bookconv.com/pricing,,,E:\一人公司\电子书格式转换站\ebook-converter\数据分析\www.bookconv.com_IndexNowSubmittedUrls_2026_9_3.csv
url_submitted_bing,2026-09-03,https://www.bookconv.com/batch,,,E:\一人公司\电子书格式转换站\ebook-converter\数据分析\www.bookconv.com_IndexNowSubmittedUrls_2026_9_3.csv
url_submitted_bing,2026-09-03,https://www.bookconv.com/blog,,,E:\一人公司\电子书格式转换站\ebook-converter\数据分析\www.bookconv.com_IndexNowSubmittedUrls_2026_9_3.csv
url_submitted_bing,2026-09-03,https://www.bookconv.com/tutorial,,,E:\一人公司\电子书格式转换站\ebook-converter\数据分析\www.bookconv.com_IndexNowSubmittedUrls_2026_9_3.csv
url_submitted_bing,2026-09-03,https://www.bookconv.com/help,,,E:\一人公司\电子书格式转换站\ebook-converter\数据分析\www.bookconv.com_IndexNowSubmittedUrls_2026_9_3.csv
url_submitted_bing,2026-09-03,https://www.bookconv.com/privacy,,,E:\一人公司\电子书格式转换站\ebook-converter\数据分析\www.bookconv.com_IndexNowSubmittedUrls_2026_9_3.csv
url_submitted_bing,2026-09-03,https://www.bookconv.com/terms,,,E:\一人公司\电子书格式转换站\ebook-converter\数据分析\www.bookconv.com_IndexNowSubmittedUrls_2026_9_3.csv
url_submitted_bing,2026-09-03,https://www.bookconv.com/convert/epub-to-azw3,,,E:\一人公司\电子书格式转换站\ebook-converter\数据分析\www.bookconv.com_IndexNowSubmittedUrls_2026_9_3.csv
url_submitted_bing,2026-09-03,https://www.bookconv.com/convert/azw3-to-epub,,,E:\一人公司\电子书格式转换站\ebook-converter\数据分析\www.bookconv.com_IndexNowSubmittedUrls_2026_9_3.csv
url_submitted_bing,2026-09-03,https://www.bookconv.com/convert/epub-to-rtf,,,E:\一人公司\电子书格式转换站\ebook-converter\数据分析\www.bookconv.com_IndexNowSubmittedUrls_2026_9_3.csv
url_submitted_bing,2026-09-03,https://www.bookconv.com/convert/epub-to-jpg,,,E:\一人公司\电子书格式转换站\ebook-converter\数据分析\www.bookconv.com_IndexNowSubmittedUrls_2026_9_3.csv
url_submitted_bing,2026-09-03,https://www.bookconv.com/convert/epub-to-html,,,E:\一人公司\电子书格式转换站\ebook-converter\数据分析\www.bookconv.com_IndexNowSubmittedUrls_2026_9_3.csv
url_submitted_bing,2026-09-03,https://www.bookconv.com/convert/epub-to-doc,,,E:\一人公司\电子书格式转换站\ebook-converter\数据分析\www.bookconv.com_IndexNowSubmittedUrls_2026_9_3.csv
url_submitted_bing,2026-09-03,https://www.bookconv.com/convert/fb2-to-epub,,,E:\一人公司\电子书格式转换站\ebook-converter\数据分析\www.bookconv.com_IndexNowSubmittedUrls_2026_9_3.csv
url_submitted_bing,2026-09-03,https://www.bookconv.com/convert/lit-to-epub,,,E:\一人公司\电子书格式转换站\ebook-converter\数据分析\www.bookconv.com_IndexNowSubmittedUrls_2026_9_3.csv
url_submitted_bing,2026-09-03,https://www.bookconv.com/convert/epub-to-pdf,,,E:\一人公司\电子书格式转换站\ebook-converter\数据分析\www.bookconv.com_IndexNowSubmittedUrls_2026_9_3.csv
url_submitted_bing,2026-09-03,https://www.bookconv.com/convert/rtf-to-epub,,,E:\一人公司\电子书格式转换站\ebook-converter\数据分析\www.bookconv.com_IndexNowSubmittedUrls_2026_9_3.csv
url_submitted_bing,2026-09-03,https://www.bookconv.com/convert/epub-to-png,,,E:\一人公司\电子书格式转换站\ebook-converter\数据分析\www.bookconv.com_IndexNowSubmittedUrls_2026_9_3.csv
url_submitted_bing,2026-09-03,https://www.bookconv.com/convert/azw3-to-mobi,,,E:\一人公司\电子书格式转换站\ebook-converter\数据分析\www.bookconv.com_IndexNowSubmittedUrls_2026_9_3.csv
url_submitted_bing,2026-09-03,https://www.bookconv.com/convert/mobi-to-txt,,,E:\一人公司\电子书格式转换站\ebook-converter\数据分析\www.bookconv.com_IndexNowSubmittedUrls_2026_9_3.csv
url_submitted_bing,2026-09-03,https://www.bookconv.com/convert/epub-to-word,,,E:\一人公司\电子书格式转换站\ebook-converter\数据分析\www.bookconv.com_IndexNowSubmittedUrls_2026_9_3.csv
url_submitted_bing,2026-09-03,https://www.bookconv.com/convert/docx-to-epub,,,E:\一人公司\电子书格式转换站\ebook-converter\数据分析\www.bookconv.com_IndexNowSubmittedUrls_2026_9_3.csv
url_submitted_bing,2026-09-03,https://www.bookconv.com/convert/txt-to-epub,,,E:\一人公司\电子书格式转换站\ebook-converter\数据分析\www.bookconv.com_IndexNowSubmittedUrls_2026_9_3.csv
url_submitted_bing,2026-09-03,https://www.bookconv.com/convert/html-to-epub,,,E:\一人公司\电子书格式转换站\ebook-converter\数据分析\www.bookconv.com_IndexNowSubmittedUrls_2026_9_3.csv
url_submitted_bing,2026-09-03,https://www.bookconv.com/convert/azw3-to-pdf,,,E:\一人公司\电子书格式转换站\ebook-converter\数据分析\www.bookconv.com_IndexNowSubmittedUrls_2026_9_3.csv
url_submitted_bing,2026-09-03,https://www.bookconv.com/convert/mobi-to-epub,,,E:\一人公司\电子书格式转换站\ebook-converter\数据分析\www.bookconv.com_IndexNowSubmittedUrls_2026_9_3.csv
url_submitted_bing,2026-09-03,https://www.bookconv.com/convert/epub-to-txt,,,E:\一人公司\电子书格式转换站\ebook-converter\数据分析\www.bookconv.com_IndexNowSubmittedUrls_2026_9_3.csv
url_submitted_bing,2026-09-03,https://www.bookconv.com/convert/doc-to-epub,,,E:\一人公司\电子书格式转换站\ebook-converter\数据分析\www.bookconv.com_IndexNowSubmittedUrls_2026_9_3.csv
url_submitted_bing,2026-09-03,https://www.bookconv.com/convert/cbr-to-pdf,,,E:\一人公司\电子书格式转换站\ebook-converter\数据分析\www.bookconv.com_IndexNowSubmittedUrls_2026_9_3.csv
url_submitted_bing,2026-09-03,https://www.bookconv.com/convert/mobi-to-pdf,,,E:\一人公司\电子书格式转换站\ebook-converter\数据分析\www.bookconv.com_IndexNowSubmittedUrls_2026_9_3.csv
url_submitted_bing,2026-09-03,https://www.bookconv.com/convert/pdf-to-epub,,,E:\一人公司\电子书格式转换站\ebook-converter\数据分析\www.bookconv.com_IndexNowSubmittedUrls_2026_9_3.csv
url_submitted_bing,2026-09-03,https://www.bookconv.com/convert/djvu-to-pdf,,,E:\一人公司\电子书格式转换站\ebook-converter\数据分析\www.bookconv.com_IndexNowSubmittedUrls_2026_9_3.csv
url_submitted_bing,2026-09-03,https://www.bookconv.com/convert/epub-to-mobi,,,E:\一人公司\电子书格式转换站\ebook-converter\数据分析\www.bookconv.com_IndexNowSubmittedUrls_2026_9_3.csv
url_submitted_bing,2026-09-03,https://www.bookconv.com/convert/epub-to-zip,,,E:\一人公司\电子书格式转换站\ebook-converter\数据分析\www.bookconv.com_IndexNowSubmittedUrls_2026_9_3.csv
url_submitted_bing,2026-09-03,https://www.bookconv.com/convert/lit-to-mobi,,,E:\一人公司\电子书格式转换站\ebook-converter\数据分析\www.bookconv.com_IndexNowSubmittedUrls_2026_9_3.csv
url_submitted_bing,2026-09-03,https://www.bookconv.com/convert/azw-to-mobi,,,E:\一人公司\电子书格式转换站\ebook-converter\数据分析\www.bookconv.com_IndexNowSubmittedUrls_2026_9_3.csv
url_submitted_bing,2026-09-03,https://www.bookconv.com/convert/chm-to-mobi,,,E:\一人公司\电子书格式转换站\ebook-converter\数据分析\www.bookconv.com_IndexNowSubmittedUrls_2026_9_3.csv
url_submitted_bing,2026-09-03,https://www.bookconv.com/compat/epub-to-mobi-on-kindle-paperwhite,,,E:\一人公司\电子书格式转换站\ebook-converter\数据分析\www.bookconv.com_IndexNowSubmittedUrls_2026_9_3.csv
url_submitted_bing,2026-09-03,https://www.bookconv.com/blog/sync-ebooks-reading-groups,,,E:\一人公司\电子书格式转换站\ebook-converter\数据分析\www.bookconv.com_IndexNowSubmittedUrls_2026_9_3.csv
url_submitted_bing,2026-09-03,https://www.bookconv.com/blog/azw3-epub-mobi-kindle,,,E:\一人公司\电子书格式转换站\ebook-converter\数据分析\www.bookconv.com_IndexNowSubmittedUrls_2026_9_3.csv
url_submitted_bing,2026-09-03,https://www.bookconv.com/blog/layout-typesetting-pdf-epub,,,E:\一人公司\电子书格式转换站\ebook-converter\数据分析\www.bookconv.com_IndexNowSubmittedUrls_2026_9_3.csv
url_submitted_bing,2026-09-03,https://www.bookconv.com/blog/lit-format-conversion-and,,,E:\一人公司\电子书格式转换站\ebook-converter\数据分析\www.bookconv.com_IndexNowSubmittedUrls_2026_9_3.csv
url_submitted_bing,2026-09-03,https://www.bookconv.com/blog/selection-intercept-converter,,,E:\一人公司\电子书格式转换站\ebook-converter\数据分析\www.bookconv.com_IndexNowSubmittedUrls_2026_9_3.csv
url_submitted_bing,2026-09-03,https://www.bookconv.com/blog/ai-feeding-notebooklm-chatgpt,,,E:\一人公司\电子书格式转换站\ebook-converter\数据分析\www.bookconv.com_IndexNowSubmittedUrls_2026_9_3.csv
url_submitted_bing,2026-09-03,https://www.bookconv.com/blog/calibre-free-batch,,,E:\一人公司\电子书格式转换站\ebook-converter\数据分析\www.bookconv.com_IndexNowSubmittedUrls_2026_9_3.csv
url_submitted_bing,2026-09-03,https://www.bookconv.com/blog/ebook-troubleshooting,,,E:\一人公司\电子书格式转换站\ebook-converter\数据分析\www.bookconv.com_IndexNowSubmittedUrls_2026_9_3.csv
url_submitted_bing,2026-09-03,https://www.bookconv.com/blog/epub-to-mobi,,,E:\一人公司\电子书格式转换站\ebook-converter\数据分析\www.bookconv.com_IndexNowSubmittedUrls_2026_9_3.csv
url_submitted_bing,2026-09-03,https://www.bookconv.com/blog/epub-to-word-docx,,,E:\一人公司\电子书格式转换站\ebook-converter\数据分析\www.bookconv.com_IndexNowSubmittedUrls_2026_9_3.csv
url_submitted_bing,2026-09-03,https://www.bookconv.com/blog/kindle-epub-azw3-mobi,,,E:\一人公司\电子书格式转换站\ebook-converter\数据分析\www.bookconv.com_IndexNowSubmittedUrls_2026_9_3.csv
url_submitted_bing,2026-09-03,https://www.bookconv.com/blog/legacy-lit-djvu-fb2-converter,,,E:\一人公司\电子书格式转换站\ebook-converter\数据分析\www.bookconv.com_IndexNowSubmittedUrls_2026_9_3.csv
url_submitted_bing,2026-09-03,https://www.bookconv.com/blog/epub-to-docx,,,E:\一人公司\电子书格式转换站\ebook-converter\数据分析\www.bookconv.com_IndexNowSubmittedUrls_2026_9_3.csv
url_submitted_bing,2026-09-03,https://www.bookconv.com/blog/epub-to-text,,,E:\一人公司\电子书格式转换站\ebook-converter\数据分析\www.bookconv.com_IndexNowSubmittedUrls_2026_9_3.csv
url_submitted_bing,2026-09-03,https://www.bookconv.com/blog/epub-to-various-other,,,E:\一人公司\电子书格式转换站\ebook-converter\数据分析\www.bookconv.com_IndexNowSubmittedUrls_2026_9_3.csv
url_submitted_bing,2026-09-03,https://www.bookconv.com/blog/epub-to-word,,,E:\一人公司\电子书格式转换站\ebook-converter\数据分析\www.bookconv.com_IndexNowSubmittedUrls_2026_9_3.csv
url_submitted_bing,2026-09-03,https://www.bookconv.com/blog/ebook-conversion-tools,,,E:\一人公司\电子书格式转换站\ebook-converter\数据分析\www.bookconv.com_IndexNowSubmittedUrls_2026_9_3.csv
url_submitted_bing,2026-09-03,https://www.bookconv.com/blog/epub-converter,,,E:\一人公司\电子书格式转换站\ebook-converter\数据分析\www.bookconv.com_IndexNowSubmittedUrls_2026_9_3.csv
url_submitted_bing,2026-09-03,https://www.bookconv.com/blog/azw3-epub-mobi-kindle-compatibility,,,E:\一人公司\电子书格式转换站\ebook-converter\数据分析\www.bookconv.com_IndexNowSubmittedUrls_2026_9_3.csv
url_submitted_bing,2026-09-03,https://www.bookconv.com/blog/conversion-error-guide,,,E:\一人公司\电子书格式转换站\ebook-converter\数据分析\www.bookconv.com_IndexNowSubmittedUrls_2026_9_3.csv
url_submitted_bing,2026-09-03,https://www.bookconv.com/blog/large-file-conversion-guide,,,E:\一人公司\电子书格式转换站\ebook-converter\数据分析\www.bookconv.com_IndexNowSubmittedUrls_2026_9_3.csv
url_submitted_bing,2026-09-03,https://www.bookconv.com/blog/check-converted-file-quality,,,E:\一人公司\电子书格式转换站\ebook-converter\数据分析\www.bookconv.com_IndexNowSubmittedUrls_2026_9_3.csv
url_submitted_bing,2026-09-03,https://www.bookconv.com/blog/sync-reading-across-devices,,,E:\一人公司\电子书格式转换站\ebook-converter\数据分析\www.bookconv.com_IndexNowSubmittedUrls_2026_9_3.csv
url_submitted_bing,2026-09-03,https://www.bookconv.com/blog/mobi-to-kobo,,,E:\一人公司\电子书格式转换站\ebook-converter\数据分析\www.bookconv.com_IndexNowSubmittedUrls_2026_9_3.csv
url_submitted_bing,2026-09-03,https://www.bookconv.com/blog/epub-vs-mobi,,,E:\一人公司\电子书格式转换站\ebook-converter\数据分析\www.bookconv.com_IndexNowSubmittedUrls_2026_9_3.csv
url_submitted_bing,2026-09-03,https://www.bookconv.com/blog/batch-converter,,,E:\一人公司\电子书格式转换站\ebook-converter\数据分析\www.bookconv.com_IndexNowSubmittedUrls_2026_9_3.csv
url_submitted_bing,2026-09-03,https://www.bookconv.com/blog/epub-vs-pdf,,,E:\一人公司\电子书格式转换站\ebook-converter\数据分析\www.bookconv.com_IndexNowSubmittedUrls_2026_9_3.csv
url_submitted_bing,2026-09-03,https://www.bookconv.com/blog/why-ebook-wont-open-kindle,,,E:\一人公司\电子书格式转换站\ebook-converter\数据分析\www.bookconv.com_IndexNowSubmittedUrls_2026_9_3.csv
url_submitted_bing,2026-09-03,https://www.bookconv.com/blog/common-ebook-format-problems,,,E:\一人公司\电子书格式转换站\ebook-converter\数据分析\www.bookconv.com_IndexNowSubmittedUrls_2026_9_3.csv
url_submitted_bing,2026-09-03,https://www.bookconv.com/blog/fb2-vs-epub,,,E:\一人公司\电子书格式转换站\ebook-converter\数据分析\www.bookconv.com_IndexNowSubmittedUrls_2026_9_3.csv
url_submitted_bing,2026-09-03,https://www.bookconv.com/blog/ebook-conversion-checklist,,,E:\一人公司\电子书格式转换站\ebook-converter\数据分析\www.bookconv.com_IndexNowSubmittedUrls_2026_9_3.csv
url_submitted_bing,2026-09-03,https://www.bookconv.com/blog/read-epub-on-any-device,,,E:\一人公司\电子书格式转换站\ebook-converter\数据分析\www.bookconv.com_IndexNowSubmittedUrls_2026_9_3.csv
url_submitted_bing,2026-09-03,https://www.bookconv.com/blog/epub3-vs-epub2,,,E:\一人公司\电子书格式转换站\ebook-converter\数据分析\www.bookconv.com_IndexNowSubmittedUrls_2026_9_3.csv
url_submitted_bing,2026-09-03,https://www.bookconv.com/blog/scanned-pdf-to-epub-ocr,,,E:\一人公司\电子书格式转换站\ebook-converter\数据分析\www.bookconv.com_IndexNowSubmittedUrls_2026_9_3.csv
url_submitted_bing,2026-09-03,https://www.bookconv.com/blog/best-ebook-reader-apps,,,E:\一人公司\电子书格式转换站\ebook-converter\数据分析\www.bookconv.com_IndexNowSubmittedUrls_2026_9_3.csv
url_submitted_bing,2026-09-03,https://www.bookconv.com/blog/kobo-to-epub,,,E:\一人公司\电子书格式转换站\ebook-converter\数据分析\www.bookconv.com_IndexNowSubmittedUrls_2026_9_3.csv
url_submitted_bing,2026-09-03,https://www.bookconv.com/blog/can-kindle-read-azw3,,,E:\一人公司\电子书格式转换站\ebook-converter\数据分析\www.bookconv.com_IndexNowSubmittedUrls_2026_9_3.csv
url_submitted_bing,2026-09-03,https://www.bookconv.com/blog/djvu-to-pdf,,,E:\一人公司\电子书格式转换站\ebook-converter\数据分析\www.bookconv.com_IndexNowSubmittedUrls_2026_9_3.csv
url_submitted_bing,2026-09-03,https://www.bookconv.com/blog/cbr-to-pdf,,,E:\一人公司\电子书格式转换站\ebook-converter\数据分析\www.bookconv.com_IndexNowSubmittedUrls_2026_9_3.csv
url_submitted_bing,2026-09-03,https://www.bookconv.com/blog/fb2-to-epub,,,E:\一人公司\电子书格式转换站\ebook-converter\数据分析\www.bookconv.com_IndexNowSubmittedUrls_2026_9_3.csv
url_submitted_bing,2026-09-03,https://www.bookconv.com/blog/txt-to-epub,,,E:\一人公司\电子书格式转换站\ebook-converter\数据分析\www.bookconv.com_IndexNowSubmittedUrls_2026_9_3.csv
url_submitted_bing,2026-09-03,https://www.bookconv.com/blog/mobi-to-epub,,,E:\一人公司\电子书格式转换站\ebook-converter\数据分析\www.bookconv.com_IndexNowSubmittedUrls_2026_9_3.csv
url_submitted_bing,2026-09-03,https://www.bookconv.com/blog/azw3-vs-mobi,,,E:\一人公司\电子书格式转换站\ebook-converter\数据分析\www.bookconv.com_IndexNowSubmittedUrls_2026_9_3.csv
url_submitted_bing,2026-09-03,https://www.bookconv.com/blog/epub-to-pdf-linux,,,E:\一人公司\电子书格式转换站\ebook-converter\数据分析\www.bookconv.com_IndexNowSubmittedUrls_2026_9_3.csv
url_submitted_bing,2026-09-03,https://www.bookconv.com/blog/lit-ebook-format,,,E:\一人公司\电子书格式转换站\ebook-converter\数据分析\www.bookconv.com_IndexNowSubmittedUrls_2026_9_3.csv
url_submitted_bing,2026-09-03,https://www.bookconv.com/blog/epub-to-mobi-guide,,,E:\一人公司\电子书格式转换站\ebook-converter\数据分析\www.bookconv.com_IndexNowSubmittedUrls_2026_9_3.csv
url_submitted_bing,2026-09-03,https://www.bookconv.com/blog/pdf-to-epub-guide,,,E:\一人公司\电子书格式转换站\ebook-converter\数据分析\www.bookconv.com_IndexNowSubmittedUrls_2026_9_3.csv
url_submitted_bing,2026-09-03,https://www.bookconv.com/blog/download-troubleshooting,,,E:\一人公司\电子书格式转换站\ebook-converter\数据分析\www.bookconv.com_IndexNowSubmittedUrls_2026_9_3.csv
url_submitted_bing,2026-09-03,https://www.bookconv.com/blog/background-workers,,,E:\一人公司\电子书格式转换站\ebook-converter\数据分析\www.bookconv.com_IndexNowSubmittedUrls_2026_9_3.csv
url_submitted_bing,2026-09-03,https://www.bookconv.com/blog/webhook-integration,,,E:\一人公司\电子书格式转换站\ebook-converter\数据分析\www.bookconv.com_IndexNowSubmittedUrls_2026_9_3.csv
url_submitted_bing,2026-09-03,https://www.bookconv.com/blog/sitemap-seo-guide,,,E:\一人公司\电子书格式转换站\ebook-converter\数据分析\www.bookconv.com_IndexNowSubmittedUrls_2026_9_3.csv
url_submitted_bing,2026-09-03,https://www.bookconv.com/blog/ebook-formats-explained,,,E:\一人公司\电子书格式转换站\ebook-converter\数据分析\www.bookconv.com_IndexNowSubmittedUrls_2026_9_3.csv
url_submitted_bing,2026-09-03,https://www.bookconv.com/blog/why-convert-lit-to-epub,,,E:\一人公司\电子书格式转换站\ebook-converter\数据分析\www.bookconv.com_IndexNowSubmittedUrls_2026_9_3.csv
url_submitted_bing,2026-09-03,https://www.bookconv.com/guide/fix-epub-to-pdf-formatting,,,E:\一人公司\电子书格式转换站\ebook-converter\数据分析\www.bookconv.com_IndexNowSubmittedUrls_2026_9_3.csv
url_submitted_bing,2026-09-03,https://www.bookconv.com/guide/pdf-to-epub-keep-formatting,,,E:\一人公司\电子书格式转换站\ebook-converter\数据分析\www.bookconv.com_IndexNowSubmittedUrls_2026_9_3.csv
url_submitted_bing,2026-09-03,https://www.bookconv.com/guide/calibre-vs-online-converter,,,E:\一人公司\电子书格式转换站\ebook-converter\数据分析\www.bookconv.com_IndexNowSubmittedUrls_2026_9_3.csv
url_submitted_bing,2026-09-03,https://www.bookconv.com/guide/epub-to-mobi-keep-formatting,,,E:\一人公司\电子书格式转换站\ebook-converter\数据分析\www.bookconv.com_IndexNowSubmittedUrls_2026_9_3.csv
url_submitted_bing,2026-09-03,https://www.bookconv.com/guide/azw3-to-epub-keep-formatting,,,E:\一人公司\电子书格式转换站\ebook-converter\数据分析\www.bookconv.com_IndexNowSubmittedUrls_2026_9_3.csv
url_submitted_bing,2026-09-03,https://www.bookconv.com/guide/docx-to-epub-self-publish,,,E:\一人公司\电子书格式转换站\ebook-converter\数据分析\www.bookconv.com_IndexNowSubmittedUrls_2026_9_3.csv
url_submitted_bing,2026-09-03,https://www.bookconv.com/guide/mobi-to-epub-keep-formatting,,,E:\一人公司\电子书格式转换站\ebook-converter\数据分析\www.bookconv.com_IndexNowSubmittedUrls_2026_9_3.csv
url_submitted_bing,2026-09-03,https://www.bookconv.com/guide/epub-to-azw3-for-kindle,,,E:\一人公司\电子书格式转换站\ebook-converter\数据分析\www.bookconv.com_IndexNowSubmittedUrls_2026_9_3.csv
url_submitted_bing,2026-09-03,https://www.bookconv.com/guide/djvu-to-pdf,,,E:\一人公司\电子书格式转换站\ebook-converter\数据分析\www.bookconv.com_IndexNowSubmittedUrls_2026_9_3.csv
url_submitted_bing,2026-09-03,https://www.bookconv.com/guide/cbr-to-pdf,,,E:\一人公司\电子书格式转换站\ebook-converter\数据分析\www.bookconv.com_IndexNowSubmittedUrls_2026_9_3.csv
url_submitted_bing,2026-09-03,https://www.bookconv.com/guide/lit-to-epub-keep-formatting,,,E:\一人公司\电子书格式转换站\ebook-converter\数据分析\www.bookconv.com_IndexNowSubmittedUrls_2026_9_3.csv
url_submitted_bing,2026-09-03,https://www.bookconv.com/guide/epub-to-txt-extract,,,E:\一人公司\电子书格式转换站\ebook-converter\数据分析\www.bookconv.com_IndexNowSubmittedUrls_2026_9_3.csv
url_submitted_bing,2026-09-03,https://www.bookconv.com/guide/fb2-to-epub-keep-formatting,,,E:\一人公司\电子书格式转换站\ebook-converter\数据分析\www.bookconv.com_IndexNowSubmittedUrls_2026_9_3.csv
url_submitted_bing,2026-09-03,https://www.bookconv.com/guide/azw3-to-mobi-keep-formatting,,,E:\一人公司\电子书格式转换站\ebook-converter\数据分析\www.bookconv.com_IndexNowSubmittedUrls_2026_9_3.csv
url_submitted_bing,2026-09-03,https://www.bookconv.com/guide/txt-to-epub-build-ebook,,,E:\一人公司\电子书格式转换站\ebook-converter\数据分析\www.bookconv.com_IndexNowSubmittedUrls_2026_9_3.csv
url_submitted_bing,2026-09-03,https://www.bookconv.com/guide/calibre-alternative,,,E:\一人公司\电子书格式转换站\ebook-converter\数据分析\www.bookconv.com_IndexNowSubmittedUrls_2026_9_3.csv
url_submitted_bing,2026-09-03,https://www.bookconv.com/guide/ai-ebook-converter,,,E:\一人公司\电子书格式转换站\ebook-converter\数据分析\www.bookconv.com_IndexNowSubmittedUrls_2026_9_3.csv
url_submitted_bing,2026-09-03,https://www.bookconv.com/guide/batch-converter,,,E:\一人公司\电子书格式转换站\ebook-converter\数据分析\www.bookconv.com_IndexNowSubmittedUrls_2026_9_3.csv
url_submitted_bing,2026-09-03,https://www.bookconv.com/guide/kindle-formats,,,E:\一人公司\电子书格式转换站\ebook-converter\数据分析\www.bookconv.com_IndexNowSubmittedUrls_2026_9_3.csv
url_submitted_bing,2026-09-03,https://www.bookconv.com/guide/best-ebook-converter,,,E:\一人公司\电子书格式转换站\ebook-converter\数据分析\www.bookconv.com_IndexNowSubmittedUrls_2026_9_3.csv
url_submitted_bing,2026-09-03,https://www.bookconv.com/es,,,E:\一人公司\电子书格式转换站\ebook-converter\数据分析\www.bookconv.com_IndexNowSubmittedUrls_2026_9_3.csv
url_submitted_bing,2026-09-03,https://www.bookconv.com/es/pricing,,,E:\一人公司\电子书格式转换站\ebook-converter\数据分析\www.bookconv.com_IndexNowSubmittedUrls_2026_9_3.csv
url_submitted_bing,2026-09-03,https://www.bookconv.com/es/batch,,,E:\一人公司\电子书格式转换站\ebook-converter\数据分析\www.bookconv.com_IndexNowSubmittedUrls_2026_9_3.csv
url_submitted_bing,2026-09-03,https://www.bookconv.com/es/blog,,,E:\一人公司\电子书格式转换站\ebook-converter\数据分析\www.bookconv.com_IndexNowSubmittedUrls_2026_9_3.csv
url_submitted_bing,2026-09-03,https://www.bookconv.com/es/tutorial,,,E:\一人公司\电子书格式转换站\ebook-converter\数据分析\www.bookconv.com_IndexNowSubmittedUrls_2026_9_3.csv
url_submitted_bing,2026-09-03,https://www.bookconv.com/es/help,,,E:\一人公司\电子书格式转换站\ebook-converter\数据分析\www.bookconv.com_IndexNowSubmittedUrls_2026_9_3.csv
url_submitted_bing,2026-09-03,https://www.bookconv.com/es/privacy,,,E:\一人公司\电子书格式转换站\ebook-converter\数据分析\www.bookconv.com_IndexNowSubmittedUrls_2026_9_3.csv
url_submitted_bing,2026-09-03,https://www.bookconv.com/es/terms,,,E:\一人公司\电子书格式转换站\ebook-converter\数据分析\www.bookconv.com_IndexNowSubmittedUrls_2026_9_3.csv
url_submitted_bing,2026-09-03,https://www.bookconv.com/es/convert/epub-to-azw3,,,E:\一人公司\电子书格式转换站\ebook-converter\数据分析\www.bookconv.com_IndexNowSubmittedUrls_2026_9_3.csv
url_submitted_bing,2026-09-03,https://www.bookconv.com/es/convert/azw3-to-epub,,,E:\一人公司\电子书格式转换站\ebook-converter\数据分析\www.bookconv.com_IndexNowSubmittedUrls_2026_9_3.csv
url_submitted_bing,2026-09-03,https://www.bookconv.com/es/convert/epub-to-rtf,,,E:\一人公司\电子书格式转换站\ebook-converter\数据分析\www.bookconv.com_IndexNowSubmittedUrls_2026_9_3.csv
url_submitted_bing,2026-09-03,https://www.bookconv.com/es/convert/epub-to-jpg,,,E:\一人公司\电子书格式转换站\ebook-converter\数据分析\www.bookconv.com_IndexNowSubmittedUrls_2026_9_3.csv
url_submitted_bing,2026-09-03,https://www.bookconv.com/es/convert/epub-to-html,,,E:\一人公司\电子书格式转换站\ebook-converter\数据分析\www.bookconv.com_IndexNowSubmittedUrls_2026_9_3.csv
url_submitted_bing,2026-09-03,https://www.bookconv.com/es/convert/epub-to-doc,,,E:\一人公司\电子书格式转换站\ebook-converter\数据分析\www.bookconv.com_IndexNowSubmittedUrls_2026_9_3.csv
url_submitted_bing,2026-09-03,https://www.bookconv.com/es/convert/fb2-to-epub,,,E:\一人公司\电子书格式转换站\ebook-converter\数据分析\www.bookconv.com_IndexNowSubmittedUrls_2026_9_3.csv
url_submitted_bing,2026-09-03,https://www.bookconv.com/es/convert/lit-to-epub,,,E:\一人公司\电子书格式转换站\ebook-converter\数据分析\www.bookconv.com_IndexNowSubmittedUrls_2026_9_3.csv
url_submitted_bing,2026-09-03,https://www.bookconv.com/es/convert/epub-to-pdf,,,E:\一人公司\电子书格式转换站\ebook-converter\数据分析\www.bookconv.com_IndexNowSubmittedUrls_2026_9_3.csv
url_submitted_bing,2026-09-03,https://www.bookconv.com/es/convert/rtf-to-epub,,,E:\一人公司\电子书格式转换站\ebook-converter\数据分析\www.bookconv.com_IndexNowSubmittedUrls_2026_9_3.csv
url_submitted_bing,2026-09-03,https://www.bookconv.com/es/convert/epub-to-png,,,E:\一人公司\电子书格式转换站\ebook-converter\数据分析\www.bookconv.com_IndexNowSubmittedUrls_2026_9_3.csv
url_submitted_bing,2026-09-03,https://www.bookconv.com/es/convert/azw3-to-mobi,,,E:\一人公司\电子书格式转换站\ebook-converter\数据分析\www.bookconv.com_IndexNowSubmittedUrls_2026_9_3.csv
url_submitted_bing,2026-09-03,https://www.bookconv.com/es/convert/mobi-to-txt,,,E:\一人公司\电子书格式转换站\ebook-converter\数据分析\www.bookconv.com_IndexNowSubmittedUrls_2026_9_3.csv
url_submitted_bing,2026-09-03,https://www.bookconv.com/es/convert/epub-to-word,,,E:\一人公司\电子书格式转换站\ebook-converter\数据分析\www.bookconv.com_IndexNowSubmittedUrls_2026_9_3.csv
url_submitted_bing,2026-09-03,https://www.bookconv.com/es/convert/docx-to-epub,,,E:\一人公司\电子书格式转换站\ebook-converter\数据分析\www.bookconv.com_IndexNowSubmittedUrls_2026_9_3.csv
url_submitted_bing,2026-09-03,https://www.bookconv.com/es/convert/txt-to-epub,,,E:\一人公司\电子书格式转换站\ebook-converter\数据分析\www.bookconv.com_IndexNowSubmittedUrls_2026_9_3.csv
url_submitted_bing,2026-09-03,https://www.bookconv.com/es/convert/html-to-epub,,,E:\一人公司\电子书格式转换站\ebook-converter\数据分析\www.bookconv.com_IndexNowSubmittedUrls_2026_9_3.csv
url_submitted_bing,2026-09-03,https://www.bookconv.com/es/convert/azw3-to-pdf,,,E:\一人公司\电子书格式转换站\ebook-converter\数据分析\www.bookconv.com_IndexNowSubmittedUrls_2026_9_3.csv
url_submitted_bing,2026-09-03,https://www.bookconv.com/es/convert/mobi-to-epub,,,E:\一人公司\电子书格式转换站\ebook-converter\数据分析\www.bookconv.com_IndexNowSubmittedUrls_2026_9_3.csv
url_submitted_bing,2026-09-03,https://www.bookconv.com/es/convert/epub-to-txt,,,E:\一人公司\电子书格式转换站\ebook-converter\数据分析\www.bookconv.com_IndexNowSubmittedUrls_2026_9_3.csv
url_submitted_bing,2026-09-03,https://www.bookconv.com/es/convert/doc-to-epub,,,E:\一人公司\电子书格式转换站\ebook-converter\数据分析\www.bookconv.com_IndexNowSubmittedUrls_2026_9_3.csv
url_submitted_bing,2026-09-03,https://www.bookconv.com/es/convert/cbr-to-pdf,,,E:\一人公司\电子书格式转换站\ebook-converter\数据分析\www.bookconv.com_IndexNowSubmittedUrls_2026_9_3.csv
url_submitted_bing,2026-09-03,https://www.bookconv.com/es/convert/mobi-to-pdf,,,E:\一人公司\电子书格式转换站\ebook-converter\数据分析\www.bookconv.com_IndexNowSubmittedUrls_2026_9_3.csv
url_submitted_bing,2026-09-03,https://www.bookconv.com/es/convert/pdf-to-epub,,,E:\一人公司\电子书格式转换站\ebook-converter\数据分析\www.bookconv.com_IndexNowSubmittedUrls_2026_9_3.csv
url_submitted_bing,2026-09-03,https://www.bookconv.com/es/convert/djvu-to-pdf,,,E:\一人公司\电子书格式转换站\ebook-converter\数据分析\www.bookconv.com_IndexNowSubmittedUrls_2026_9_3.csv
url_submitted_bing,2026-09-03,https://www.bookconv.com/es/convert/epub-to-mobi,,,E:\一人公司\电子书格式转换站\ebook-converter\数据分析\www.bookconv.com_IndexNowSubmittedUrls_2026_9_3.csv
url_submitted_bing,2026-09-03,https://www.bookconv.com/es/convert/epub-to-zip,,,E:\一人公司\电子书格式转换站\ebook-converter\数据分析\www.bookconv.com_IndexNowSubmittedUrls_2026_9_3.csv
url_submitted_bing,2026-09-03,https://www.bookconv.com/es/convert/lit-to-mobi,,,E:\一人公司\电子书格式转换站\ebook-converter\数据分析\www.bookconv.com_IndexNowSubmittedUrls_2026_9_3.csv
url_submitted_bing,2026-09-03,https://www.bookconv.com/es/convert/azw-to-mobi,,,E:\一人公司\电子书格式转换站\ebook-converter\数据分析\www.bookconv.com_IndexNowSubmittedUrls_2026_9_3.csv
url_submitted_bing,2026-09-03,https://www.bookconv.com/es/convert/chm-to-mobi,,,E:\一人公司\电子书格式转换站\ebook-converter\数据分析\www.bookconv.com_IndexNowSubmittedUrls_2026_9_3.csv
url_submitted_bing,2026-09-03,https://www.bookconv.com/es/blog/sync-ebooks-reading-groups,,,E:\一人公司\电子书格式转换站\ebook-converter\数据分析\www.bookconv.com_IndexNowSubmittedUrls_2026_9_3.csv
url_submitted_bing,2026-09-03,https://www.bookconv.com/es/blog/azw3-epub-mobi-kindle,,,E:\一人公司\电子书格式转换站\ebook-converter\数据分析\www.bookconv.com_IndexNowSubmittedUrls_2026_9_3.csv
url_submitted_bing,2026-09-03,https://www.bookconv.com/es/blog/layout-typesetting-pdf-epub,,,E:\一人公司\电子书格式转换站\ebook-converter\数据分析\www.bookconv.com_IndexNowSubmittedUrls_2026_9_3.csv
url_submitted_bing,2026-09-03,https://www.bookconv.com/es/blog/lit-format-conversion-and,,,E:\一人公司\电子书格式转换站\ebook-converter\数据分析\www.bookconv.com_IndexNowSubmittedUrls_2026_9_3.csv
url_submitted_bing,2026-09-03,https://www.bookconv.com/es/blog/selection-intercept-converter,,,E:\一人公司\电子书格式转换站\ebook-converter\数据分析\www.bookconv.com_IndexNowSubmittedUrls_2026_9_3.csv
url_submitted_bing,2026-09-03,https://www.bookconv.com/es/blog/ai-feeding-notebooklm-chatgpt,,,E:\一人公司\电子书格式转换站\ebook-converter\数据分析\www.bookconv.com_IndexNowSubmittedUrls_2026_9_3.csv
url_submitted_bing,2026-09-03,https://www.bookconv.com/es/blog/calibre-free-batch,,,E:\一人公司\电子书格式转换站\ebook-converter\数据分析\www.bookconv.com_IndexNowSubmittedUrls_2026_9_3.csv
url_submitted_bing,2026-09-03,https://www.bookconv.com/es/blog/ebook-troubleshooting,,,E:\一人公司\电子书格式转换站\ebook-converter\数据分析\www.bookconv.com_IndexNowSubmittedUrls_2026_9_3.csv
url_submitted_bing,2026-09-03,https://www.bookconv.com/es/blog/epub-to-mobi,,,E:\一人公司\电子书格式转换站\ebook-converter\数据分析\www.bookconv.com_IndexNowSubmittedUrls_2026_9_3.csv
url_submitted_bing,2026-09-03,https://www.bookconv.com/es/blog/epub-to-word-docx,,,E:\一人公司\电子书格式转换站\ebook-converter\数据分析\www.bookconv.com_IndexNowSubmittedUrls_2026_9_3.csv
url_submitted_bing,2026-09-03,https://www.bookconv.com/es/blog/kindle-epub-azw3-mobi,,,E:\一人公司\电子书格式转换站\ebook-converter\数据分析\www.bookconv.com_IndexNowSubmittedUrls_2026_9_3.csv
url_submitted_bing,2026-09-03,https://www.bookconv.com/es/blog/legacy-lit-djvu-fb2-converter,,,E:\一人公司\电子书格式转换站\ebook-converter\数据分析\www.bookconv.com_IndexNowSubmittedUrls_2026_9_3.csv
url_submitted_bing,2026-09-03,https://www.bookconv.com/es/blog/epub-to-docx,,,E:\一人公司\电子书格式转换站\ebook-converter\数据分析\www.bookconv.com_IndexNowSubmittedUrls_2026_9_3.csv
url_submitted_bing,2026-09-03,https://www.bookconv.com/es/blog/epub-to-text,,,E:\一人公司\电子书格式转换站\ebook-converter\数据分析\www.bookconv.com_IndexNowSubmittedUrls_2026_9_3.csv
url_submitted_bing,2026-09-03,https://www.bookconv.com/es/blog/epub-to-various-other,,,E:\一人公司\电子书格式转换站\ebook-converter\数据分析\www.bookconv.com_IndexNowSubmittedUrls_2026_9_3.csv
url_submitted_bing,2026-09-03,https://www.bookconv.com/es/blog/epub-to-word,,,E:\一人公司\电子书格式转换站\ebook-converter\数据分析\www.bookconv.com_IndexNowSubmittedUrls_2026_9_3.csv
url_submitted_bing,2026-09-03,https://www.bookconv.com/es/blog/ebook-conversion-tools,,,E:\一人公司\电子书格式转换站\ebook-converter\数据分析\www.bookconv.com_IndexNowSubmittedUrls_2026_9_3.csv
url_submitted_bing,2026-09-03,https://www.bookconv.com/es/blog/epub-converter,,,E:\一人公司\电子书格式转换站\ebook-converter\数据分析\www.bookconv.com_IndexNowSubmittedUrls_2026_9_3.csv
url_submitted_bing,2026-09-03,https://www.bookconv.com/es/blog/azw3-epub-mobi-kindle-compatibility,,,E:\一人公司\电子书格式转换站\ebook-converter\数据分析\www.bookconv.com_IndexNowSubmittedUrls_2026_9_3.csv
url_submitted_bing,2026-09-03,https://www.bookconv.com/es/blog/conversion-error-guide,,,E:\一人公司\电子书格式转换站\ebook-converter\数据分析\www.bookconv.com_IndexNowSubmittedUrls_2026_9_3.csv
url_submitted_bing,2026-09-03,https://www.bookconv.com/es/blog/large-file-conversion-guide,,,E:\一人公司\电子书格式转换站\ebook-converter\数据分析\www.bookconv.com_IndexNowSubmittedUrls_2026_9_3.csv
url_submitted_bing,2026-09-03,https://www.bookconv.com/es/blog/check-converted-file-quality,,,E:\一人公司\电子书格式转换站\ebook-converter\数据分析\www.bookconv.com_IndexNowSubmittedUrls_2026_9_3.csv
url_submitted_bing,2026-09-03,https://www.bookconv.com/es/blog/sync-reading-across-devices,,,E:\一人公司\电子书格式转换站\ebook-converter\数据分析\www.bookconv.com_IndexNowSubmittedUrls_2026_9_3.csv
url_submitted_bing,2026-09-03,https://www.bookconv.com/es/blog/mobi-to-kobo,,,E:\一人公司\电子书格式转换站\ebook-converter\数据分析\www.bookconv.com_IndexNowSubmittedUrls_2026_9_3.csv
url_submitted_bing,2026-09-03,https://www.bookconv.com/es/blog/epub-vs-mobi,,,E:\一人公司\电子书格式转换站\ebook-converter\数据分析\www.bookconv.com_IndexNowSubmittedUrls_2026_9_3.csv
url_submitted_bing,2026-09-03,https://www.bookconv.com/es/blog/batch-converter,,,E:\一人公司\电子书格式转换站\ebook-converter\数据分析\www.bookconv.com_IndexNowSubmittedUrls_2026_9_3.csv
url_submitted_bing,2026-09-03,https://www.bookconv.com/es/blog/epub-vs-pdf,,,E:\一人公司\电子书格式转换站\ebook-converter\数据分析\www.bookconv.com_IndexNowSubmittedUrls_2026_9_3.csv
url_submitted_bing,2026-09-03,https://www.bookconv.com/es/blog/why-ebook-wont-open-kindle,,,E:\一人公司\电子书格式转换站\ebook-converter\数据分析\www.bookconv.com_IndexNowSubmittedUrls_2026_9_3.csv
url_submitted_bing,2026-09-03,https://www.bookconv.com/es/blog/common-ebook-format-problems,,,E:\一人公司\电子书格式转换站\ebook-converter\数据分析\www.bookconv.com_IndexNowSubmittedUrls_2026_9_3.csv
url_submitted_bing,2026-09-03,https://www.bookconv.com/es/blog/fb2-vs-epub,,,E:\一人公司\电子书格式转换站\ebook-converter\数据分析\www.bookconv.com_IndexNowSubmittedUrls_2026_9_3.csv
url_submitted_bing,2026-09-03,https://www.bookconv.com/es/blog/ebook-conversion-checklist,,,E:\一人公司\电子书格式转换站\ebook-converter\数据分析\www.bookconv.com_IndexNowSubmittedUrls_2026_9_3.csv
url_submitted_bing,2026-09-03,https://www.bookconv.com/es/blog/read-epub-on-any-device,,,E:\一人公司\电子书格式转换站\ebook-converter\数据分析\www.bookconv.com_IndexNowSubmittedUrls_2026_9_3.csv
url_submitted_bing,2026-09-03,https://www.bookconv.com/es/blog/epub3-vs-epub2,,,E:\一人公司\电子书格式转换站\ebook-converter\数据分析\www.bookconv.com_IndexNowSubmittedUrls_2026_9_3.csv
url_submitted_bing,2026-09-03,https://www.bookconv.com/es/blog/scanned-pdf-to-epub-ocr,,,E:\一人公司\电子书格式转换站\ebook-converter\数据分析\www.bookconv.com_IndexNowSubmittedUrls_2026_9_3.csv
url_submitted_bing,2026-09-03,https://www.bookconv.com/es/blog/best-ebook-reader-apps,,,E:\一人公司\电子书格式转换站\ebook-converter\数据分析\www.bookconv.com_IndexNowSubmittedUrls_2026_9_3.csv
url_submitted_bing,2026-09-03,https://www.bookconv.com/es/blog/kobo-to-epub,,,E:\一人公司\电子书格式转换站\ebook-converter\数据分析\www.bookconv.com_IndexNowSubmittedUrls_2026_9_3.csv
url_submitted_bing,2026-09-03,https://www.bookconv.com/es/blog/can-kindle-read-azw3,,,E:\一人公司\电子书格式转换站\ebook-converter\数据分析\www.bookconv.com_IndexNowSubmittedUrls_2026_9_3.csv
url_submitted_bing,2026-09-03,https://www.bookconv.com/es/blog/djvu-to-pdf,,,E:\一人公司\电子书格式转换站\ebook-converter\数据分析\www.bookconv.com_IndexNowSubmittedUrls_2026_9_3.csv
url_submitted_bing,2026-09-03,https://www.bookconv.com/es/blog/cbr-to-pdf,,,E:\一人公司\电子书格式转换站\ebook-converter\数据分析\www.bookconv.com_IndexNowSubmittedUrls_2026_9_3.csv
url_submitted_bing,2026-09-03,https://www.bookconv.com/es/blog/fb2-to-epub,,,E:\一人公司\电子书格式转换站\ebook-converter\数据分析\www.bookconv.com_IndexNowSubmittedUrls_2026_9_3.csv
url_submitted_bing,2026-09-03,https://www.bookconv.com/es/blog/txt-to-epub,,,E:\一人公司\电子书格式转换站\ebook-converter\数据分析\www.bookconv.com_IndexNowSubmittedUrls_2026_9_3.csv
url_submitted_bing,2026-09-03,https://www.bookconv.com/es/blog/mobi-to-epub,,,E:\一人公司\电子书格式转换站\ebook-converter\数据分析\www.bookconv.com_IndexNowSubmittedUrls_2026_9_3.csv
url_submitted_bing,2026-09-03,https://www.bookconv.com/es/blog/azw3-vs-mobi,,,E:\一人公司\电子书格式转换站\ebook-converter\数据分析\www.bookconv.com_IndexNowSubmittedUrls_2026_9_3.csv
url_submitted_bing,2026-09-03,https://www.bookconv.com/es/blog/epub-to-pdf-linux,,,E:\一人公司\电子书格式转换站\ebook-converter\数据分析\www.bookconv.com_IndexNowSubmittedUrls_2026_9_3.csv
url_submitted_bing,2026-09-03,https://www.bookconv.com/es/blog/lit-ebook-format,,,E:\一人公司\电子书格式转换站\ebook-converter\数据分析\www.bookconv.com_IndexNowSubmittedUrls_2026_9_3.csv
url_submitted_bing,2026-09-03,https://www.bookconv.com/es/blog/epub-to-mobi-guide,,,E:\一人公司\电子书格式转换站\ebook-converter\数据分析\www.bookconv.com_IndexNowSubmittedUrls_2026_9_3.csv
url_submitted_bing,2026-09-03,https://www.bookconv.com/es/blog/pdf-to-epub-guide,,,E:\一人公司\电子书格式转换站\ebook-converter\数据分析\www.bookconv.com_IndexNowSubmittedUrls_2026_9_3.csv
url_submitted_bing,2026-09-03,https://www.bookconv.com/es/blog/download-troubleshooting,,,E:\一人公司\电子书格式转换站\ebook-converter\数据分析\www.bookconv.com_IndexNowSubmittedUrls_2026_9_3.csv
url_submitted_bing,2026-09-03,https://www.bookconv.com/es/blog/background-workers,,,E:\一人公司\电子书格式转换站\ebook-converter\数据分析\www.bookconv.com_IndexNowSubmittedUrls_2026_9_3.csv
url_submitted_bing,2026-09-03,https://www.bookconv.com/es/blog/webhook-integration,,,E:\一人公司\电子书格式转换站\ebook-converter\数据分析\www.bookconv.com_IndexNowSubmittedUrls_2026_9_3.csv
url_submitted_bing,2026-09-03,https://www.bookconv.com/es/blog/sitemap-seo-guide,,,E:\一人公司\电子书格式转换站\ebook-converter\数据分析\www.bookconv.com_IndexNowSubmittedUrls_2026_9_3.csv
url_submitted_bing,2026-09-03,https://www.bookconv.com/es/blog/ebook-formats-explained,,,E:\一人公司\电子书格式转换站\ebook-converter\数据分析\www.bookconv.com_IndexNowSubmittedUrls_2026_9_3.csv
url_submitted_bing,2026-09-03,https://www.bookconv.com/es/blog/why-convert-lit-to-epub,,,E:\一人公司\电子书格式转换站\ebook-converter\数据分析\www.bookconv.com_IndexNowSubmittedUrls_2026_9_3.csv
url_submitted_bing,2026-09-03,https://www.bookconv.com/es/guide/fix-epub-to-pdf-formatting,,,E:\一人公司\电子书格式转换站\ebook-converter\数据分析\www.bookconv.com_IndexNowSubmittedUrls_2026_9_3.csv
url_submitted_bing,2026-09-03,https://www.bookconv.com/es/guide/pdf-to-epub-keep-formatting,,,E:\一人公司\电子书格式转换站\ebook-converter\数据分析\www.bookconv.com_IndexNowSubmittedUrls_2026_9_3.csv
url_submitted_bing,2026-09-03,https://www.bookconv.com/es/guide/calibre-vs-online-converter,,,E:\一人公司\电子书格式转换站\ebook-converter\数据分析\www.bookconv.com_IndexNowSubmittedUrls_2026_9_3.csv
url_submitted_bing,2026-09-03,https://www.bookconv.com/es/guide/epub-to-mobi-keep-formatting,,,E:\一人公司\电子书格式转换站\ebook-converter\数据分析\www.bookconv.com_IndexNowSubmittedUrls_2026_9_3.csv
url_submitted_bing,2026-09-03,https://www.bookconv.com/es/guide/azw3-to-epub-keep-formatting,,,E:\一人公司\电子书格式转换站\ebook-converter\数据分析\www.bookconv.com_IndexNowSubmittedUrls_2026_9_3.csv
url_submitted_bing,2026-09-03,https://www.bookconv.com/es/guide/docx-to-epub-self-publish,,,E:\一人公司\电子书格式转换站\ebook-converter\数据分析\www.bookconv.com_IndexNowSubmittedUrls_2026_9_3.csv
url_submitted_bing,2026-09-03,https://www.bookconv.com/es/guide/mobi-to-epub-keep-formatting,,,E:\一人公司\电子书格式转换站\ebook-converter\数据分析\www.bookconv.com_IndexNowSubmittedUrls_2026_9_3.csv
url_submitted_bing,2026-09-03,https://www.bookconv.com/es/guide/epub-to-azw3-for-kindle,,,E:\一人公司\电子书格式转换站\ebook-converter\数据分析\www.bookconv.com_IndexNowSubmittedUrls_2026_9_3.csv
url_submitted_bing,2026-09-03,https://www.bookconv.com/es/guide/djvu-to-pdf,,,E:\一人公司\电子书格式转换站\ebook-converter\数据分析\www.bookconv.com_IndexNowSubmittedUrls_2026_9_3.csv
url_submitted_bing,2026-09-03,https://www.bookconv.com/es/guide/cbr-to-pdf,,,E:\一人公司\电子书格式转换站\ebook-converter\数据分析\www.bookconv.com_IndexNowSubmittedUrls_2026_9_3.csv
url_submitted_bing,2026-09-03,https://www.bookconv.com/es/guide/lit-to-epub-keep-formatting,,,E:\一人公司\电子书格式转换站\ebook-converter\数据分析\www.bookconv.com_IndexNowSubmittedUrls_2026_9_3.csv
url_submitted_bing,2026-09-03,https://www.bookconv.com/es/guide/epub-to-txt-extract,,,E:\一人公司\电子书格式转换站\ebook-converter\数据分析\www.bookconv.com_IndexNowSubmittedUrls_2026_9_3.csv
url_submitted_bing,2026-09-03,https://www.bookconv.com/es/guide/fb2-to-epub-keep-formatting,,,E:\一人公司\电子书格式转换站\ebook-converter\数据分析\www.bookconv.com_IndexNowSubmittedUrls_2026_9_3.csv
url_submitted_bing,2026-09-03,https://www.bookconv.com/es/guide/azw3-to-mobi-keep-formatting,,,E:\一人公司\电子书格式转换站\ebook-converter\数据分析\www.bookconv.com_IndexNowSubmittedUrls_2026_9_3.csv
url_submitted_bing,2026-09-03,https://www.bookconv.com/es/guide/txt-to-epub-build-ebook,,,E:\一人公司\电子书格式转换站\ebook-converter\数据分析\www.bookconv.com_IndexNowSubmittedUrls_2026_9_3.csv
url_submitted_bing,2026-09-03,https://www.bookconv.com/es/guide/calibre-alternative,,,E:\一人公司\电子书格式转换站\ebook-converter\数据分析\www.bookconv.com_IndexNowSubmittedUrls_2026_9_3.csv
url_submitted_bing,2026-09-03,https://www.bookconv.com/es/guide/ai-ebook-converter,,,E:\一人公司\电子书格式转换站\ebook-converter\数据分析\www.bookconv.com_IndexNowSubmittedUrls_2026_9_3.csv
url_submitted_bing,2026-09-03,https://www.bookconv.com/es/guide/batch-converter,,,E:\一人公司\电子书格式转换站\ebook-converter\数据分析\www.bookconv.com_IndexNowSubmittedUrls_2026_9_3.csv
url_submitted_bing,2026-09-03,https://www.bookconv.com/es/guide/kindle-formats,,,E:\一人公司\电子书格式转换站\ebook-converter\数据分析\www.bookconv.com_IndexNowSubmittedUrls_2026_9_3.csv
url_submitted_bing,2026-09-03,https://www.bookconv.com/es/guide/best-ebook-converter,,,E:\一人公司\电子书格式转换站\ebook-converter\数据分析\www.bookconv.com_IndexNowSubmittedUrls_2026_9_3.csv
url_submitted_bing,2026-09-03,https://www.bookconv.com/convert/epub-to-docx,,,E:\一人公司\电子书格式转换站\ebook-converter\数据分析\www.bookconv.com_IndexNowSubmittedUrls_2026_9_3.csv
url_submitted_bing,2026-09-03,https://www.bookconv.com/blog/epub-to-azw3,,,E:\一人公司\电子书格式转换站\ebook-converter\数据分析\www.bookconv.com_IndexNowSubmittedUrls_2026_9_3.csv
url_submitted_bing,2026-09-03,https://www.bookconv.com/blog/env-variables-setup,,,E:\一人公司\电子书格式转换站\ebook-converter\数据分析\www.bookconv.com_IndexNowSubmittedUrls_2026_9_3.csv
url_submitted_bing,2026-09-03,https://www.bookconv.com/blog/how-to-convert-epub-to-mobi,,,E:\一人公司\电子书格式转换站\ebook-converter\数据分析\www.bookconv.com_IndexNowSubmittedUrls_2026_9_3.csv
url_submitted_bing,2026-09-03,https://www.bookconv.com/guide/mobi-vs-azw3,,,E:\一人公司\电子书格式转换站\ebook-converter\数据分析\www.bookconv.com_IndexNowSubmittedUrls_2026_9_3.csv
url_submitted_bing,2026-09-03,https://www.bookconv.com/blog/tag/epub,,,E:\一人公司\电子书格式转换站\ebook-converter\数据分析\www.bookconv.com_IndexNowSubmittedUrls_2026_9_3.csv
url_submitted_bing,2026-09-03,https://www.bookconv.com/blog/tag/kindle,,,E:\一人公司\电子书格式转换站\ebook-converter\数据分析\www.bookconv.com_IndexNowSubmittedUrls_2026_9_3.csv
url_submitted_bing,2026-09-03,https://www.bookconv.com/blog/tag/mobi,,,E:\一人公司\电子书格式转换站\ebook-converter\数据分析\www.bookconv.com_IndexNowSubmittedUrls_2026_9_3.csv
url_submitted_bing,2026-09-03,https://www.bookconv.com/blog/tag/pdf,,,E:\一人公司\电子书格式转换站\ebook-converter\数据分析\www.bookconv.com_IndexNowSubmittedUrls_2026_9_3.csv
url_submitted_bing,2026-09-03,https://www.bookconv.com/blog/tag/azw3,,,E:\一人公司\电子书格式转换站\ebook-converter\数据分析\www.bookconv.com_IndexNowSubmittedUrls_2026_9_3.csv
url_submitted_bing,2026-09-03,https://www.bookconv.com/blog/tag/lit,,,E:\一人公司\电子书格式转换站\ebook-converter\数据分析\www.bookconv.com_IndexNowSubmittedUrls_2026_9_3.csv
url_submitted_bing,2026-09-03,https://www.bookconv.com/es/convert/epub-to-docx,,,E:\一人公司\电子书格式转换站\ebook-converter\数据分析\www.bookconv.com_IndexNowSubmittedUrls_2026_9_3.csv
url_submitted_bing,2026-09-03,https://www.bookconv.com/es/blog/epub-to-azw3,,,E:\一人公司\电子书格式转换站\ebook-converter\数据分析\www.bookconv.com_IndexNowSubmittedUrls_2026_9_3.csv
url_submitted_bing,2026-09-03,https://www.bookconv.com/es/blog/env-variables-setup,,,E:\一人公司\电子书格式转换站\ebook-converter\数据分析\www.bookconv.com_IndexNowSubmittedUrls_2026_9_3.csv
url_submitted_bing,2026-09-03,https://www.bookconv.com/es/blog/how-to-convert-epub-to-mobi,,,E:\一人公司\电子书格式转换站\ebook-converter\数据分析\www.bookconv.com_IndexNowSubmittedUrls_2026_9_3.csv
url_submitted_bing,2026-09-03,https://www.bookconv.com/es/guide/mobi-vs-azw3,,,E:\一人公司\电子书格式转换站\ebook-converter\数据分析\www.bookconv.com_IndexNowSubmittedUrls_2026_9_3.csv
url_submitted_bing,2026-09-03,https://www.bookconv.com/es/blog/tag/epub,,,E:\一人公司\电子书格式转换站\ebook-converter\数据分析\www.bookconv.com_IndexNowSubmittedUrls_2026_9_3.csv
url_submitted_bing,2026-09-03,https://www.bookconv.com/es/blog/tag/kindle,,,E:\一人公司\电子书格式转换站\ebook-converter\数据分析\www.bookconv.com_IndexNowSubmittedUrls_2026_9_3.csv
url_submitted_bing,2026-09-03,https://www.bookconv.com/es/blog/tag/mobi,,,E:\一人公司\电子书格式转换站\ebook-converter\数据分析\www.bookconv.com_IndexNowSubmittedUrls_2026_9_3.csv
url_submitted_bing,2026-09-03,https://www.bookconv.com/es/blog/tag/pdf,,,E:\一人公司\电子书格式转换站\ebook-converter\数据分析\www.bookconv.com_IndexNowSubmittedUrls_2026_9_3.csv
url_submitted_bing,2026-09-03,https://www.bookconv.com/es/blog/tag/azw3,,,E:\一人公司\电子书格式转换站\ebook-converter\数据分析\www.bookconv.com_IndexNowSubmittedUrls_2026_9_3.csv
url_submitted_bing,2026-09-03,https://www.bookconv.com/es/blog/tag/lit,,,E:\一人公司\电子书格式转换站\ebook-converter\数据分析\www.bookconv.com_IndexNowSubmittedUrls_2026_9_3.csv
url_submitted_bing,2026-09-03,https://www.bookconv.com/convert/epub-to-pdf%09CTR,,,E:\一人公司\电子书格式转换站\ebook-converter\数据分析\www.bookconv.com_SubmittedUrls_2026_9_3.csv
url_submitted_bing,2026-09-03,https://www.bookconv.com/blog/epub-to-azw3,,,E:\一人公司\电子书格式转换站\ebook-converter\数据分析\www.bookconv.com_SubmittedUrls_2026_9_3.csv
url_submitted_bing,2026-09-03,https://www.bookconv.com/convert/epub-to-azw3,,,E:\一人公司\电子书格式转换站\ebook-converter\数据分析\www.bookconv.com_SubmittedUrls_2026_9_3.csv
url_submitted_bing,2026-09-03,https://www.bookconv.com/convert/epub-to-txt%09CTR,,,E:\一人公司\电子书格式转换站\ebook-converter\数据分析\www.bookconv.com_SubmittedUrls_2026_9_3.csv
url_submitted_bing,2026-09-03,https://www.bookconv.com/,,,E:\一人公司\电子书格式转换站\ebook-converter\数据分析\www.bookconv.com_SubmittedUrls_2026_9_3.csv
page_updated,2026-09-04,https://www.bookconv.com/blog/azw3-epub-mobi-kindle-compatibility,,,E:\一人公司\电子书格式转换站\ebook-converter\src\data\blog\azw3-epub-mobi-kindle-compatibility.ts
page_updated,2026-09-04,https://www.bookconv.com/blog/azw3-epub-mobi-kindle,,,E:\一人公司\电子书格式转换站\ebook-converter\src\data\blog\azw3-epub-mobi-kindle.ts
page_updated,2026-09-04,https://www.bookconv.com/blog/epub-to-mobi-guide,,,E:\一人公司\电子书格式转换站\ebook-converter\src\data\blog\epub-to-mobi-guide.ts
page_updated,2026-09-04,https://www.bookconv.com/blog/epub-to-mobi,,,E:\一人公司\电子书格式转换站\ebook-converter\src\data\blog\epub-to-mobi.ts
page_updated,2026-09-04,https://www.bookconv.com/blog/epub-vs-mobi,,,E:\一人公司\电子书格式转换站\ebook-converter\src\data\blog\epub-vs-mobi.ts
page_updated,2026-09-04,https://www.bookconv.com/blog/mobi-to-epub,,,E:\一人公司\电子书格式转换站\ebook-converter\src\data\blog\mobi-to-epub.ts
ai_citation_increased,2026-09-04,bing_ai_total_citations,219.0,previous=133.0 on 2026-09-03,merged:AIPerformanceOverviewStats
bing_url_crawled,2026-09-04,https://www.bookconv.com/,,,E:\一人公司\电子书格式转换站\ebook-converter\数据分析\bing-url-status-2026-09-04.csv
bing_url_crawled,2026-09-04,https://www.bookconv.com/,,,E:\一人公司\电子书格式转换站\ebook-converter\数据分析\bing-url-status-EN-2026-09-04.csv
bing_url_discovered,2026-09-04,https://www.bookconv.com/terms,,,E:\一人公司\电子书格式转换站\ebook-converter\数据分析\bing-url-status-EN-2026-09-04.csv
bing_url_crawled,2026-09-04,https://www.bookconv.com/terms,,,E:\一人公司\电子书格式转换站\ebook-converter\数据分析\bing-url-status-EN-2026-09-04.csv
bing_url_crawled,2026-09-04,https://www.bookconv.com/blog/best-ebook-reader-apps,,,E:\一人公司\电子书格式转换站\ebook-converter\数据分析\bing-url-status-EN-2026-09-04.csv
bing_url_crawled,2026-09-04,https://www.bookconv.com/blog/kobo-to-epub,,,E:\一人公司\电子书格式转换站\ebook-converter\数据分析\bing-url-status-EN-2026-09-04.csv
bing_url_crawled,2026-09-04,https://www.bookconv.com/guide/fix-epub-to-pdf-formatting,,,E:\一人公司\电子书格式转换站\ebook-converter\数据分析\bing-url-status-EN-2026-09-04.csv
bing_url_discovered,2026-09-04,https://www.bookconv.com/terms,,,E:\一人公司\电子书格式转换站\ebook-converter\数据分析\bing-url-status-submitted16-2026-09-07.csv
bing_url_crawled,2026-09-04,https://www.bookconv.com/terms,,,E:\一人公司\电子书格式转换站\ebook-converter\数据分析\bing-url-status-submitted16-2026-09-07.csv
bing_url_discovered,2026-09-06,https://www.bookconv.com/convert/epub-to-png,,,E:\一人公司\电子书格式转换站\ebook-converter\数据分析\bing-url-status-EN-2026-09-04.csv
bing_url_crawled,2026-09-06,https://www.bookconv.com/convert/epub-to-png,,,E:\一人公司\电子书格式转换站\ebook-converter\数据分析\bing-url-status-EN-2026-09-04.csv
bing_url_crawled,2026-09-06,https://www.bookconv.com/guide/epub-to-txt-extract,,,E:\一人公司\电子书格式转换站\ebook-converter\数据分析\bing-url-status-EN-2026-09-04.csv
bing_url_crawled,2026-09-06,https://www.bookconv.com/guide/kindle-formats,,,E:\一人公司\电子书格式转换站\ebook-converter\数据分析\bing-url-status-EN-2026-09-04.csv
bing_url_discovered,2026-09-06,https://www.bookconv.com/convert/epub-to-png,,,E:\一人公司\电子书格式转换站\ebook-converter\数据分析\bing-url-status-submitted16-2026-09-07.csv
bing_url_crawled,2026-09-06,https://www.bookconv.com/convert/epub-to-png,,,E:\一人公司\电子书格式转换站\ebook-converter\数据分析\bing-url-status-submitted16-2026-09-07.csv
page_published,2026-09-07,https://www.bookconv.com/blog/harry-potter-digital-books-multiple-devices,,,E:\一人公司\电子书格式转换站\ebook-converter\src\data\blog\harry-potter-digital-books-multiple-devices.ts
